rgb,depth,mask,type,physical_id,placement_id,frame,occupancy,t,area_mm2,length_mm,width_mm,elongation,max_height_mm,mean_height_mm,p90_height_mm,height_std_mm,volume_mm3,invalid_depth_frac
needle\sim_needle_000\sim_needle_000_p000\rgb_00.png,needle\sim_needle_000\sim_needle_000_p000\depth_00.png,needle\sim_needle_000\sim_needle_000_p000\mask.png,needle,sim_needle_000,sim_needle_000_p000,0,ONE,1790365377.061,60.375,42.6488,5.8487,7.292,6.9837,3.6146,5.7909,2.0855,199.2547,0.0031
needle\sim_needle_000\sim_needle_000_p000\rgb_01.png,needle\sim_needle_000\sim_needle_000_p000\depth_01.png,needle\sim_needle_000\sim_needle_000_p000\mask.png,needle,sim_needle_000,sim_needle_000_p000,1,ONE,1790365377.279,59.75,42.6268,5.2606,8.1031,6.782,3.6516,5.7013,2.0268,198.1012,0.0031
needle\sim_needle_001\sim_needle_001_p000\rgb_00.png,needle\sim_needle_001\sim_needle_001_p000\depth_00.png,needle\sim_needle_001\sim_needle_001_p000\mask.png,needle,sim_needle_001,sim_needle_001_p000,0,ONE,1790365377.571,62.75,42.5761,5.3507,7.9571,7.1485,3.5098,5.6923,2.0787,206.1979,0.004
needle\sim_needle_001\sim_needle_001_p000\rgb_01.png,needle\sim_needle_001\sim_needle_001_p000\depth_01.png,needle\sim_needle_001\sim_needle_001_p000\mask.png,needle,sim_needle_001,sim_needle_001_p000,1,ONE,1790365377.795,63.125,42.5761,5.3507,7.9571,6.9156,3.5213,5.6385,2.0464,204.2366,0.0
needle\sim_needle_002\sim_needle_002_p000\rgb_00.png,needle\sim_needle_002\sim_needle_002_p000\depth_00.png,needle\sim_needle_002\sim_needle_002_p000\mask.png,needle,sim_needle_002,sim_needle_002_p000,0,ONE,1790365378.097,58.5625,42.6,5.25,8.1143,6.596,3.6527,5.6252,2.0347,199.0743,0.0053
needle\sim_needle_002\sim_needle_002_p000\rgb_01.png,needle\sim_needle_002\sim_needle_002_p000\depth_01.png,needle\sim_needle_002\sim_needle_002_p000\mask.png,needle,sim_needle_002,sim_needle_002_p000,1,ONE,1790365378.31,57.25,42.6,5.25,8.1143,7.0143,3.6507,5.6353,2.0042,196.9116,0.0033
needle\sim_needle_003\sim_needle_003_p000\rgb_00.png,needle\sim_needle_003\sim_needle_003_p000\depth_00.png,needle\sim_needle_003\sim_needle_003_p000\mask.png,needle,sim_needle_003,sim_needle_003_p000,0,ONE,1790365378.612,66.4375,42.6043,5.2495,8.1159,7.5867,3.3074,5.6272,2.1121,199.6823,0.0056
needle\sim_needle_003\sim_needle_003_p000\rgb_01.png,needle\sim_needle_003\sim_needle_003_p000\depth_01.png,needle\sim_needle_003\sim_needle_003_p000\mask.png,needle,sim_needle_003,sim_needle_003_p000,1,ONE,1790365378.83,67.5625,42.6268,5.9385,7.1781,6.8869,3.3548,5.6716,2.0955,201.5002,0.0046
syringe_with_fixed_needle\sim_syringe_with_fixed_needle_000\sim_syringe_with_fixed_needle_000_p000\rgb_00.png,syringe_with_fixed_needle\sim_syringe_with_fixed_needle_000\sim_syringe_with_fixed_needle_000_p000\depth_00.png,syringe_with_fixed_needle\sim_syringe_with_fixed_needle_000\sim_syringe_with_fixed_needle_000_p000\mask.png,syringe_with_fixed_needle,sim_syringe_with_fixed_needle_000,sim_syringe_with_fixed_needle_000_p000,0,ONE,1790365379.121,921.875,115.0063,13.1974,8.7143,14.8036,10.9306,12.7457,2.5756,9922.25,0.0012
syringe_with_fixed_needle\sim_syringe_with_fixed_needle_000\sim_syringe_with_fixed_needle_000_p000\rgb_01.png,syringe_with_fixed_needle\sim_syringe_with_fixed_needle_000\sim_syringe_with_fixed_needle_000_p000\depth_01.png,syringe_with_fixed_needle\sim_syringe_with_fixed_needle_000\sim_syringe_with_fixed_needle_000_p000\mask.png,syringe_with_fixed_needle,sim_syringe_with_fixed_needle_000,sim_syringe_with_fixed_needle_000_p000,1,ONE,1790365379.345,923.5,114.0,13.75,8.2909,14.3495,10.9153,12.7456,2.5952,9917.9092,0.0017
syringe_with_fixed_needle\sim_syringe_with_fixed_needle_001\sim_syringe_with_fixed_needle_001_p000\rgb_00.png,syringe_with_fixed_needle\sim_syringe_with_fixed_needle_001\sim_syringe_with_fixed_needle_001_p000\depth_00.png,syringe_with_fixed_needle\sim_syringe_with_fixed_needle_001\sim_syringe_with_fixed_needle_001_p000\mask.png,syringe_with_fixed_needle,sim_syringe_with_fixed_needle_001,sim_syringe_with_fixed_needle_001_p000,0,ONE,1790365379.643,925.5625,114.2173,13.2755,8.6036,14.6926,10.9382,12.7318,2.5499,9941.4941,0.0011
syringe_with_fixed_needle\sim_syringe_with_fixed_needle_001\sim_syringe_with_fixed_needle_001_p000\rgb_01.png,syringe_with_fixed_needle\sim_syringe_with_fixed_needle_001\sim_syringe_with_fixed_needle_001_p000\depth_01.png,syringe_with_fixed_needle\sim_syringe_with_fixed_needle_001\sim_syringe_with_fixed_needle_001_p000\mask.png,syringe_with_fixed_needle,sim_syringe_with_fixed_needle_001,sim_syringe_with_fixed_needle_001_p000,1,ONE,1790365379.862,927.25,114.2202,14.3556,7.9565,14.424,10.9257,12.7501,2.5853,9943.7129,0.0013
syringe_with_fixed_needle\sim_syringe_with_fixed_needle_002\sim_syringe_with_fixed_needle_002_p000\rgb_00.png,syringe_with_fixed_needle\sim_syringe_with_fixed_needle_002\sim_syringe_with_fixed_needle_002_p000\depth_00.png,syringe_with_fixed_needle\sim_syringe_with_fixed_needle_002\sim_syringe_with_fixed_needle_002_p000\mask.png,syringe_with_fixed_needle,sim_syringe_with_fixed_needle_002,sim_syringe_with_fixed_needle_002_p000,0,ONE,1790365380.149,921.1875,114.0513,13.4604,8.4731,14.334,10.8961,12.7399,2.6295,9863.7012,0.0018
syringe_with_fixed_needle\sim_syringe_with_fixed_needle_002\sim_syringe_with_fixed_needle_002_p000\rgb_01.png,syringe_with_fixed_needle\sim_syringe_with_fixed_needle_002\sim_syringe_with_fixed_needle_002_p000\depth_01.png,syringe_with_fixed_needle\sim_syringe_with_fixed_needle_002\sim_syringe_with_fixed_needle_002_p000\mask.png,syringe_with_fixed_needle,sim_syringe_with_fixed_needle_002,sim_syringe_with_fixed_needle_002_p000,1,ONE,1790365380.364,926.75,114.0849,14.2509,8.0055,14.9179,10.8544,12.7251,2.6852,9861.2324,0.0013
syringe_with_fixed_needle\sim_syringe_with_fixed_needle_003\sim_syringe_with_fixed_needle_003_p000\rgb_00.png,syringe_with_fixed_needle\sim_syringe_with_fixed_needle_003\sim_syringe_with_fixed_needle_003_p000\depth_00.png,syringe_with_fixed_needle\sim_syringe_with_fixed_needle_003\sim_syringe_with_fixed_needle_003_p000\mask.png,syringe_with_fixed_needle,sim_syringe_with_fixed_needle_003,sim_syringe_with_fixed_needle_003_p000,0,ONE,1790365380.661,917.5625,114.3328,13.1519,8.6933,14.4781,10.9125,12.736,2.5733,9867.6113,0.0014
syringe_with_fixed_needle\sim_syringe_with_fixed_needle_003\sim_syringe_with_fixed_needle_003_p000\rgb_01.png,syringe_with_fixed_needle\sim_syringe_with_fixed_needle_003\sim_syringe_with_fixed_needle_003_p000\depth_01.png,syringe_with_fixed_needle\sim_syringe_with_fixed_needle_003\sim_syringe_with_fixed_needle_003_p000\mask.png,syringe_with_fixed_needle,sim_syringe_with_fixed_needle_003,sim_syringe_with_fixed_needle_003_p000,1,ONE,1790365380.873,922.4375,115.1692,14.5605,7.9097,15.0172,10.898,12.7389,2.6066,9881.0508,0.0013
scalpel_blade\sim_scalpel_blade_000\sim_scalpel_blade_000_p000\rgb_00.png,scalpel_blade\sim_scalpel_blade_000\sim_scalpel_blade_000_p000\depth_00.png,scalpel_blade\sim_scalpel_blade_000\sim_scalpel_blade_000_p000\mask.png,scalpel_blade,sim_scalpel_blade_000,sim_scalpel_blade_000_p000,0,ONE,1790365381.175,620.5,58.2546,11.5353,5.0501,7.2015,4.9682,5.8163,0.7835,400.873,0.8612
scalpel_blade\sim_scalpel_blade_000\sim_scalpel_blade_000_p000\rgb_01.png,scalpel_blade\sim_scalpel_blade_000\sim_scalpel_blade_000_p000\depth_01.png,scalpel_blade\sim_scalpel_blade_000\sim_scalpel_blade_000_p000\mask.png,scalpel_blade,sim_scalpel_blade_000,sim_scalpel_blade_000_p000,1,ONE,1790365381.388,624.0625,58.9704,13.0309,4.5254,7.0638,4.885,5.8682,0.9847,401.1768,0.8565
scalpel_blade\sim_scalpel_blade_001\sim_scalpel_blade_001_p000\rgb_00.png,scalpel_blade\sim_scalpel_blade_001\sim_scalpel_blade_001_p000\depth_00.png,scalpel_blade\sim_scalpel_blade_001\sim_scalpel_blade_001_p000\mask.png,scalpel_blade,sim_scalpel_blade_001,sim_scalpel_blade_001_p000,0,ONE,1790365381.66,628.375,59.0683,12.2255,4.8316,7.0395,4.9239,5.8559,0.9012,407.1467,0.8588
scalpel_blade\sim_scalpel_blade_001\sim_scalpel_blade_001_p000\rgb_01.png,scalpel_blade\sim_scalpel_blade_001\sim_scalpel_blade_001_p000\depth_01.png,scalpel_blade\sim_scalpel_blade_001\sim_scalpel_blade_001_p000\mask.png,scalpel_blade,sim_scalpel_blade_001,sim_scalpel_blade_001_p000,1,ONE,1790365381.866,627.9375,58.9405,12.1899,4.8352,7.5088,4.8784,5.8561,0.9682,405.8203,0.859
scalpel_blade\sim_scalpel_blade_002\sim_scalpel_blade_002_p000\rgb_00.png,scalpel_blade\sim_scalpel_blade_002\sim_scalpel_blade_002_p000\depth_00.png,scalpel_blade\sim_scalpel_blade_002\sim_scalpel_blade_002_p000\mask.png,scalpel_blade,sim_scalpel_blade_002,sim_scalpel_blade_002_p000,0,ONE,1790365382.127,621.8125,58.1794,11.3749,5.1147,7.3375,4.9314,5.8152,0.8069,408.3835,0.8574
scalpel_blade\sim_scalpel_blade_002\sim_scalpel_blade_002_p000\rgb_01.png,scalpel_blade\sim_scalpel_blade_002\sim_scalpel_blade_002_p000\depth_01.png,scalpel_blade\sim_scalpel_blade_002\sim_scalpel_blade_002_p000\mask.png,scalpel_blade,sim_scalpel_blade_002,sim_scalpel_blade_002_p000,1,ONE,1790365382.333,622.6875,58.8603,11.7894,4.9927,7.0159,4.8769,5.8036,0.9202,407.2245,0.8568
scalpel_blade\sim_scalpel_blade_003\sim_scalpel_blade_003_p000\rgb_00.png,scalpel_blade\sim_scalpel_blade_003\sim_scalpel_blade_003_p000\depth_00.png,scalpel_blade\sim_scalpel_blade_003\sim_scalpel_blade_003_p000\mask.png,scalpel_blade,sim_scalpel_blade_003,sim_scalpel_blade_003_p000,0,ONE,1790365382.597,622.8125,58.3209,12.4619,4.6799,6.9565,4.8802,5.7924,0.87,400.7856,0.8578
scalpel_blade\sim_scalpel_blade_003\sim_scalpel_blade_003_p000\rgb_01.png,scalpel_blade\sim_scalpel_blade_003\sim_scalpel_blade_003_p000\depth_01.png,scalpel_blade\sim_scalpel_blade_003\sim_scalpel_blade_003_p000\mask.png,scalpel_blade,sim_scalpel_blade_003,sim_scalpel_blade_003_p000,1,ONE,1790365382.799,622.375,58.5575,11.8024,4.9615,6.95,4.9106,5.8015,0.8943,404.5127,0.8581
lancet\sim_lancet_000\sim_lancet_000_p000\rgb_00.png,lancet\sim_lancet_000\sim_lancet_000_p000\depth_00.png,lancet\sim_lancet_000\sim_lancet_000_p000\mask.png,lancet,sim_lancet_000,sim_lancet_000_p000,0,ONE,1790365383.066,206.125,28.7446,7.5391,3.8127,6.176,3.9051,4.8024,0.8231,794.1985,0.0006
lancet\sim_lancet_000\sim_lancet_000_p000\rgb_01.png,lancet\sim_lancet_000\sim_lancet_000_p000\depth_01.png,lancet\sim_lancet_000\sim_lancet_000_p000\mask.png,lancet,sim_lancet_000,sim_lancet_000_p000,1,ONE,1790365383.278,208.0,28.9627,8.9465,3.2373,6.0168,3.9126,4.809,0.8325,799.8804,0.0006
lancet\sim_lancet_001\sim_lancet_001_p000\rgb_00.png,lancet\sim_lancet_001\sim_lancet_001_p000\depth_00.png,lancet\sim_lancet_001\sim_lancet_001_p000\mask.png,lancet,sim_lancet_001,sim_lancet_001_p000,0,ONE,1790365383.557,206.5,28.6135,7.3342,3.9014,6.1317,3.9143,4.8123,0.8004,797.7906,0.0006
lancet\sim_lancet_001\sim_lancet_001_p000\rgb_01.png,lancet\sim_lancet_001\sim_lancet_001_p000\depth_01.png,lancet\sim_lancet_001\sim_lancet_001_p000\mask.png,lancet,sim_lancet_001,sim_lancet_001_p000,1,ONE,1790365383.775,208.0625,29.0125,8.1896,3.5426,6.0482,3.8887,4.8032,0.8493,797.1924,0.0009
lancet\sim_lancet_002\sim_lancet_002_p000\rgb_00.png,lancet\sim_lancet_002\sim_lancet_002_p000\depth_00.png,lancet\sim_lancet_002\sim_lancet_002_p000\mask.png,lancet,sim_lancet_002,sim_lancet_002_p000,0,ONE,1790365384.048,206.125,28.3719,7.3801,3.8444,6.637,3.9369,4.8272,0.8127,800.179,0.0006
lancet\sim_lancet_002\sim_lancet_002_p000\rgb_01.png,lancet\sim_lancet_002\sim_lancet_002_p000\depth_01.png,lancet\sim_lancet_002\sim_lancet_002_p000\mask.png,lancet,sim_lancet_002,sim_lancet_002_p000,1,ONE,1790365384.266,206.625,28.3737,7.8748,3.6031,6.024,3.9268,4.8211,0.8201,799.3445,0.0012
lancet\sim_lancet_003\sim_lancet_003_p000\rgb_00.png,lancet\sim_lancet_003\sim_lancet_003_p000\depth_00.png,lancet\sim_lancet_003\sim_lancet_003_p000\mask.png,lancet,sim_lancet_003,sim_lancet_003_p000,0,ONE,1790365384.558,205.0,28.3109,7.3801,3.8361,6.1958,3.9283,4.7991,0.7818,794.2626,0.0003
lancet\sim_lancet_003\sim_lancet_003_p000\rgb_01.png,lancet\sim_lancet_003\sim_lancet_003_p000\depth_01.png,lancet\sim_lancet_003\sim_lancet_003_p000\mask.png,lancet,sim_lancet_003,sim_lancet_003_p000,1,ONE,1790365384.775,206.25,28.3109,8.2173,3.4453,6.3047,3.9016,4.7868,0.8165,792.5084,0.0027
syringe_without_needle\sim_syringe_without_needle_000\sim_syringe_without_needle_000_p000\rgb_00.png,syringe_without_needle\sim_syringe_without_needle_000\sim_syringe_without_needle_000_p000\depth_00.png,syringe_without_needle\sim_syringe_without_needle_000\sim_syringe_without_needle_000_p000\mask.png,syringe_without_needle,sim_syringe_without_needle_000,sim_syringe_without_needle_000_p000,0,ONE,1790365385.051,1102.125,86.0867,14.6652,5.8701,15.3749,12.4247,13.7612,1.7067,13521.9922,0.001
syringe_without_needle\sim_syringe_without_needle_000\sim_syringe_without_needle_000_p000\rgb_01.png,syringe_without_needle\sim_syringe_without_needle_000\sim_syringe_without_needle_000_p000\depth_01.png,syringe_without_needle\sim_syringe_without_needle_000\sim_syringe_without_needle_000_p000\mask.png,syringe_without_needle,sim_syringe_without_needle_000,sim_syringe_without_needle_000_p000,1,ONE,1790365385.259,1100.5,85.3913,15.0068,5.6902,15.5716,12.418,13.766,1.7108,13511.5176,0.0011
syringe_without_needle\sim_syringe_without_needle_001\sim_syringe_without_needle_001_p000\rgb_00.png,syringe_without_needle\sim_syringe_without_needle_001\sim_syringe_without_needle_001_p000\depth_00.png,syringe_without_needle\sim_syringe_without_needle_001\sim_syringe_without_needle_001_p000\mask.png,syringe_without_needle,sim_syringe_without_needle_001,sim_syringe_without_needle_001_p000,0,ONE,1790365385.535,1096.125,85.4508,14.8814,5.7421,15.4214,12.3992,13.7534,1.8158,13443.8145,0.001
syringe_without_needle\sim_syringe_without_needle_001\sim_syringe_without_needle_001_p000\rgb_01.png,syringe_without_needle\sim_syringe_without_needle_001\sim_syringe_without_needle_001_p000\depth_01.png,syringe_without_needle\sim_syringe_without_needle_001\sim_syringe_without_needle_001_p000\mask.png,syringe_without_needle,sim_syringe_without_needle_001,sim_syringe_without_needle_001_p000,1,ONE,1790365385.744,1094.125,86.0029,14.3775,5.9818,15.3223,12.4232,13.764,1.7455,13445.7383,0.001
syringe_without_needle\sim_syringe_without_needle_002\sim_syringe_without_needle_002_p000\rgb_00.png,syringe_without_needle\sim_syringe_without_needle_002\sim_syringe_without_needle_002_p000\depth_00.png,syringe_without_needle\sim_syringe_without_needle_002\sim_syringe_without_needle_002_p000\mask.png,syringe_without_needle,sim_syringe_without_needle_002,sim_syringe_without_needle_002_p000,0,ONE,1790365386.01,1098.875,85.5297,14.4002,5.9395,15.5317,12.4246,13.7596,1.7348,13516.3711,0.001
syringe_without_needle\sim_syringe_without_needle_002\sim_syringe_without_needle_002_p000\rgb_01.png,syringe_without_needle\sim_syringe_without_needle_002\sim_syringe_without_needle_002_p000\depth_01.png,syringe_without_needle\sim_syringe_without_needle_002\sim_syringe_without_needle_002_p000\mask.png,syringe_without_needle,sim_syringe_without_needle_002,sim_syringe_without_needle_002_p000,1,ONE,1790365386.229,1102.3125,85.4483,14.8892,5.7389,15.4755,12.4072,13.7478,1.7786,13506.8418,0.0014
syringe_without_needle\sim_syringe_without_needle_003\sim_syringe_without_needle_003_p000\rgb_00.png,syringe_without_needle\sim_syringe_without_needle_003\sim_syringe_without_needle_003_p000\depth_00.png,syringe_without_needle\sim_syringe_without_needle_003\sim_syringe_without_needle_003_p000\mask.png,syringe_without_needle,sim_syringe_without_needle_003,sim_syringe_without_needle_003_p000,0,ONE,1790365386.499,1091.9375,86.2511,14.671,5.879,15.4052,12.4202,13.7763,1.7385,13423.1133,0.0009
syringe_without_needle\sim_syringe_without_needle_003\sim_syringe_without_needle_003_p000\rgb_01.png,syringe_without_needle\sim_syringe_without_needle_003\sim_syringe_without_needle_003_p000\depth_01.png,syringe_without_needle\sim_syringe_without_needle_003\sim_syringe_without_needle_003_p000\mask.png,syringe_without_needle,sim_syringe_without_needle_003,sim_syringe_without_needle_003_p000,1,ONE,1790365386.72,1095.5,86.4055,15.5226,5.5664,15.4872,12.395,13.7502,1.8049,13417.5635,0.0012
iv_set_tubing\sim_iv_set_tubing_000\sim_iv_set_tubing_000_p000\rgb_00.png,iv_set_tubing\sim_iv_set_tubing_000\sim_iv_set_tubing_000_p000\depth_00.png,iv_set_tubing\sim_iv_set_tubing_000\sim_iv_set_tubing_000_p000\mask.png,iv_set_tubing,sim_iv_set_tubing_000,sim_iv_set_tubing_000_p000,0,ONE,1790365386.98,582.5,100.3023,13.091,7.6619,12.1636,6.2608,10.4213,3.0828,3551.8425,0.0016
iv_set_tubing\sim_iv_set_tubing_000\sim_iv_set_tubing_000_p000\rgb_01.png,iv_set_tubing\sim_iv_set_tubing_000\sim_iv_set_tubing_000_p000\depth_01.png,iv_set_tubing\sim_iv_set_tubing_000\sim_iv_set_tubing_000_p000\mask.png,iv_set_tubing,sim_iv_set_tubing_000,sim_iv_set_tubing_000_p000,1,ONE,1790365387.192,584.125,100.3023,12.349,8.1223,12.4695,6.2404,10.4139,3.0949,3552.7441,0.0013
iv_set_tubing\sim_iv_set_tubing_001\sim_iv_set_tubing_001_p000\rgb_00.png,iv_set_tubing\sim_iv_set_tubing_001\sim_iv_set_tubing_001_p000\depth_00.png,iv_set_tubing\sim_iv_set_tubing_001\sim_iv_set_tubing_001_p000\mask.png,iv_set_tubing,sim_iv_set_tubing_001,sim_iv_set_tubing_001_p000,0,ONE,1790365387.447,574.8125,100.2324,13.0815,7.6622,12.1144,6.269,10.3858,3.0911,3522.3965,0.0014
iv_set_tubing\sim_iv_set_tubing_001\sim_iv_set_tubing_001_p000\rgb_01.png,iv_set_tubing\sim_iv_set_tubing_001\sim_iv_set_tubing_001_p000\depth_01.png,iv_set_tubing\sim_iv_set_tubing_001\sim_iv_set_tubing_001_p000\mask.png,iv_set_tubing,sim_iv_set_tubing_001,sim_iv_set_tubing_001_p000,1,ONE,1790365387.659,576.3125,100.2972,13.4767,7.4423,12.1273,6.2373,10.3937,3.1116,3508.8877,0.001
iv_set_tubing\sim_iv_set_tubing_002\sim_iv_set_tubing_002_p000\rgb_00.png,iv_set_tubing\sim_iv_set_tubing_002\sim_iv_set_tubing_002_p000\depth_00.png,iv_set_tubing\sim_iv_set_tubing_002\sim_iv_set_tubing_002_p000\mask.png,iv_set_tubing,sim_iv_set_tubing_002,sim_iv_set_tubing_002_p000,0,ONE,1790365387.913,584.3125,100.3632,12.4068,8.0894,12.1636,6.2487,10.4237,3.0919,3562.1606,0.0019
iv_set_tubing\sim_iv_set_tubing_002\sim_iv_set_tubing_002_p000\rgb_01.png,iv_set_tubing\sim_iv_set_tubing_002\sim_iv_set_tubing_002_p000\depth_01.png,iv_set_tubing\sim_iv_set_tubing_002\sim_iv_set_tubing_002_p000\mask.png,iv_set_tubing,sim_iv_set_tubing_002,sim_iv_set_tubing_002_p000,1,ONE,1790365388.122,585.4375,100.9792,12.9303,7.8095,12.5241,6.2444,10.4339,3.1046,3565.5762,0.0014
iv_set_tubing\sim_iv_set_tubing_003\sim_iv_set_tubing_003_p000\rgb_00.png,iv_set_tubing\sim_iv_set_tubing_003\sim_iv_set_tubing_003_p000\depth_00.png,iv_set_tubing\sim_iv_set_tubing_003\sim_iv_set_tubing_003_p000\mask.png,iv_set_tubing,sim_iv_set_tubing_003,sim_iv_set_tubing_003_p000,0,ONE,1790365388.38,594.3125,100.8919,13.3222,7.5732,12.1701,6.2061,10.4195,3.0893,3592.1775,0.0011
iv_set_tubing\sim_iv_set_tubing_003\sim_iv_set_tubing_003_p000\rgb_01.png,iv_set_tubing\sim_iv_set_tubing_003\sim_iv_set_tubing_003_p000\depth_01.png,iv_set_tubing\sim_iv_set_tubing_003\sim_iv_set_tubing_003_p000\mask.png,iv_set_tubing,sim_iv_set_tubing_003,sim_iv_set_tubing_003_p000,1,ONE,1790365388.586,593.875,100.3527,13.2747,7.5597,12.1534,6.1973,10.3913,3.0942,3589.012,0.0019
catheter\sim_catheter_000\sim_catheter_000_p000\rgb_00.png,catheter\sim_catheter_000\sim_catheter_000_p000\depth_00.png,catheter\sim_catheter_000\sim_catheter_000_p000\mask.png,catheter,sim_catheter_000,sim_catheter_000_p000,0,ONE,1790365388.841,451.125,105.1977,13.7483,7.6517,10.3941,4.5999,8.3572,2.5113,2019.942,0.0017
catheter\sim_catheter_000\sim_catheter_000_p000\rgb_01.png,catheter\sim_catheter_000\sim_catheter_000_p000\depth_01.png,catheter\sim_catheter_000\sim_catheter_000_p000\mask.png,catheter,sim_catheter_000,sim_catheter_000_p000,1,ONE,1790365389.059,449.0625,105.3362,12.1892,8.6417,10.0961,4.5734,8.2999,2.4998,2009.1636,0.0013
catheter\sim_catheter_001\sim_catheter_001_p000\rgb_00.png,catheter\sim_catheter_001\sim_catheter_001_p000\depth_00.png,catheter\sim_catheter_001\sim_catheter_001_p000\mask.png,catheter,sim_catheter_001,sim_catheter_001_p000,0,ONE,1790365389.326,445.75,105.2248,12.1748,8.6429,10.1767,4.5992,8.3449,2.5237,1996.6392,0.0015
catheter\sim_catheter_001\sim_catheter_001_p000\rgb_01.png,catheter\sim_catheter_001\sim_catheter_001_p000\depth_01.png,catheter\sim_catheter_001\sim_catheter_001_p000\mask.png,catheter,sim_catheter_001,sim_catheter_001_p000,1,ONE,1790365389.525,446.3125,105.2248,12.1748,8.6429,10.2773,4.5942,8.3376,2.5096,1995.0132,0.0025
catheter\sim_catheter_002\sim_catheter_002_p000\rgb_00.png,catheter\sim_catheter_002\sim_catheter_002_p000\depth_00.png,catheter\sim_catheter_002\sim_catheter_002_p000\mask.png,catheter,sim_catheter_002,sim_catheter_002_p000,0,ONE,1790365389.787,446.5625,105.25,12.15,8.6626,9.9617,4.5833,8.3387,2.5292,1994.3103,0.0021
catheter\sim_catheter_002\sim_catheter_002_p000\rgb_01.png,catheter\sim_catheter_002\sim_catheter_002_p000\depth_01.png,catheter\sim_catheter_002\sim_catheter_002_p000\mask.png,catheter,sim_catheter_002,sim_catheter_002_p000,1,ONE,1790365390.0,448.0,105.25,12.15,8.6626,10.1387,4.61,8.3363,2.5133,2003.9097,0.0025
catheter\sim_catheter_003\sim_catheter_003_p000\rgb_00.png,catheter\sim_catheter_003\sim_catheter_003_p000\depth_00.png,catheter\sim_catheter_003\sim_catheter_003_p000\mask.png,catheter,sim_catheter_003,sim_catheter_003_p000,0,ONE,1790365390.264,450.75,106.2434,12.1764,8.7254,10.5985,4.5873,8.3282,2.498,2014.1216,0.0012
catheter\sim_catheter_003\sim_catheter_003_p000\rgb_01.png,catheter\sim_catheter_003\sim_catheter_003_p000\depth_01.png,catheter\sim_catheter_003\sim_catheter_003_p000\mask.png,catheter,sim_catheter_003,sim_catheter_003_p000,1,ONE,1790365390.476,452.9375,105.5857,12.425,8.4978,11.2716,4.5531,8.3408,2.5304,2014.4507,0.003
needle\sim_needle_000\sim_needle_000_p001\rgb_00.png,needle\sim_needle_000\sim_needle_000_p001\depth_00.png,needle\sim_needle_000\sim_needle_000_p001\mask.png,needle,sim_needle_000,sim_needle_000_p001,0,ONE,1790365407.769,63.0,42.6907,5.2968,8.0597,6.7679,3.5001,5.6219,2.0743,202.3514,0.005
needle\sim_needle_000\sim_needle_000_p001\rgb_01.png,needle\sim_needle_000\sim_needle_000_p001\depth_01.png,needle\sim_needle_000\sim_needle_000_p001\mask.png,needle,sim_needle_000,sim_needle_000_p001,1,ONE,1790365407.982,63.1875,42.6907,5.2968,8.0597,6.6315,3.4827,5.6594,2.0732,202.8693,0.002
needle\sim_needle_001\sim_needle_001_p001\rgb_00.png,needle\sim_needle_001\sim_needle_001_p001\depth_00.png,needle\sim_needle_001\sim_needle_001_p001\mask.png,needle,sim_needle_001,sim_needle_001_p001,0,ONE,1790365408.259,61.625,43.3725,5.2557,8.2525,6.8242,3.4611,5.5805,2.0649,196.6337,0.002
needle\sim_needle_001\sim_needle_001_p001\rgb_01.png,needle\sim_needle_001\sim_needle_001_p001\depth_01.png,needle\sim_needle_001\sim_needle_001_p001\mask.png,needle,sim_needle_001,sim_needle_001_p001,1,ONE,1790365408.467,64.25,42.654,6.4266,6.6371,6.8989,3.4597,5.6437,2.0788,200.2305,0.0039
needle\sim_needle_002\sim_needle_002_p001\rgb_00.png,needle\sim_needle_002\sim_needle_002_p001\depth_00.png,needle\sim_needle_002\sim_needle_002_p001\mask.png,needle,sim_needle_002,sim_needle_002_p001,0,ONE,1790365408.736,62.0625,42.5783,5.3758,7.9203,6.7726,3.5435,5.6947,2.0759,204.6388,0.002
needle\sim_needle_002\sim_needle_002_p001\rgb_01.png,needle\sim_needle_002\sim_needle_002_p001\depth_01.png,needle\sim_needle_002\sim_needle_002_p001\mask.png,needle,sim_needle_002,sim_needle_002_p001,1,ONE,1790365408.94,63.1875,42.5783,5.3758,7.9203,7.3604,3.5254,5.6509,2.0532,205.3575,0.001
needle\sim_needle_003\sim_needle_003_p001\rgb_00.png,needle\sim_needle_003\sim_needle_003_p001\depth_00.png,needle\sim_needle_003\sim_needle_003_p001\mask.png,needle,sim_needle_003,sim_needle_003_p001,0,ONE,1790365409.229,60.5,42.4207,5.4083,7.8436,7.0392,3.6015,5.6188,2.0448,202.5853,0.001
needle\sim_needle_003\sim_needle_003_p001\rgb_01.png,needle\sim_needle_003\sim_needle_003_p001\depth_01.png,needle\sim_needle_003\sim_needle_003_p001\mask.png,needle,sim_needle_003,sim_needle_003_p001,1,ONE,1790365409.423,61.875,42.5,5.25,8.0952,6.75,3.5531,5.5809,2.0222,201.6393,0.002
syringe_with_fixed_needle\sim_syringe_with_fixed_needle_000\sim_syringe_with_fixed_needle_000_p001\rgb_00.png,syringe_with_fixed_needle\sim_syringe_with_fixed_needle_000\sim_syringe_with_fixed_needle_000_p001\depth_00.png,syringe_with_fixed_needle\sim_syringe_with_fixed_needle_000\sim_syringe_with_fixed_needle_000_p001\mask.png,syringe_with_fixed_needle,sim_syringe_with_fixed_needle_000,sim_syringe_with_fixed_needle_000_p001,0,ONE,1790365409.718,929.1875,114.2219,13.869,8.2358,14.2757,10.9037,12.7329,2.6119,9931.9307,0.0012
syringe_with_fixed_needle\sim_syringe_with_fixed_needle_000\sim_syringe_with_fixed_needle_000_p001\rgb_01.png,syringe_with_fixed_needle\sim_syringe_with_fixed_needle_000\sim_syringe_with_fixed_needle_000_p001\depth_01.png,syringe_with_fixed_needle\sim_syringe_with_fixed_needle_000\sim_syringe_with_fixed_needle_000_p001\mask.png,syringe_with_fixed_needle,sim_syringe_with_fixed_needle_000,sim_syringe_with_fixed_needle_000_p001,1,ONE,1790365409.93,925.5,114.1918,13.617,8.386,14.3718,10.9091,12.7401,2.5963,9933.4189,0.0009
needle\sim_needle_000\sim_needle_000_p002\rgb_00.png,needle\sim_needle_000\sim_needle_000_p002\depth_00.png,needle\sim_needle_000\sim_needle_000_p002\mask.png,needle,sim_needle_000,sim_needle_000_p002,0,ONE,1790365424.849,63.875,42.8,5.65,7.5752,6.9152,3.5011,5.608,2.0737,205.4688,0.002
needle\sim_needle_000\sim_needle_000_p002\rgb_01.png,needle\sim_needle_000\sim_needle_000_p002\depth_01.png,needle\sim_needle_000\sim_needle_000_p002\mask.png,needle,sim_needle_000,sim_needle_000_p002,1,ONE,1790365425.062,61.625,42.7785,5.3501,7.9959,6.9246,3.5918,5.5928,2.0137,203.8344,0.002
needle\sim_needle_001\sim_needle_001_p002\rgb_00.png,needle\sim_needle_001\sim_needle_001_p002\depth_00.png,needle\sim_needle_001\sim_needle_001_p002\mask.png,needle,sim_needle_001,sim_needle_001_p002,0,ONE,1790365425.365,62.8125,42.499,5.9981,7.0854,7.1437,3.4561,5.6329,2.0995,199.5873,0.002
needle\sim_needle_001\sim_needle_001_p002\rgb_01.png,needle\sim_needle_001\sim_needle_001_p002\depth_01.png,needle\sim_needle_001\sim_needle_001_p002\mask.png,needle,sim_needle_001,sim_needle_001_p002,1,ONE,1790365425.571,61.875,42.6659,5.3154,8.0268,6.8911,3.446,5.6028,2.0854,199.4367,0.001
needle\sim_needle_002\sim_needle_002_p002\rgb_00.png,needle\sim_needle_002\sim_needle_002_p002\depth_00.png,needle\sim_needle_002\sim_needle_002_p002\mask.png,needle,sim_needle_002,sim_needle_002_p002,0,ONE,1790365425.886,63.5,42.5439,5.3955,7.8851,7.3454,3.4186,5.6358,2.0974,200.1996,0.0039
needle\sim_needle_002\sim_needle_002_p002\rgb_01.png,needle\sim_needle_002\sim_needle_002_p002\depth_01.png,needle\sim_needle_002\sim_needle_002_p002\mask.png,needle,sim_needle_002,sim_needle_002_p002,1,ONE,1790365426.116,62.1875,43.2571,5.6436,7.6648,6.839,3.4955,5.6452,2.0581,199.9011,0.003
needle\sim_needle_003\sim_needle_003_p002\rgb_00.png,needle\sim_needle_003\sim_needle_003_p002\depth_00.png,needle\sim_needle_003\sim_needle_003_p002\mask.png,needle,sim_needle_003,sim_needle_003_p002,0,ONE,1790365426.413,60.5,42.699,5.3955,7.9138,6.749,3.5639,5.6564,2.0191,200.023,0.0
needle\sim_needle_003\sim_needle_003_p002\rgb_01.png,needle\sim_needle_003\sim_needle_003_p002\depth_01.png,needle\sim_needle_003\sim_needle_003_p002\mask.png,needle,sim_needle_003,sim_needle_003_p002,1,ONE,1790365426.625,61.4375,42.6603,5.3593,7.96,7.1678,3.5711,5.6671,2.0531,202.2112,0.001
syringe_with_fixed_needle\sim_syringe_with_fixed_needle_000\sim_syringe_with_fixed_needle_000_p002\rgb_00.png,syringe_with_fixed_needle\sim_syringe_with_fixed_needle_000\sim_syringe_with_fixed_needle_000_p002\depth_00.png,syringe_with_fixed_needle\sim_syringe_with_fixed_needle_000\sim_syringe_with_fixed_needle_000_p002\mask.png,syringe_with_fixed_needle,sim_syringe_with_fixed_needle_000,sim_syringe_with_fixed_needle_000_p002,0,ONE,1790365426.922,925.0,114.2651,13.1551,8.686,14.4619,10.8869,12.7365,2.6361,9914.5332,0.001
syringe_with_fixed_needle\sim_syringe_with_fixed_needle_000\sim_syringe_with_fixed_needle_000_p002\rgb_01.png,syringe_with_fixed_needle\sim_syringe_with_fixed_needle_000\sim_syringe_with_fixed_needle_000_p002\depth_01.png,syringe_with_fixed_needle\sim_syringe_with_fixed_needle_000\sim_syringe_with_fixed_needle_000_p002\mask.png,syringe_with_fixed_needle,sim_syringe_with_fixed_needle_000,sim_syringe_with_fixed_needle_000_p002,1,ONE,1790365427.14,923.9375,114.2893,13.8483,8.2529,14.6995,10.8867,12.7247,2.6178,9904.8711,0.0013
syringe_with_fixed_needle\sim_syringe_with_fixed_needle_001\sim_syringe_with_fixed_needle_001_p001\rgb_00.png,syringe_with_fixed_needle\sim_syringe_with_fixed_needle_001\sim_syringe_with_fixed_needle_001_p001\depth_00.png,syringe_with_fixed_needle\sim_syringe_with_fixed_needle_001\sim_syringe_with_fixed_needle_001_p001\mask.png,syringe_with_fixed_needle,sim_syringe_with_fixed_needle_001,sim_syringe_with_fixed_needle_001_p001,0,ONE,1790365427.431,921.875,114.1651,12.9336,8.827,14.6583,10.9384,12.7414,2.5455,9888.9883,0.0016
syringe_with_fixed_needle\sim_syringe_with_fixed_needle_001\sim_syringe_with_fixed_needle_001_p001\rgb_01.png,syringe_with_fixed_needle\sim_syringe_with_fixed_needle_001\sim_syringe_with_fixed_needle_001_p001\depth_01.png,syringe_with_fixed_needle\sim_syringe_with_fixed_needle_001\sim_syringe_with_fixed_needle_001_p001\mask.png,syringe_with_fixed_needle,sim_syringe_with_fixed_needle_001,sim_syringe_with_fixed_needle_001_p001,1,ONE,1790365427.661,919.4375,114.1659,12.5384,9.1053,14.4332,10.9373,12.7538,2.5637,9903.0088,0.0007
syringe_with_fixed_needle\sim_syringe_with_fixed_needle_002\sim_syringe_with_fixed_needle_002_p001\rgb_00.png,syringe_with_fixed_needle\sim_syringe_with_fixed_needle_002\sim_syringe_with_fixed_needle_002_p001\depth_00.png,syringe_with_fixed_needle\sim_syringe_with_fixed_needle_002\sim_syringe_with_fixed_needle_002_p001\mask.png,syringe_with_fixed_needle,sim_syringe_with_fixed_needle_002,sim_syringe_with_fixed_needle_002_p001,0,ONE,1790365427.946,912.5625,114.195,13.1731,8.6688,14.5549,10.8928,12.707,2.5939,9810.3125,0.0011
syringe_with_fixed_needle\sim_syringe_with_fixed_needle_002\sim_syringe_with_fixed_needle_002_p001\rgb_01.png,syringe_with_fixed_needle\sim_syringe_with_fixed_needle_002\sim_syringe_with_fixed_needle_002_p001\depth_01.png,syringe_with_fixed_needle\sim_syringe_with_fixed_needle_002\sim_syringe_with_fixed_needle_002_p001\mask.png,syringe_with_fixed_needle,sim_syringe_with_fixed_needle_002,sim_syringe_with_fixed_needle_002_p001,1,ONE,1790365428.152,914.0,114.1871,12.5827,9.0749,14.2408,10.9068,12.7552,2.6161,9823.6504,0.0016
syringe_with_fixed_needle\sim_syringe_with_fixed_needle_003\sim_syringe_with_fixed_needle_003_p001\rgb_00.png,syringe_with_fixed_needle\sim_syringe_with_fixed_needle_003\sim_syringe_with_fixed_needle_003_p001\depth_00.png,syringe_with_fixed_needle\sim_syringe_with_fixed_needle_003\sim_syringe_with_fixed_needle_003_p001\mask.png,syringe_with_fixed_needle,sim_syringe_with_fixed_needle_003,sim_syringe_with_fixed_needle_003_p001,0,ONE,1790365428.425,926.8125,114.0517,13.8465,8.2369,14.3499,10.8663,12.7197,2.635,9882.9297,0.0012
syringe_with_fixed_needle\sim_syringe_with_fixed_needle_003\sim_syringe_with_fixed_needle_003_p001\rgb_01.png,syringe_with_fixed_needle\sim_syringe_with_fixed_needle_003\sim_syringe_with_fixed_needle_003_p001\depth_01.png,syringe_with_fixed_needle\sim_syringe_with_fixed_needle_003\sim_syringe_with_fixed_needle_003_p001\mask.png,syringe_with_fixed_needle,sim_syringe_with_fixed_needle_003,sim_syringe_with_fixed_needle_003_p001,1,ONE,1790365428.636,925.6875,114.0,13.0,8.7692,14.3639,10.9086,12.753,2.621,9902.9248,0.0014
scalpel_blade\sim_scalpel_blade_000\sim_scalpel_blade_000_p001\rgb_00.png,scalpel_blade\sim_scalpel_blade_000\sim_scalpel_blade_000_p001\depth_00.png,scalpel_blade\sim_scalpel_blade_000\sim_scalpel_blade_000_p001\mask.png,scalpel_blade,sim_scalpel_blade_000,sim_scalpel_blade_000_p001,0,ONE,1790365428.904,620.4375,58.2225,12.8928,4.5159,7.4884,4.8963,5.8876,1.0428,409.1439,0.8546
scalpel_blade\sim_scalpel_blade_000\sim_scalpel_blade_000_p001\rgb_01.png,scalpel_blade\sim_scalpel_blade_000\sim_scalpel_blade_000_p001\depth_01.png,scalpel_blade\sim_scalpel_blade_000\sim_scalpel_blade_000_p001\mask.png,scalpel_blade,sim_scalpel_blade_000,sim_scalpel_blade_000_p001,1,ONE,1790365429.098,618.75,58.2434,12.1399,4.7977,7.0456,4.956,5.8926,0.8606,407.6286,0.8565
scalpel_blade\sim_scalpel_blade_001\sim_scalpel_blade_001_p001\rgb_00.png,scalpel_blade\sim_scalpel_blade_001\sim_scalpel_blade_001_p001\depth_00.png,scalpel_blade\sim_scalpel_blade_001\sim_scalpel_blade_001_p001\mask.png,scalpel_blade,sim_scalpel_blade_001,sim_scalpel_blade_001_p001,0,ONE,1790365429.364,621.6875,58.1742,12.2727,4.7401,7.0474,4.9038,5.8489,0.9589,406.4048,0.8577
scalpel_blade\sim_scalpel_blade_001\sim_scalpel_blade_001_p001\rgb_01.png,scalpel_blade\sim_scalpel_blade_001\sim_scalpel_blade_001_p001\depth_01.png,scalpel_blade\sim_scalpel_blade_001\sim_scalpel_blade_001_p001\mask.png,scalpel_blade,sim_scalpel_blade_001,sim_scalpel_blade_001_p001,1,ONE,1790365429.576,622.1875,58.205,12.0727,4.8212,6.8763,4.8422,5.7575,0.9339,402.8104,0.8568
scalpel_blade\sim_scalpel_blade_002\sim_scalpel_blade_002_p001\rgb_00.png,scalpel_blade\sim_scalpel_blade_002\sim_scalpel_blade_002_p001\depth_00.png,scalpel_blade\sim_scalpel_blade_002\sim_scalpel_blade_002_p001\mask.png,scalpel_blade,sim_scalpel_blade_002,sim_scalpel_blade_002_p001,0,ONE,1790365429.837,619.25,58.193,12.7123,4.5777,6.8231,4.8066,5.8134,1.1243,406.4611,0.851
scalpel_blade\sim_scalpel_blade_002\sim_scalpel_blade_002_p001\rgb_01.png,scalpel_blade\sim_scalpel_blade_002\sim_scalpel_blade_002_p001\depth_01.png,scalpel_blade\sim_scalpel_blade_002\sim_scalpel_blade_002_p001\mask.png,scalpel_blade,sim_scalpel_blade_002,sim_scalpel_blade_002_p001,1,ONE,1790365430.061,619.1875,58.3518,12.4815,4.6751,7.1079,4.7987,5.7725,1.1072,405.1926,0.8513
scalpel_blade\sim_scalpel_blade_003\sim_scalpel_blade_003_p001\rgb_00.png,scalpel_blade\sim_scalpel_blade_003\sim_scalpel_blade_003_p001\depth_00.png,scalpel_blade\sim_scalpel_blade_003\sim_scalpel_blade_003_p001\mask.png,scalpel_blade,sim_scalpel_blade_003,sim_scalpel_blade_003_p001,0,ONE,1790365430.327,624.6875,59.6096,12.0746,4.9368,7.0157,4.8706,5.8065,0.9934,409.7369,0.8558
scalpel_blade\sim_scalpel_blade_003\sim_scalpel_blade_003_p001\rgb_01.png,scalpel_blade\sim_scalpel_blade_003\sim_scalpel_blade_003_p001\depth_01.png,scalpel_blade\sim_scalpel_blade_003\sim_scalpel_blade_003_p001\mask.png,scalpel_blade,sim_scalpel_blade_003,sim_scalpel_blade_003_p001,1,ONE,1790365430.539,627.0,59.1957,11.8104,5.0122,7.1398,4.8385,5.8653,1.1017,411.2733,0.8526
lancet\sim_lancet_000\sim_lancet_000_p001\rgb_00.png,lancet\sim_lancet_000\sim_lancet_000_p001\depth_00.png,lancet\sim_lancet_000\sim_lancet_000_p001\mask.png,lancet,sim_lancet_000,sim_lancet_000_p001,0,ONE,1790365430.806,206.75,29.1698,8.0041,3.6444,6.1681,3.8952,4.7932,0.8413,793.8977,0.0009
lancet\sim_lancet_000\sim_lancet_000_p001\rgb_01.png,lancet\sim_lancet_000\sim_lancet_000_p001\depth_01.png,lancet\sim_lancet_000\sim_lancet_000_p001\mask.png,lancet,sim_lancet_000,sim_lancet_000_p001,1,ONE,1790365431.025,206.0,28.4401,7.8678,3.6148,6.2648,3.9149,4.8437,0.801,791.053,0.0012
lancet\sim_lancet_001\sim_lancet_001_p001\rgb_00.png,lancet\sim_lancet_001\sim_lancet_001_p001\depth_00.png,lancet\sim_lancet_001\sim_lancet_001_p001\mask.png,lancet,sim_lancet_001,sim_lancet_001_p001,0,ONE,1790365431.291,208.125,28.9545,9.1808,3.1538,6.0933,3.9077,4.8148,0.838,796.9316,0.0024
lancet\sim_lancet_001\sim_lancet_001_p001\rgb_01.png,lancet\sim_lancet_001\sim_lancet_001_p001\depth_01.png,lancet\sim_lancet_001\sim_lancet_001_p001\mask.png,lancet,sim_lancet_001,sim_lancet_001_p001,1,ONE,1790365431.509,207.3125,29.4198,8.14,3.6142,6.356,3.9338,4.8235,0.8332,801.7504,0.0012
lancet\sim_lancet_002\sim_lancet_002_p001\rgb_00.png,lancet\sim_lancet_002\sim_lancet_002_p001\depth_00.png,lancet\sim_lancet_002\sim_lancet_002_p001\mask.png,lancet,sim_lancet_002,sim_lancet_002_p001,0,ONE,1790365431.781,209.4375,28.4373,8.1856,3.4741,6.3661,3.902,4.8017,0.8145,805.2843,0.0009
lancet\sim_lancet_002\sim_lancet_002_p001\rgb_01.png,lancet\sim_lancet_002\sim_lancet_002_p001\depth_01.png,lancet\sim_lancet_002\sim_lancet_002_p001\mask.png,lancet,sim_lancet_002,sim_lancet_002_p001,1,ONE,1790365431.994,209.25,28.4269,8.0674,3.5237,6.1728,3.906,4.8135,0.8323,807.3258,0.0009
lancet\sim_lancet_003\sim_lancet_003_p001\rgb_00.png,lancet\sim_lancet_003\sim_lancet_003_p001\depth_00.png,lancet\sim_lancet_003\sim_lancet_003_p001\mask.png,lancet,sim_lancet_003,sim_lancet_003_p001,0,ONE,1790365432.272,206.25,28.5283,7.9083,3.6074,6.1875,3.9273,4.8272,0.8195,797.4939,0.0021
lancet\sim_lancet_003\sim_lancet_003_p001\rgb_01.png,lancet\sim_lancet_003\sim_lancet_003_p001\depth_01.png,lancet\sim_lancet_003\sim_lancet_003_p001\mask.png,lancet,sim_lancet_003,sim_lancet_003_p001,1,ONE,1790365432.472,208.5625,29.3449,9.0156,3.2549,6.359,3.9039,4.8178,0.8329,795.4198,0.0024
syringe_without_needle\sim_syringe_without_needle_000\sim_syringe_without_needle_000_p001\rgb_00.png,syringe_without_needle\sim_syringe_without_needle_000\sim_syringe_without_needle_000_p001\depth_00.png,syringe_without_needle\sim_syringe_without_needle_000\sim_syringe_without_needle_000_p001\mask.png,syringe_without_needle,sim_syringe_without_needle_000,sim_syringe_without_needle_000_p001,0,ONE,1790365432.745,1094.875,86.3516,14.4855,5.9612,15.7169,12.4203,13.7711,1.7422,13456.6641,0.001
syringe_without_needle\sim_syringe_without_needle_000\sim_syringe_without_needle_000_p001\rgb_01.png,syringe_without_needle\sim_syringe_without_needle_000\sim_syringe_without_needle_000_p001\depth_01.png,syringe_without_needle\sim_syringe_without_needle_000\sim_syringe_without_needle_000_p001\mask.png,syringe_without_needle,sim_syringe_without_needle_000,sim_syringe_without_needle_000_p001,1,ONE,1790365432.964,1095.5,85.7528,14.9125,5.7504,15.7068,12.4204,13.7551,1.7262,13453.623,0.0012
syringe_without_needle\sim_syringe_without_needle_001\sim_syringe_without_needle_001_p001\rgb_00.png,syringe_without_needle\sim_syringe_without_needle_001\sim_syringe_without_needle_001_p001\depth_00.png,syringe_without_needle\sim_syringe_without_needle_001\sim_syringe_without_needle_001_p001\mask.png,syringe_without_needle,sim_syringe_without_needle_001,sim_syringe_without_needle_001_p001,0,ONE,1790365433.248,1102.125,86.0893,15.0954,5.703,15.9967,12.4072,13.7605,1.7566,13505.2441,0.0017
syringe_without_needle\sim_syringe_without_needle_001\sim_syringe_without_needle_001_p001\rgb_01.png,syringe_without_needle\sim_syringe_without_needle_001\sim_syringe_without_needle_001_p001\depth_01.png,syringe_without_needle\sim_syringe_without_needle_001\sim_syringe_without_needle_001_p001\mask.png,syringe_without_needle,sim_syringe_without_needle_001,sim_syringe_without_needle_001_p001,1,ONE,1790365433.46,1099.1875,85.8471,14.24,6.0286,15.4997,12.4311,13.7845,1.7165,13522.6699,0.0011
syringe_without_needle\sim_syringe_without_needle_002\sim_syringe_without_needle_002_p001\rgb_00.png,syringe_without_needle\sim_syringe_without_needle_002\sim_syringe_without_needle_002_p001\depth_00.png,syringe_without_needle\sim_syringe_without_needle_002\sim_syringe_without_needle_002_p001\mask.png,syringe_without_needle,sim_syringe_without_needle_002,sim_syringe_without_needle_002_p001,0,ONE,1790365433.726,1097.5,85.746,14.5532,5.8919,15.4257,12.4255,13.7589,1.7014,13471.5752,0.0012
syringe_without_needle\sim_syringe_without_needle_002\sim_syringe_without_needle_002_p001\rgb_01.png,syringe_without_needle\sim_syringe_without_needle_002\sim_syringe_without_needle_002_p001\depth_01.png,syringe_without_needle\sim_syringe_without_needle_002\sim_syringe_without_needle_002_p001\mask.png,syringe_without_needle,sim_syringe_without_needle_002,sim_syringe_without_needle_002_p001,1,ONE,1790365433.938,1096.375,86.3692,14.0538,6.1456,15.5066,12.4219,13.7718,1.7334,13475.4111,0.0014
syringe_without_needle\sim_syringe_without_needle_003\sim_syringe_without_needle_003_p001\rgb_00.png,syringe_without_needle\sim_syringe_without_needle_003\sim_syringe_without_needle_003_p001\depth_00.png,syringe_without_needle\sim_syringe_without_needle_003\sim_syringe_without_needle_003_p001\mask.png,syringe_without_needle,sim_syringe_without_needle_003,sim_syringe_without_needle_003_p001,0,ONE,1790365434.205,1095.25,86.2471,14.8702,5.8,15.6666,12.3979,13.7527,1.7959,13420.7168,0.0015
syringe_without_needle\sim_syringe_without_needle_003\sim_syringe_without_needle_003_p001\rgb_01.png,syringe_without_needle\sim_syringe_without_needle_003\sim_syringe_without_needle_003_p001\depth_01.png,syringe_without_needle\sim_syringe_without_needle_003\sim_syringe_without_needle_003_p001\mask.png,syringe_without_needle,sim_syringe_without_needle_003,sim_syringe_without_needle_003_p001,1,ONE,1790365434.417,1092.3125,86.6194,14.0474,6.1662,15.6215,12.414,13.7462,1.7364,13413.3506,0.0015
iv_set_tubing\sim_iv_set_tubing_000\sim_iv_set_tubing_000_p001\rgb_00.png,iv_set_tubing\sim_iv_set_tubing_000\sim_iv_set_tubing_000_p001\depth_00.png,iv_set_tubing\sim_iv_set_tubing_000\sim_iv_set_tubing_000_p001\mask.png,iv_set_tubing,sim_iv_set_tubing_000,sim_iv_set_tubing_000_p001,0,ONE,1790365434.684,593.9375,100.2327,12.9461,7.7423,12.2511,6.2248,10.4232,3.0827,3601.0713,0.0016
iv_set_tubing\sim_iv_set_tubing_000\sim_iv_set_tubing_000_p001\rgb_01.png,iv_set_tubing\sim_iv_set_tubing_000\sim_iv_set_tubing_000_p001\depth_01.png,iv_set_tubing\sim_iv_set_tubing_000\sim_iv_set_tubing_000_p001\mask.png,iv_set_tubing,sim_iv_set_tubing_000,sim_iv_set_tubing_000_p001,1,ONE,1790365434.902,596.1875,101.287,13.113,7.7241,12.3907,6.2059,10.4202,3.0758,3600.6096,0.0021
iv_set_tubing\sim_iv_set_tubing_001\sim_iv_set_tubing_001_p001\rgb_00.png,iv_set_tubing\sim_iv_set_tubing_001\sim_iv_set_tubing_001_p001\depth_00.png,iv_set_tubing\sim_iv_set_tubing_001\sim_iv_set_tubing_001_p001\mask.png,iv_set_tubing,sim_iv_set_tubing_001,sim_iv_set_tubing_001_p001,0,ONE,1790365435.18,596.875,100.8058,12.3489,8.1631,12.1369,6.1672,10.4103,3.0991,3603.5679,0.0013
iv_set_tubing\sim_iv_set_tubing_001\sim_iv_set_tubing_001_p001\rgb_01.png,iv_set_tubing\sim_iv_set_tubing_001\sim_iv_set_tubing_001_p001\depth_01.png,iv_set_tubing\sim_iv_set_tubing_001\sim_iv_set_tubing_001_p001\mask.png,iv_set_tubing,sim_iv_set_tubing_001,sim_iv_set_tubing_001_p001,1,ONE,1790365435.411,596.1875,100.3267,13.0768,7.6721,12.372,6.1931,10.4051,3.0758,3603.1958,0.001
iv_set_tubing\sim_iv_set_tubing_002\sim_iv_set_tubing_002_p001\rgb_00.png,iv_set_tubing\sim_iv_set_tubing_002\sim_iv_set_tubing_002_p001\depth_00.png,iv_set_tubing\sim_iv_set_tubing_002\sim_iv_set_tubing_002_p001\mask.png,iv_set_tubing,sim_iv_set_tubing_002,sim_iv_set_tubing_002_p001,0,ONE,1790365435.691,587.6875,101.293,12.3744,8.1857,12.3448,6.2095,10.4361,3.1052,3546.002,0.002
iv_set_tubing\sim_iv_set_tubing_002\sim_iv_set_tubing_002_p001\rgb_01.png,iv_set_tubing\sim_iv_set_tubing_002\sim_iv_set_tubing_002_p001\depth_01.png,iv_set_tubing\sim_iv_set_tubing_002\sim_iv_set_tubing_002_p001\mask.png,iv_set_tubing,sim_iv_set_tubing_002,sim_iv_set_tubing_002_p001,1,ONE,1790365435.913,586.25,102.3779,13.2971,7.6993,12.2247,6.2111,10.4059,3.0956,3551.9507,0.0015
iv_set_tubing\sim_iv_set_tubing_003\sim_iv_set_tubing_003_p001\rgb_00.png,iv_set_tubing\sim_iv_set_tubing_003\sim_iv_set_tubing_003_p001\depth_00.png,iv_set_tubing\sim_iv_set_tubing_003\sim_iv_set_tubing_003_p001\mask.png,iv_set_tubing,sim_iv_set_tubing_003,sim_iv_set_tubing_003_p001,0,ONE,1790365436.201,588.75,101.1575,13.8269,7.316,12.0607,6.2159,10.394,3.0968,3564.7944,0.0022
iv_set_tubing\sim_iv_set_tubing_003\sim_iv_set_tubing_003_p001\rgb_01.png,iv_set_tubing\sim_iv_set_tubing_003\sim_iv_set_tubing_003_p001\depth_01.png,iv_set_tubing\sim_iv_set_tubing_003\sim_iv_set_tubing_003_p001\mask.png,iv_set_tubing,sim_iv_set_tubing_003,sim_iv_set_tubing_003_p001,1,ONE,1790365436.423,589.9375,101.2871,13.176,7.6872,12.1982,6.213,10.4152,3.103,3578.6709,0.0014
catheter\sim_catheter_000\sim_catheter_000_p001\rgb_00.png,catheter\sim_catheter_000\sim_catheter_000_p001\depth_00.png,catheter\sim_catheter_000\sim_catheter_000_p001\mask.png,catheter,sim_catheter_000,sim_catheter_000_p001,0,ONE,1790365436.702,445.3125,105.1821,12.0208,8.75,10.1475,4.5948,8.3549,2.5196,1992.4413,0.002
catheter\sim_catheter_000\sim_catheter_000_p001\rgb_01.png,catheter\sim_catheter_000\sim_catheter_000_p001\depth_01.png,catheter\sim_catheter_000\sim_catheter_000_p001\mask.png,catheter,sim_catheter_000,sim_catheter_000_p001,1,ONE,1790365436.901,442.6875,105.5357,12.0208,8.7794,10.1066,4.6111,8.3158,2.5026,1990.5659,0.0018
catheter\sim_catheter_001\sim_catheter_001_p001\rgb_00.png,catheter\sim_catheter_001\sim_catheter_001_p001\depth_00.png,catheter\sim_catheter_001\sim_catheter_001_p001\mask.png,catheter,sim_catheter_001,sim_catheter_001_p001,0,ONE,1790365437.18,445.625,105.2893,12.163,8.6565,10.0927,4.5874,8.372,2.5179,2002.4033,0.0011
catheter\sim_catheter_001\sim_catheter_001_p001\rgb_01.png,catheter\sim_catheter_001\sim_catheter_001_p001\depth_01.png,catheter\sim_catheter_001\sim_catheter_001_p001\mask.png,catheter,sim_catheter_001,sim_catheter_001_p001,1,ONE,1790365437.386,446.25,105.2893,12.1166,8.6897,10.2856,4.5787,8.3356,2.5038,2001.4451,0.0008
catheter\sim_catheter_002\sim_catheter_002_p001\rgb_00.png,catheter\sim_catheter_002\sim_catheter_002_p001\depth_00.png,catheter\sim_catheter_002\sim_catheter_002_p001\mask.png,catheter,sim_catheter_002,sim_catheter_002_p001,0,ONE,1790365437.653,455.4375,105.0952,12.1866,8.6239,9.9774,4.5685,8.3245,2.495,2032.1095,0.0008
catheter\sim_catheter_002\sim_catheter_002_p001\rgb_01.png,catheter\sim_catheter_002\sim_catheter_002_p001\depth_01.png,catheter\sim_catheter_002\sim_catheter_002_p001\mask.png,catheter,sim_catheter_002,sim_catheter_002_p001,1,ONE,1790365437.871,459.125,105.3188,12.1866,8.6422,10.2685,4.5605,8.3298,2.4954,2035.1124,0.0014
catheter\sim_catheter_003\sim_catheter_003_p001\rgb_00.png,catheter\sim_catheter_003\sim_catheter_003_p001\depth_00.png,catheter\sim_catheter_003\sim_catheter_003_p001\mask.png,catheter,sim_catheter_003,sim_catheter_003_p001,0,ONE,1790365438.143,451.3125,105.1828,12.8933,8.158,10.2989,4.5682,8.3324,2.5075,2003.7426,0.0017
catheter\sim_catheter_003\sim_catheter_003_p001\rgb_01.png,catheter\sim_catheter_003\sim_catheter_003_p001\depth_01.png,catheter\sim_catheter_003\sim_catheter_003_p001\mask.png,catheter,sim_catheter_003,sim_catheter_003_p001,1,ONE,1790365438.351,447.1875,105.2144,12.1764,8.6408,9.9619,4.5928,8.3577,2.5053,2004.1702,0.0011
urine_bag\sim_urine_bag_000\sim_urine_bag_000_p000\rgb_00.png,urine_bag\sim_urine_bag_000\sim_urine_bag_000_p000\depth_00.png,urine_bag\sim_urine_bag_000\sim_urine_bag_000_p000\mask.png,urine_bag,sim_urine_bag_000,sim_urine_bag_000_p000,0,ONE,1790365438.634,6030.25,118.1701,67.1828,1.7589,7.9434,4.9624,5.8221,0.7111,29796.1328,0.0011
urine_bag\sim_urine_bag_000\sim_urine_bag_000_p000\rgb_01.png,urine_bag\sim_urine_bag_000\sim_urine_bag_000_p000\depth_01.png,urine_bag\sim_urine_bag_000\sim_urine_bag_000_p000\mask.png,urine_bag,sim_urine_bag_000,sim_urine_bag_000_p000,1,ONE,1790365438.846,6025.9375,118.3482,66.1707,1.7885,7.782,4.9591,5.8164,0.7077,29762.8535,0.001
needle\sim_needle_000\sim_needle_000_p003\rgb_00.png,needle\sim_needle_000\sim_needle_000_p003\depth_00.png,needle\sim_needle_000\sim_needle_000_p003\mask.png,needle,sim_needle_000,sim_needle_000_p003,0,ONE,1790365453.277,60.5625,42.5591,5.2727,8.0717,6.8246,3.5364,5.7135,2.063,199.3624,0.001
needle\sim_needle_000\sim_needle_000_p003\rgb_01.png,needle\sim_needle_000\sim_needle_000_p003\depth_01.png,needle\sim_needle_000\sim_needle_000_p003\mask.png,needle,sim_needle_000,sim_needle_000_p003,1,ONE,1790365453.479,61.8125,42.5591,5.5786,7.629,7.2036,3.4923,5.6611,2.0987,198.841,0.0051
needle\sim_needle_001\sim_needle_001_p003\rgb_00.png,needle\sim_needle_001\sim_needle_001_p003\depth_00.png,needle\sim_needle_001\sim_needle_001_p003\mask.png,needle,sim_needle_001,sim_needle_001_p003,0,ONE,1790365453.77,62.625,42.8077,5.3747,7.9647,7.3426,3.5091,5.6009,2.0679,200.8983,0.002
needle\sim_needle_001\sim_needle_001_p003\rgb_01.png,needle\sim_needle_001\sim_needle_001_p003\depth_01.png,needle\sim_needle_001\sim_needle_001_p003\mask.png,needle,sim_needle_001,sim_needle_001_p003,1,ONE,1790365453.982,65.25,42.84,6.9282,6.1834,7.136,3.4195,5.7149,2.1312,203.2492,0.0048
needle\sim_needle_002\sim_needle_002_p003\rgb_00.png,needle\sim_needle_002\sim_needle_002_p003\depth_00.png,needle\sim_needle_002\sim_needle_002_p003\mask.png,needle,sim_needle_002,sim_needle_002_p003,0,ONE,1790365454.273,62.0,42.5666,5.3304,7.9856,6.7517,3.5372,5.6479,2.0539,204.4923,0.004
needle\sim_needle_002\sim_needle_002_p003\rgb_01.png,needle\sim_needle_002\sim_needle_002_p003\depth_01.png,needle\sim_needle_002\sim_needle_002_p003\mask.png,needle,sim_needle_002,sim_needle_002_p003,1,ONE,1790365454.479,60.875,42.5666,5.3304,7.9856,7.287,3.5633,5.6685,2.0237,204.4456,0.0031
needle\sim_needle_003\sim_needle_003_p003\rgb_00.png,needle\sim_needle_003\sim_needle_003_p003\depth_00.png,needle\sim_needle_003\sim_needle_003_p003\mask.png,needle,sim_needle_003,sim_needle_003_p003,0,ONE,1790365454.767,64.4375,42.9339,5.2809,8.13,6.8418,3.4133,5.6181,2.079,197.3321,0.0058
needle\sim_needle_003\sim_needle_003_p003\rgb_01.png,needle\sim_needle_003\sim_needle_003_p003\depth_01.png,needle\sim_needle_003\sim_needle_003_p003\mask.png,needle,sim_needle_003,sim_needle_003_p003,1,ONE,1790365454.97,61.5625,42.5389,6.5521,6.4924,6.7351,3.5032,5.7017,2.0789,200.3365,0.0041
syringe_with_fixed_needle\sim_syringe_with_fixed_needle_000\sim_syringe_with_fixed_needle_000_p003\rgb_00.png,syringe_with_fixed_needle\sim_syringe_with_fixed_needle_000\sim_syringe_with_fixed_needle_000_p003\depth_00.png,syringe_with_fixed_needle\sim_syringe_with_fixed_needle_000\sim_syringe_with_fixed_needle_000_p003\mask.png,syringe_with_fixed_needle,sim_syringe_with_fixed_needle_000,sim_syringe_with_fixed_needle_000_p003,0,ONE,1790365455.282,918.0,114.0251,12.9736,8.789,14.4918,10.9478,12.7458,2.5245,9896.8145,0.0009
syringe_with_fixed_needle\sim_syringe_with_fixed_needle_000\sim_syringe_with_fixed_needle_000_p003\rgb_01.png,syringe_with_fixed_needle\sim_syringe_with_fixed_needle_000\sim_syringe_with_fixed_needle_000_p003\depth_01.png,syringe_with_fixed_needle\sim_syringe_with_fixed_needle_000\sim_syringe_with_fixed_needle_000_p003\mask.png,syringe_with_fixed_needle,sim_syringe_with_fixed_needle_000,sim_syringe_with_fixed_needle_000_p003,1,ONE,1790365455.494,920.375,114.1261,13.4958,8.4564,14.6385,10.9281,12.7422,2.5772,9895.3848,0.0017
syringe_with_fixed_needle\sim_syringe_with_fixed_needle_001\sim_syringe_with_fixed_needle_001_p002\rgb_00.png,syringe_with_fixed_needle\sim_syringe_with_fixed_needle_001\sim_syringe_with_fixed_needle_001_p002\depth_00.png,syringe_with_fixed_needle\sim_syringe_with_fixed_needle_001\sim_syringe_with_fixed_needle_001_p002\mask.png,syringe_with_fixed_needle,sim_syringe_with_fixed_needle_001,sim_syringe_with_fixed_needle_001_p002,0,ONE,1790365455.788,918.625,114.1284,13.0868,8.7209,14.4828,10.9309,12.7281,2.554,9881.5371,0.0012
syringe_with_fixed_needle\sim_syringe_with_fixed_needle_001\sim_syringe_with_fixed_needle_001_p002\rgb_01.png,syringe_with_fixed_needle\sim_syringe_with_fixed_needle_001\sim_syringe_with_fixed_needle_001_p002\depth_01.png,syringe_with_fixed_needle\sim_syringe_with_fixed_needle_001\sim_syringe_with_fixed_needle_001_p002\mask.png,syringe_with_fixed_needle,sim_syringe_with_fixed_needle_001,sim_syringe_with_fixed_needle_001_p002,1,ONE,1790365456.004,920.0625,114.0922,13.5944,8.3926,14.7837,10.9223,12.7538,2.5696,9882.6592,0.001
syringe_with_fixed_needle\sim_syringe_with_fixed_needle_002\sim_syringe_with_fixed_needle_002_p002\rgb_00.png,syringe_with_fixed_needle\sim_syringe_with_fixed_needle_002\sim_syringe_with_fixed_needle_002_p002\depth_00.png,syringe_with_fixed_needle\sim_syringe_with_fixed_needle_002\sim_syringe_with_fixed_needle_002_p002\mask.png,syringe_with_fixed_needle,sim_syringe_with_fixed_needle_002,sim_syringe_with_fixed_needle_002_p002,0,ONE,1790365456.282,920.25,114.2903,13.3727,8.5466,14.5634,10.9079,12.7324,2.6036,9892.7461,0.001
syringe_with_fixed_needle\sim_syringe_with_fixed_needle_002\sim_syringe_with_fixed_needle_002_p002\rgb_01.png,syringe_with_fixed_needle\sim_syringe_with_fixed_needle_002\sim_syringe_with_fixed_needle_002_p002\depth_01.png,syringe_with_fixed_needle\sim_syringe_with_fixed_needle_002\sim_syringe_with_fixed_needle_002_p002\mask.png,syringe_with_fixed_needle,sim_syringe_with_fixed_needle_002,sim_syringe_with_fixed_needle_002_p002,1,ONE,1790365456.497,918.0,114.4564,12.6459,9.0508,14.4587,10.9242,12.7348,2.559,9882.2852,0.0016
syringe_with_fixed_needle\sim_syringe_with_fixed_needle_003\sim_syringe_with_fixed_needle_003_p002\rgb_00.png,syringe_with_fixed_needle\sim_syringe_with_fixed_needle_003\sim_syringe_with_fixed_needle_003_p002\depth_00.png,syringe_with_fixed_needle\sim_syringe_with_fixed_needle_003\sim_syringe_with_fixed_needle_003_p002\mask.png,syringe_with_fixed_needle,sim_syringe_with_fixed_needle_003,sim_syringe_with_fixed_needle_003_p002,0,ONE,1790365456.806,923.0,114.0615,13.583,8.3974,14.4247,10.9512,12.7502,2.5387,9959.4043,0.0008
syringe_with_fixed_needle\sim_syringe_with_fixed_needle_003\sim_syringe_with_fixed_needle_003_p002\rgb_01.png,syringe_with_fixed_needle\sim_syringe_with_fixed_needle_003\sim_syringe_with_fixed_needle_003_p002\depth_01.png,syringe_with_fixed_needle\sim_syringe_with_fixed_needle_003\sim_syringe_with_fixed_needle_003_p002\mask.png,syringe_with_fixed_needle,sim_syringe_with_fixed_needle_003,sim_syringe_with_fixed_needle_003_p002,1,ONE,1790365456.993,922.5,114.089,14.3532,7.9487,14.6931,10.9506,12.7232,2.5092,9945.8945,0.0009
scalpel_blade\sim_scalpel_blade_000\sim_scalpel_blade_000_p002\rgb_00.png,scalpel_blade\sim_scalpel_blade_000\sim_scalpel_blade_000_p002\depth_00.png,scalpel_blade\sim_scalpel_blade_000\sim_scalpel_blade_000_p002\mask.png,scalpel_blade,sim_scalpel_blade_000,sim_scalpel_blade_000_p002,0,ONE,1790365457.308,621.1875,58.2876,11.535,5.0531,7.0312,4.9291,5.8281,0.8003,412.1942,0.8571
scalpel_blade\sim_scalpel_blade_000\sim_scalpel_blade_000_p002\rgb_01.png,scalpel_blade\sim_scalpel_blade_000\sim_scalpel_blade_000_p002\depth_01.png,scalpel_blade\sim_scalpel_blade_000\sim_scalpel_blade_000_p002\mask.png,scalpel_blade,sim_scalpel_blade_000,sim_scalpel_blade_000_p002,1,ONE,1790365457.502,622.4375,59.3606,11.9449,4.9695,7.489,4.9192,5.8015,0.8611,413.8307,0.8555
scalpel_blade\sim_scalpel_blade_001\sim_scalpel_blade_001_p002\rgb_00.png,scalpel_blade\sim_scalpel_blade_001\sim_scalpel_blade_001_p002\depth_00.png,scalpel_blade\sim_scalpel_blade_001\sim_scalpel_blade_001_p002\mask.png,scalpel_blade,sim_scalpel_blade_001,sim_scalpel_blade_001_p002,0,ONE,1790365457.815,620.25,58.2188,12.2791,4.7413,6.8704,4.91,5.8383,0.9309,405.6893,0.8574
scalpel_blade\sim_scalpel_blade_001\sim_scalpel_blade_001_p002\rgb_01.png,scalpel_blade\sim_scalpel_blade_001\sim_scalpel_blade_001_p002\depth_01.png,scalpel_blade\sim_scalpel_blade_001\sim_scalpel_blade_001_p002\mask.png,scalpel_blade,sim_scalpel_blade_001,sim_scalpel_blade_001_p002,1,ONE,1790365458.03,618.5625,58.2098,11.3601,5.1241,7.5269,4.9588,5.7984,0.8007,406.3119,0.8595
scalpel_blade\sim_scalpel_blade_002\sim_scalpel_blade_002_p002\rgb_00.png,scalpel_blade\sim_scalpel_blade_002\sim_scalpel_blade_002_p002\depth_00.png,scalpel_blade\sim_scalpel_blade_002\sim_scalpel_blade_002_p002\mask.png,scalpel_blade,sim_scalpel_blade_002,sim_scalpel_blade_002_p002,0,ONE,1790365458.332,620.75,58.5432,12.5704,4.6572,7.3523,4.9047,5.8317,0.9448,409.5388,0.8526
scalpel_blade\sim_scalpel_blade_002\sim_scalpel_blade_002_p002\rgb_01.png,scalpel_blade\sim_scalpel_blade_002\sim_scalpel_blade_002_p002\depth_01.png,scalpel_blade\sim_scalpel_blade_002\sim_scalpel_blade_002_p002\mask.png,scalpel_blade,sim_scalpel_blade_002,sim_scalpel_blade_002_p002,1,ONE,1790365458.545,625.625,60.0495,13.8562,4.3338,6.9615,4.7495,5.802,1.2068,409.0467,0.8464
scalpel_blade\sim_scalpel_blade_003\sim_scalpel_blade_003_p002\rgb_00.png,scalpel_blade\sim_scalpel_blade_003\sim_scalpel_blade_003_p002\depth_00.png,scalpel_blade\sim_scalpel_blade_003\sim_scalpel_blade_003_p002\mask.png,scalpel_blade,sim_scalpel_blade_003,sim_scalpel_blade_003_p002,0,ONE,1790365458.841,624.0,58.7443,11.8032,4.977,7.265,4.8816,5.8328,1.001,404.2593,0.8576
scalpel_blade\sim_scalpel_blade_003\sim_scalpel_blade_003_p002\rgb_01.png,scalpel_blade\sim_scalpel_blade_003\sim_scalpel_blade_003_p002\depth_01.png,scalpel_blade\sim_scalpel_blade_003\sim_scalpel_blade_003_p002\mask.png,scalpel_blade,sim_scalpel_blade_003,sim_scalpel_blade_003_p002,1,ONE,1790365459.06,624.5625,58.2037,11.8626,4.9065,6.7945,4.876,5.7887,1.0025,404.097,0.8568
lancet\sim_lancet_000\sim_lancet_000_p002\rgb_00.png,lancet\sim_lancet_000\sim_lancet_000_p002\depth_00.png,lancet\sim_lancet_000\sim_lancet_000_p002\mask.png,lancet,sim_lancet_000,sim_lancet_000_p002,0,ONE,1790365459.36,207.0625,28.3133,8.0742,3.5067,6.1642,3.9297,4.8109,0.7956,803.3868,0.0006
lancet\sim_lancet_000\sim_lancet_000_p002\rgb_01.png,lancet\sim_lancet_000\sim_lancet_000_p002\depth_01.png,lancet\sim_lancet_000\sim_lancet_000_p002\mask.png,lancet,sim_lancet_000,sim_lancet_000_p002,1,ONE,1790365459.581,206.25,28.3133,7.345,3.8548,6.3588,3.9304,4.8317,0.7932,800.5725,0.0018
lancet\sim_lancet_001\sim_lancet_001_p002\rgb_00.png,lancet\sim_lancet_001\sim_lancet_001_p002\depth_00.png,lancet\sim_lancet_001\sim_lancet_001_p002\mask.png,lancet,sim_lancet_001,sim_lancet_001_p002,0,ONE,1790365459.884,206.5625,28.389,7.8931,3.5967,6.1532,3.9245,4.8208,0.8053,799.6122,0.0012
lancet\sim_lancet_001\sim_lancet_001_p002\rgb_01.png,lancet\sim_lancet_001\sim_lancet_001_p002\depth_01.png,lancet\sim_lancet_001\sim_lancet_001_p002\mask.png,lancet,sim_lancet_001,sim_lancet_001_p002,1,ONE,1790365460.114,206.6875,29.177,7.3739,3.9568,6.3224,3.921,4.8272,0.8212,797.9173,0.0018
lancet\sim_lancet_002\sim_lancet_002_p002\rgb_00.png,lancet\sim_lancet_002\sim_lancet_002_p002\depth_00.png,lancet\sim_lancet_002\sim_lancet_002_p002\mask.png,lancet,sim_lancet_002,sim_lancet_002_p002,0,ONE,1790365460.417,205.6875,28.6488,8.6891,3.2971,6.3749,3.9115,4.813,0.8333,792.0864,0.0006
lancet\sim_lancet_002\sim_lancet_002_p002\rgb_01.png,lancet\sim_lancet_002\sim_lancet_002_p002\depth_01.png,lancet\sim_lancet_002\sim_lancet_002_p002\mask.png,lancet,sim_lancet_002,sim_lancet_002_p002,1,ONE,1790365460.629,205.5625,29.2914,8.0327,3.6465,6.37,3.929,4.8752,0.8445,793.8963,0.0012
lancet\sim_lancet_003\sim_lancet_003_p002\rgb_00.png,lancet\sim_lancet_003\sim_lancet_003_p002\depth_00.png,lancet\sim_lancet_003\sim_lancet_003_p002\mask.png,lancet,sim_lancet_003,sim_lancet_003_p002,0,ONE,1790365460.926,204.3125,28.3753,7.3006,3.8867,6.8493,3.9143,4.8012,0.7952,788.0037,0.0015
lancet\sim_lancet_003\sim_lancet_003_p002\rgb_01.png,lancet\sim_lancet_003\sim_lancet_003_p002\depth_01.png,lancet\sim_lancet_003\sim_lancet_003_p002\mask.png,lancet,sim_lancet_003,sim_lancet_003_p002,1,ONE,1790365461.144,205.5,28.473,8.0108,3.5543,6.4798,3.9163,4.8037,0.8166,791.58,0.0015
syringe_without_needle\sim_syringe_without_needle_000\sim_syringe_without_needle_000_p002\rgb_00.png,syringe_without_needle\sim_syringe_without_needle_000\sim_syringe_without_needle_000_p002\depth_00.png,syringe_without_needle\sim_syringe_without_needle_000\sim_syringe_without_needle_000_p002\mask.png,syringe_without_needle,sim_syringe_without_needle_000,sim_syringe_without_needle_000_p002,0,ONE,1790365461.441,1088.25,86.1052,14.293,6.0243,15.1192,12.4419,13.7845,1.6838,13390.5889,0.0013
syringe_without_needle\sim_syringe_without_needle_000\sim_syringe_without_needle_000_p002\rgb_01.png,syringe_without_needle\sim_syringe_without_needle_000\sim_syringe_without_needle_000_p002\depth_01.png,syringe_without_needle\sim_syringe_without_needle_000\sim_syringe_without_needle_000_p002\mask.png,syringe_without_needle,sim_syringe_without_needle_000,sim_syringe_without_needle_000_p002,1,ONE,1790365461.653,1089.125,85.116,15.3381,5.5493,15.7689,12.4356,13.7601,1.6756,13379.9463,0.0016
syringe_without_needle\sim_syringe_without_needle_001\sim_syringe_without_needle_001_p002\rgb_00.png,syringe_without_needle\sim_syringe_without_needle_001\sim_syringe_without_needle_001_p002\depth_00.png,syringe_without_needle\sim_syringe_without_needle_001\sim_syringe_without_needle_001_p002\mask.png,syringe_without_needle,sim_syringe_without_needle_001,sim_syringe_without_needle_001_p002,0,ONE,1790365461.947,1097.0,86.1726,14.4949,5.945,15.7041,12.4094,13.756,1.7377,13472.7051,0.0011
syringe_without_needle\sim_syringe_without_needle_001\sim_syringe_without_needle_001_p002\rgb_01.png,syringe_without_needle\sim_syringe_without_needle_001\sim_syringe_without_needle_001_p002\depth_01.png,syringe_without_needle\sim_syringe_without_needle_001\sim_syringe_without_needle_001_p002\mask.png,syringe_without_needle,sim_syringe_without_needle_001,sim_syringe_without_needle_001_p002,1,ONE,1790365462.165,1099.6875,86.528,14.5852,5.9326,15.649,12.4237,13.7765,1.7468,13492.9609,0.0011
syringe_without_needle\sim_syringe_without_needle_002\sim_syringe_without_needle_002_p002\rgb_00.png,syringe_without_needle\sim_syringe_without_needle_002\sim_syringe_without_needle_002_p002\depth_00.png,syringe_without_needle\sim_syringe_without_needle_002\sim_syringe_without_needle_002_p002\mask.png,syringe_without_needle,sim_syringe_without_needle_002,sim_syringe_without_needle_002_p002,0,ONE,1790365462.459,1090.4375,85.5096,14.6341,5.8432,15.4217,12.4204,13.773,1.7409,13405.4648,0.0012
syringe_without_needle\sim_syringe_without_needle_002\sim_syringe_without_needle_002_p002\rgb_01.png,syringe_without_needle\sim_syringe_without_needle_002\sim_syringe_without_needle_002_p002\depth_01.png,syringe_without_needle\sim_syringe_without_needle_002\sim_syringe_without_needle_002_p002\mask.png,syringe_without_needle,sim_syringe_without_needle_002,sim_syringe_without_needle_002_p002,1,ONE,1790365462.671,1092.4375,85.4472,14.34,5.9587,15.7441,12.4086,13.7721,1.7951,13414.4668,0.0009
syringe_without_needle\sim_syringe_without_needle_003\sim_syringe_without_needle_003_p002\rgb_00.png,syringe_without_needle\sim_syringe_without_needle_003\sim_syringe_without_needle_003_p002\depth_00.png,syringe_without_needle\sim_syringe_without_needle_003\sim_syringe_without_needle_003_p002\mask.png,syringe_without_needle,sim_syringe_without_needle_003,sim_syringe_without_needle_003_p002,0,ONE,1790365462.956,1095.75,85.3187,14.274,5.9772,16.1755,12.4216,13.7735,1.7433,13464.2715,0.0015
syringe_without_needle\sim_syringe_without_needle_003\sim_syringe_without_needle_003_p002\rgb_01.png,syringe_without_needle\sim_syringe_without_needle_003\sim_syringe_without_needle_003_p002\depth_01.png,syringe_without_needle\sim_syringe_without_needle_003\sim_syringe_without_needle_003_p002\mask.png,syringe_without_needle,sim_syringe_without_needle_003,sim_syringe_without_needle_003_p002,1,ONE,1790365463.168,1097.8125,86.5389,13.9944,6.1838,15.6736,12.4071,13.7675,1.7816,13465.5674,0.0014
iv_set_tubing\sim_iv_set_tubing_000\sim_iv_set_tubing_000_p002\rgb_00.png,iv_set_tubing\sim_iv_set_tubing_000\sim_iv_set_tubing_000_p002\depth_00.png,iv_set_tubing\sim_iv_set_tubing_000\sim_iv_set_tubing_000_p002\mask.png,iv_set_tubing,sim_iv_set_tubing_000,sim_iv_set_tubing_000_p002,0,ONE,1790365463.434,592.0625,100.4057,13.3188,7.5386,12.489,6.1911,10.407,3.0998,3569.1611,0.0014
iv_set_tubing\sim_iv_set_tubing_000\sim_iv_set_tubing_000_p002\rgb_01.png,iv_set_tubing\sim_iv_set_tubing_000\sim_iv_set_tubing_000_p002\depth_01.png,iv_set_tubing\sim_iv_set_tubing_000\sim_iv_set_tubing_000_p002\mask.png,iv_set_tubing,sim_iv_set_tubing_000,sim_iv_set_tubing_000_p002,1,ONE,1790365463.628,588.0625,100.3705,12.3327,8.1385,12.3914,6.2117,10.4019,3.084,3570.9492,0.0012
iv_set_tubing\sim_iv_set_tubing_001\sim_iv_set_tubing_001_p002\rgb_00.png,iv_set_tubing\sim_iv_set_tubing_001\sim_iv_set_tubing_001_p002\depth_00.png,iv_set_tubing\sim_iv_set_tubing_001\sim_iv_set_tubing_001_p002\mask.png,iv_set_tubing,sim_iv_set_tubing_001,sim_iv_set_tubing_001_p002,0,ONE,1790365463.898,589.3125,100.3798,13.2813,7.558,12.1569,6.2009,10.4035,3.0792,3571.739,0.0018
iv_set_tubing\sim_iv_set_tubing_001\sim_iv_set_tubing_001_p002\rgb_01.png,iv_set_tubing\sim_iv_set_tubing_001\sim_iv_set_tubing_001_p002\depth_01.png,iv_set_tubing\sim_iv_set_tubing_001\sim_iv_set_tubing_001_p002\mask.png,iv_set_tubing,sim_iv_set_tubing_001,sim_iv_set_tubing_001_p002,1,ONE,1790365464.107,588.4375,100.821,12.2587,8.2244,12.1055,6.2288,10.4101,3.071,3581.946,0.0007
iv_set_tubing\sim_iv_set_tubing_002\sim_iv_set_tubing_002_p002\rgb_00.png,iv_set_tubing\sim_iv_set_tubing_002\sim_iv_set_tubing_002_p002\depth_00.png,iv_set_tubing\sim_iv_set_tubing_002\sim_iv_set_tubing_002_p002\mask.png,iv_set_tubing,sim_iv_set_tubing_002,sim_iv_set_tubing_002_p002,0,ONE,1790365464.367,582.125,100.3276,12.252,8.1887,12.2911,6.2031,10.4089,3.1023,3533.8318,0.0018
iv_set_tubing\sim_iv_set_tubing_002\sim_iv_set_tubing_002_p002\rgb_01.png,iv_set_tubing\sim_iv_set_tubing_002\sim_iv_set_tubing_002_p002\depth_01.png,iv_set_tubing\sim_iv_set_tubing_002\sim_iv_set_tubing_002_p002\mask.png,iv_set_tubing,sim_iv_set_tubing_002,sim_iv_set_tubing_002_p002,1,ONE,1790365464.568,580.25,101.5378,12.252,8.2875,12.4866,6.2528,10.4058,3.0691,3538.7217,0.0014
iv_set_tubing\sim_iv_set_tubing_003\sim_iv_set_tubing_003_p002\rgb_00.png,iv_set_tubing\sim_iv_set_tubing_003\sim_iv_set_tubing_003_p002\depth_00.png,iv_set_tubing\sim_iv_set_tubing_003\sim_iv_set_tubing_003_p002\mask.png,iv_set_tubing,sim_iv_set_tubing_003,sim_iv_set_tubing_003_p002,0,ONE,1790365464.838,588.8125,100.9176,12.935,7.8019,12.0474,6.2304,10.4296,3.0998,3579.7458,0.0013
iv_set_tubing\sim_iv_set_tubing_003\sim_iv_set_tubing_003_p002\rgb_01.png,iv_set_tubing\sim_iv_set_tubing_003\sim_iv_set_tubing_003_p002\depth_01.png,iv_set_tubing\sim_iv_set_tubing_003\sim_iv_set_tubing_003_p002\mask.png,iv_set_tubing,sim_iv_set_tubing_003,sim_iv_set_tubing_003_p002,1,ONE,1790365465.041,590.9375,100.1936,12.7765,7.842,12.2039,6.193,10.3887,3.1094,3563.6855,0.0012
catheter\sim_catheter_000\sim_catheter_000_p002\rgb_00.png,catheter\sim_catheter_000\sim_catheter_000_p002\depth_00.png,catheter\sim_catheter_000\sim_catheter_000_p002\mask.png,catheter,sim_catheter_000,sim_catheter_000_p002,0,ONE,1790365465.307,452.5,105.054,12.0868,8.6916,10.2289,4.5565,8.3238,2.5082,2009.4196,0.0015
catheter\sim_catheter_000\sim_catheter_000_p002\rgb_01.png,catheter\sim_catheter_000\sim_catheter_000_p002\depth_01.png,catheter\sim_catheter_000\sim_catheter_000_p002\mask.png,catheter,sim_catheter_000,sim_catheter_000_p002,1,ONE,1790365465.507,451.75,105.2194,12.073,8.7153,10.0977,4.5819,8.3274,2.5015,2017.171,0.0014
catheter\sim_catheter_001\sim_catheter_001_p002\rgb_00.png,catheter\sim_catheter_001\sim_catheter_001_p002\depth_00.png,catheter\sim_catheter_001\sim_catheter_001_p002\mask.png,catheter,sim_catheter_001,sim_catheter_001_p002,0,ONE,1790365465.776,449.5,105.1871,12.098,8.6946,9.9901,4.6043,8.3562,2.5011,2012.9399,0.0017
catheter\sim_catheter_001\sim_catheter_001_p002\rgb_01.png,catheter\sim_catheter_001\sim_catheter_001_p002\depth_01.png,catheter\sim_catheter_001\sim_catheter_001_p002\mask.png,catheter,sim_catheter_001,sim_catheter_001_p002,1,ONE,1790365465.973,446.4375,105.1871,12.098,8.6946,10.1003,4.5985,8.324,2.5017,2004.3835,0.0008
catheter\sim_catheter_002\sim_catheter_002_p002\rgb_00.png,catheter\sim_catheter_002\sim_catheter_002_p002\depth_00.png,catheter\sim_catheter_002\sim_catheter_002_p002\mask.png,catheter,sim_catheter_002,sim_catheter_002_p002,0,ONE,1790365466.239,453.0,105.2636,12.2008,8.6276,10.3179,4.5915,8.3457,2.5083,2028.8678,0.0017
catheter\sim_catheter_002\sim_catheter_002_p002\rgb_01.png,catheter\sim_catheter_002\sim_catheter_002_p002\depth_01.png,catheter\sim_catheter_002\sim_catheter_002_p002\mask.png,catheter,sim_catheter_002,sim_catheter_002_p002,1,ONE,1790365466.446,454.875,106.1337,12.4787,8.5052,10.4466,4.5891,8.3483,2.5138,2034.7122,0.0008
catheter\sim_catheter_003\sim_catheter_003_p002\rgb_00.png,catheter\sim_catheter_003\sim_catheter_003_p002\depth_00.png,catheter\sim_catheter_003\sim_catheter_003_p002\mask.png,catheter,sim_catheter_003,sim_catheter_003_p002,0,ONE,1790365466.706,447.5,105.3218,12.1713,8.6533,10.2637,4.615,8.3391,2.4895,2008.9812,0.0027
catheter\sim_catheter_003\sim_catheter_003_p002\rgb_01.png,catheter\sim_catheter_003\sim_catheter_003_p002\depth_01.png,catheter\sim_catheter_003\sim_catheter_003_p002\mask.png,catheter,sim_catheter_003,sim_catheter_003_p002,1,ONE,1790365466.912,448.1875,105.3602,12.1731,8.6552,10.4416,4.5976,8.3144,2.5012,2007.7188,0.0021
urine_bag\sim_urine_bag_000\sim_urine_bag_000_p001\rgb_00.png,urine_bag\sim_urine_bag_000\sim_urine_bag_000_p001\depth_00.png,urine_bag\sim_urine_bag_000\sim_urine_bag_000_p001\mask.png,urine_bag,sim_urine_bag_000,sim_urine_bag_000_p001,0,ONE,1790365467.173,4250.375,94.4506,56.0212,1.686,7.9067,4.9648,5.8297,0.7128,21005.4219,0.0011
urine_bag\sim_urine_bag_000\sim_urine_bag_000_p001\rgb_01.png,urine_bag\sim_urine_bag_000\sim_urine_bag_000_p001\depth_01.png,urine_bag\sim_urine_bag_000\sim_urine_bag_000_p001\mask.png,urine_bag,sim_urine_bag_000,sim_urine_bag_000_p001,1,ONE,1790365467.385,4253.3125,94.6846,56.284,1.6823,7.7499,4.958,5.8142,0.7215,20993.6445,0.0011
urine_bag\sim_urine_bag_001\sim_urine_bag_001_p000\rgb_00.png,urine_bag\sim_urine_bag_001\sim_urine_bag_001_p000\depth_00.png,urine_bag\sim_urine_bag_001\sim_urine_bag_001_p000\mask.png,urine_bag,sim_urine_bag_001,sim_urine_bag_001_p000,0,ONE,1790365467.645,4245.75,94.4977,55.802,1.6934,8.173,4.9619,5.8215,0.7117,20971.7012,0.001
urine_bag\sim_urine_bag_001\sim_urine_bag_001_p000\rgb_01.png,urine_bag\sim_urine_bag_001\sim_urine_bag_001_p000\depth_01.png,urine_bag\sim_urine_bag_001\sim_urine_bag_001_p000\mask.png,urine_bag,sim_urine_bag_001,sim_urine_bag_001_p000,1,ONE,1790365467.864,4246.4375,94.6631,56.4655,1.6765,7.7692,4.9577,5.8127,0.7095,20953.3906,0.0011
urine_bag\sim_urine_bag_002\sim_urine_bag_002_p000\rgb_00.png,urine_bag\sim_urine_bag_002\sim_urine_bag_002_p000\depth_00.png,urine_bag\sim_urine_bag_002\sim_urine_bag_002_p000\mask.png,urine_bag,sim_urine_bag_002,sim_urine_bag_002_p000,0,ONE,1790365468.121,4249.375,94.2111,56.8444,1.6574,7.9225,4.9591,5.8173,0.7128,20978.6016,0.001
urine_bag\sim_urine_bag_002\sim_urine_bag_002_p000\rgb_01.png,urine_bag\sim_urine_bag_002\sim_urine_bag_002_p000\depth_01.png,urine_bag\sim_urine_bag_002\sim_urine_bag_002_p000\mask.png,urine_bag,sim_urine_bag_002,sim_urine_bag_002_p000,1,ONE,1790365468.324,4248.5625,94.2067,56.2959,1.6734,7.9657,4.9611,5.8128,0.7045,20972.6172,0.0014
urine_bag\sim_urine_bag_003\sim_urine_bag_003_p000\rgb_00.png,urine_bag\sim_urine_bag_003\sim_urine_bag_003_p000\depth_00.png,urine_bag\sim_urine_bag_003\sim_urine_bag_003_p000\mask.png,urine_bag,sim_urine_bag_003,sim_urine_bag_003_p000,0,ONE,1790365468.591,4256.5625,94.6872,57.2576,1.6537,7.7601,4.9545,5.8213,0.7267,20974.0566,0.0014
urine_bag\sim_urine_bag_003\sim_urine_bag_003_p000\rgb_01.png,urine_bag\sim_urine_bag_003\sim_urine_bag_003_p000\depth_01.png,urine_bag\sim_urine_bag_003\sim_urine_bag_003_p000\mask.png,urine_bag,sim_urine_bag_003,sim_urine_bag_003_p000,1,ONE,1790365468.796,4253.625,94.8586,56.7566,1.6713,7.7881,4.9598,5.8212,0.7221,20997.207,0.0011
gloves\sim_gloves_000\sim_gloves_000_p000\rgb_00.png,gloves\sim_gloves_000\sim_gloves_000_p000\depth_00.png,gloves\sim_gloves_000\sim_gloves_000_p000\mask.png,gloves,sim_gloves_000,sim_gloves_000_p000,0,ONE,1790365469.063,3691.375,97.8564,49.1849,1.9896,10.5891,7.4951,8.7169,1.1095,27600.2676,0.0009
gloves\sim_gloves_000\sim_gloves_000_p000\rgb_01.png,gloves\sim_gloves_000\sim_gloves_000_p000\depth_01.png,gloves\sim_gloves_000\sim_gloves_000_p000\mask.png,gloves,sim_gloves_000,sim_gloves_000_p000,1,ONE,1790365469.276,3693.625,97.9593,48.4353,2.0225,10.5978,7.492,8.7226,1.1152,27585.6699,0.0011
gloves\sim_gloves_001\sim_gloves_001_p000\rgb_00.png,gloves\sim_gloves_001\sim_gloves_001_p000\depth_00.png,gloves\sim_gloves_001\sim_gloves_001_p000\mask.png,gloves,sim_gloves_001,sim_gloves_001_p000,0,ONE,1790365469.542,3697.6875,97.9247,49.6332,1.973,11.0256,7.4926,8.7171,1.1119,27623.7461,0.0009
gloves\sim_gloves_001\sim_gloves_001_p000\rgb_01.png,gloves\sim_gloves_001\sim_gloves_001_p000\depth_01.png,gloves\sim_gloves_001\sim_gloves_001_p000\mask.png,gloves,sim_gloves_001,sim_gloves_001_p000,1,ONE,1790365469.761,3697.875,98.1396,49.3304,1.9894,10.869,7.4882,8.7129,1.122,27615.5742,0.001
gloves\sim_gloves_002\sim_gloves_002_p000\rgb_00.png,gloves\sim_gloves_002\sim_gloves_002_p000\depth_00.png,gloves\sim_gloves_002\sim_gloves_002_p000\mask.png,gloves,sim_gloves_002,sim_gloves_002_p000,0,ONE,1790365470.04,3696.6875,98.888,49.4852,1.9983,10.8658,7.4892,8.7249,1.1248,27594.7695,0.001
gloves\sim_gloves_002\sim_gloves_002_p000\rgb_01.png,gloves\sim_gloves_002\sim_gloves_002_p000\depth_01.png,gloves\sim_gloves_002\sim_gloves_002_p000\mask.png,gloves,sim_gloves_002,sim_gloves_002_p000,1,ONE,1790365470.251,3700.5625,98.7503,49.0743,2.0123,10.5856,7.4864,8.7211,1.1387,27609.2227,0.0009
gloves\sim_gloves_003\sim_gloves_003_p000\rgb_00.png,gloves\sim_gloves_003\sim_gloves_003_p000\depth_00.png,gloves\sim_gloves_003\sim_gloves_003_p000\mask.png,gloves,sim_gloves_003,sim_gloves_003_p000,0,ONE,1790365470.523,3698.375,98.5952,49.5948,1.988,10.6393,7.4867,8.7276,1.1347,27584.8906,0.0012
gloves\sim_gloves_003\sim_gloves_003_p000\rgb_01.png,gloves\sim_gloves_003\sim_gloves_003_p000\depth_01.png,gloves\sim_gloves_003\sim_gloves_003_p000\mask.png,gloves,sim_gloves_003,sim_gloves_003_p000,1,ONE,1790365470.748,3693.875,97.9603,48.3998,2.024,10.6718,7.4871,8.7216,1.1278,27575.373,0.0011
vacutainer\sim_vacutainer_000\sim_vacutainer_000_p000\rgb_00.png,vacutainer\sim_vacutainer_000\sim_vacutainer_000_p000\depth_00.png,vacutainer\sim_vacutainer_000\sim_vacutainer_000_p000\mask.png,vacutainer,sim_vacutainer_000,sim_vacutainer_000_p000,0,ONE,1790365471.015,1172.8125,80.8385,16.3123,4.9557,18.8416,14.1251,15.4573,1.4796,16450.4805,0.0013
vacutainer\sim_vacutainer_000\sim_vacutainer_000_p000\rgb_01.png,vacutainer\sim_vacutainer_000\sim_vacutainer_000_p000\depth_01.png,vacutainer\sim_vacutainer_000\sim_vacutainer_000_p000\mask.png,vacutainer,sim_vacutainer_000,sim_vacutainer_000_p000,1,ONE,1790365471.226,1175.25,81.9327,16.9615,4.8305,18.1659,14.1135,15.458,1.4997,16443.9609,0.0013
vacutainer\sim_vacutainer_001\sim_vacutainer_001_p000\rgb_00.png,vacutainer\sim_vacutainer_001\sim_vacutainer_001_p000\depth_00.png,vacutainer\sim_vacutainer_001\sim_vacutainer_001_p000\mask.png,vacutainer,sim_vacutainer_001,sim_vacutainer_001_p000,0,ONE,1790365471.482,1165.0,81.8822,16.3738,5.0008,18.2154,14.1148,15.4821,1.5232,16291.1523,0.0015
vacutainer\sim_vacutainer_001\sim_vacutainer_001_p000\rgb_01.png,vacutainer\sim_vacutainer_001\sim_vacutainer_001_p000\depth_01.png,vacutainer\sim_vacutainer_001\sim_vacutainer_001_p000\mask.png,vacutainer,sim_vacutainer_001,sim_vacutainer_001_p000,1,ONE,1790365471.699,1166.5,80.8746,17.1114,4.7264,18.5681,14.1021,15.4443,1.5887,16296.7676,0.0012
vacutainer\sim_vacutainer_002\sim_vacutainer_002_p000\rgb_00.png,vacutainer\sim_vacutainer_002\sim_vacutainer_002_p000\depth_00.png,vacutainer\sim_vacutainer_002\sim_vacutainer_002_p000\mask.png,vacutainer,sim_vacutainer_002,sim_vacutainer_002_p000,0,ONE,1790365471.966,1172.9375,81.4158,16.4189,4.9587,17.8654,14.1421,15.4737,1.4077,16444.5547,0.0014
vacutainer\sim_vacutainer_002\sim_vacutainer_002_p000\rgb_01.png,vacutainer\sim_vacutainer_002\sim_vacutainer_002_p000\depth_01.png,vacutainer\sim_vacutainer_002\sim_vacutainer_002_p000\mask.png,vacutainer,sim_vacutainer_002,sim_vacutainer_002_p000,1,ONE,1790365472.166,1172.75,81.3975,16.4193,4.9574,18.1814,14.1254,15.4615,1.4734,16449.0781,0.0009
vacutainer\sim_vacutainer_003\sim_vacutainer_003_p000\rgb_00.png,vacutainer\sim_vacutainer_003\sim_vacutainer_003_p000\depth_00.png,vacutainer\sim_vacutainer_003\sim_vacutainer_003_p000\mask.png,vacutainer,sim_vacutainer_003,sim_vacutainer_003_p000,0,ONE,1790365472.429,1170.4375,80.8858,16.3839,4.9369,18.3194,14.1322,15.4607,1.4469,16402.2109,0.0014
vacutainer\sim_vacutainer_003\sim_vacutainer_003_p000\rgb_01.png,vacutainer\sim_vacutainer_003\sim_vacutainer_003_p000\depth_01.png,vacutainer\sim_vacutainer_003\sim_vacutainer_003_p000\mask.png,vacutainer,sim_vacutainer_003,sim_vacutainer_003_p000,1,ONE,1790365472.632,1171.25,81.5477,17.0012,4.7966,18.1101,14.1367,15.4804,1.4497,16418.9023,0.0007
plastic_bottle\sim_plastic_bottle_000\sim_plastic_bottle_000_p000\rgb_00.png,plastic_bottle\sim_plastic_bottle_000\sim_plastic_bottle_000_p000\depth_00.png,plastic_bottle\sim_plastic_bottle_000\sim_plastic_bottle_000_p000\mask.png,plastic_bottle,sim_plastic_bottle_000,sim_plastic_bottle_000_p000,0,ONE,1790365472.899,2965.5,92.4614,42.1499,2.1936,35.1021,30.9001,32.7947,3.8113,91249.7891,0.0009
plastic_bottle\sim_plastic_bottle_000\sim_plastic_bottle_000_p000\rgb_01.png,plastic_bottle\sim_plastic_bottle_000\sim_plastic_bottle_000_p000\depth_01.png,plastic_bottle\sim_plastic_bottle_000\sim_plastic_bottle_000_p000\mask.png,plastic_bottle,sim_plastic_bottle_000,sim_plastic_bottle_000_p000,1,ONE,1790365473.123,2967.5625,93.244,42.9325,2.1719,34.6504,30.9044,32.7996,3.7991,91249.1875,0.0011
plastic_bottle\sim_plastic_bottle_001\sim_plastic_bottle_001_p000\rgb_00.png,plastic_bottle\sim_plastic_bottle_001\sim_plastic_bottle_001_p000\depth_00.png,plastic_bottle\sim_plastic_bottle_001\sim_plastic_bottle_001_p000\mask.png,plastic_bottle,sim_plastic_bottle_001,sim_plastic_bottle_001_p000,0,ONE,1790365473.402,2964.8125,92.6605,42.8064,2.1646,34.8629,30.8779,32.7891,3.8912,91132.3125,0.0011
plastic_bottle\sim_plastic_bottle_001\sim_plastic_bottle_001_p000\rgb_01.png,plastic_bottle\sim_plastic_bottle_001\sim_plastic_bottle_001_p000\depth_01.png,plastic_bottle\sim_plastic_bottle_001\sim_plastic_bottle_001_p000\mask.png,plastic_bottle,sim_plastic_bottle_001,sim_plastic_bottle_001_p000,1,ONE,1790365473.607,2966.0,93.3956,42.8385,2.1802,34.7539,30.8766,32.7964,3.8975,91165.0391,0.0008
plastic_bottle\sim_plastic_bottle_002\sim_plastic_bottle_002_p000\rgb_00.png,plastic_bottle\sim_plastic_bottle_002\sim_plastic_bottle_002_p000\depth_00.png,plastic_bottle\sim_plastic_bottle_002\sim_plastic_bottle_002_p000\mask.png,plastic_bottle,sim_plastic_bottle_002,sim_plastic_bottle_002_p000,0,ONE,1790365473.88,2966.1875,92.8078,42.2496,2.1967,34.7488,30.8764,32.8014,3.8981,91143.2969,0.001
plastic_bottle\sim_plastic_bottle_002\sim_plastic_bottle_002_p000\rgb_01.png,plastic_bottle\sim_plastic_bottle_002\sim_plastic_bottle_002_p000\depth_01.png,plastic_bottle\sim_plastic_bottle_002\sim_plastic_bottle_002_p000\mask.png,plastic_bottle,sim_plastic_bottle_002,sim_plastic_bottle_002_p000,1,ONE,1790365474.093,2968.125,92.2865,42.6209,2.1653,34.757,30.8824,32.7921,3.8741,91141.7891,0.0011
plastic_bottle\sim_plastic_bottle_003\sim_plastic_bottle_003_p000\rgb_00.png,plastic_bottle\sim_plastic_bottle_003\sim_plastic_bottle_003_p000\depth_00.png,plastic_bottle\sim_plastic_bottle_003\sim_plastic_bottle_003_p000\mask.png,plastic_bottle,sim_plastic_bottle_003,sim_plastic_bottle_003_p000,0,ONE,1790365474.371,2967.4375,92.9423,42.3092,2.1967,34.587,30.8738,32.8003,3.9208,91162.4609,0.0011
plastic_bottle\sim_plastic_bottle_003\sim_plastic_bottle_003_p000\rgb_01.png,plastic_bottle\sim_plastic_bottle_003\sim_plastic_bottle_003_p000\depth_01.png,plastic_bottle\sim_plastic_bottle_003\sim_plastic_bottle_003_p000\mask.png,plastic_bottle,sim_plastic_bottle_003,sim_plastic_bottle_003_p000,1,ONE,1790365474.571,2968.625,92.91,42.7787,2.1719,34.5251,30.8762,32.789,3.8994,91156.3125,0.0009
soiled_gauze_dressing\sim_soiled_gauze_dressing_000\sim_soiled_gauze_dressing_000_p000\rgb_00.png,soiled_gauze_dressing\sim_soiled_gauze_dressing_000\sim_soiled_gauze_dressing_000_p000\depth_00.png,soiled_gauze_dressing\sim_soiled_gauze_dressing_000\sim_soiled_gauze_dressing_000_p000\mask.png,soiled_gauze_dressing,sim_soiled_gauze_dressing_000,sim_soiled_gauze_dressing_000_p000,0,ONE,1790365474.844,3347.875,62.364,56.9397,1.0953,6.8563,3.9846,4.8227,0.6854,13268.6914,0.001
soiled_gauze_dressing\sim_soiled_gauze_dressing_000\sim_soiled_gauze_dressing_000_p000\rgb_01.png,soiled_gauze_dressing\sim_soiled_gauze_dressing_000\sim_soiled_gauze_dressing_000_p000\depth_01.png,soiled_gauze_dressing\sim_soiled_gauze_dressing_000\sim_soiled_gauze_dressing_000_p000\mask.png,soiled_gauze_dressing,sim_soiled_gauze_dressing_000,sim_soiled_gauze_dressing_000_p000,1,ONE,1790365475.062,3344.25,61.9001,56.2436,1.1006,6.6611,3.988,4.8358,0.6846,13275.625,0.001
soiled_gauze_dressing\sim_soiled_gauze_dressing_001\sim_soiled_gauze_dressing_001_p000\rgb_00.png,soiled_gauze_dressing\sim_soiled_gauze_dressing_001\sim_soiled_gauze_dressing_001_p000\depth_00.png,soiled_gauze_dressing\sim_soiled_gauze_dressing_001\sim_soiled_gauze_dressing_001_p000\mask.png,soiled_gauze_dressing,sim_soiled_gauze_dressing_001,sim_soiled_gauze_dressing_001_p000,0,ONE,1790365475.34,3342.0,61.2921,56.6135,1.0826,7.0553,3.9841,4.8361,0.6905,13251.2412,0.0011
soiled_gauze_dressing\sim_soiled_gauze_dressing_001\sim_soiled_gauze_dressing_001_p000\rgb_01.png,soiled_gauze_dressing\sim_soiled_gauze_dressing_001\sim_soiled_gauze_dressing_001_p000\depth_01.png,soiled_gauze_dressing\sim_soiled_gauze_dressing_001\sim_soiled_gauze_dressing_001_p000\mask.png,soiled_gauze_dressing,sim_soiled_gauze_dressing_001,sim_soiled_gauze_dressing_001_p000,1,ONE,1790365475.541,3343.1875,61.9445,56.9382,1.0879,6.6242,3.9791,4.815,0.6822,13235.6016,0.0011
soiled_gauze_dressing\sim_soiled_gauze_dressing_002\sim_soiled_gauze_dressing_002_p000\rgb_00.png,soiled_gauze_dressing\sim_soiled_gauze_dressing_002\sim_soiled_gauze_dressing_002_p000\depth_00.png,soiled_gauze_dressing\sim_soiled_gauze_dressing_002\sim_soiled_gauze_dressing_002_p000\mask.png,soiled_gauze_dressing,sim_soiled_gauze_dressing_002,sim_soiled_gauze_dressing_002_p000,0,ONE,1790365475.831,3340.1875,60.7513,55.7719,1.0893,6.892,3.9886,4.8321,0.6783,13263.582,0.0012
soiled_gauze_dressing\sim_soiled_gauze_dressing_002\sim_soiled_gauze_dressing_002_p000\rgb_01.png,soiled_gauze_dressing\sim_soiled_gauze_dressing_002\sim_soiled_gauze_dressing_002_p000\depth_01.png,soiled_gauze_dressing\sim_soiled_gauze_dressing_002\sim_soiled_gauze_dressing_002_p000\mask.png,soiled_gauze_dressing,sim_soiled_gauze_dressing_002,sim_soiled_gauze_dressing_002_p000,1,ONE,1790365476.044,3341.6875,61.4307,56.0728,1.0956,6.8102,3.982,4.8261,0.682,13247.2305,0.001
soiled_gauze_dressing\sim_soiled_gauze_dressing_003\sim_soiled_gauze_dressing_003_p000\rgb_00.png,soiled_gauze_dressing\sim_soiled_gauze_dressing_003\sim_soiled_gauze_dressing_003_p000\depth_00.png,soiled_gauze_dressing\sim_soiled_gauze_dressing_003\sim_soiled_gauze_dressing_003_p000\mask.png,soiled_gauze_dressing,sim_soiled_gauze_dressing_003,sim_soiled_gauze_dressing_003_p000,0,ONE,1790365476.322,3347.3125,61.1648,56.0422,1.0914,6.9554,3.9871,4.8319,0.6815,13279.3691,0.001
soiled_gauze_dressing\sim_soiled_gauze_dressing_003\sim_soiled_gauze_dressing_003_p000\rgb_01.png,soiled_gauze_dressing\sim_soiled_gauze_dressing_003\sim_soiled_gauze_dressing_003_p000\depth_01.png,soiled_gauze_dressing\sim_soiled_gauze_dressing_003\sim_soiled_gauze_dressing_003_p000\mask.png,soiled_gauze_dressing,sim_soiled_gauze_dressing_003,sim_soiled_gauze_dressing_003_p000,1,ONE,1790365476.528,3348.5625,61.6232,56.5483,1.0897,6.5805,3.9847,4.8261,0.6828,13277.1914,0.0009
soiled_cotton\sim_soiled_cotton_000\sim_soiled_cotton_000_p000\rgb_00.png,soiled_cotton\sim_soiled_cotton_000\sim_soiled_cotton_000_p000\depth_00.png,soiled_cotton\sim_soiled_cotton_000\sim_soiled_cotton_000_p000\mask.png,soiled_cotton,sim_soiled_cotton_000,sim_soiled_cotton_000_p000,0,ONE,1790365476.807,1177.125,40.7431,37.0169,1.1007,16.0536,12.9309,13.8383,1.137,15113.8359,0.0009
soiled_cotton\sim_soiled_cotton_000\sim_soiled_cotton_000_p000\rgb_01.png,soiled_cotton\sim_soiled_cotton_000\sim_soiled_cotton_000_p000\depth_01.png,soiled_cotton\sim_soiled_cotton_000\sim_soiled_cotton_000_p000\mask.png,soiled_cotton,sim_soiled_cotton_000,sim_soiled_cotton_000_p000,1,ONE,1790365477.02,1175.1875,42.2266,35.2928,1.1965,15.6775,12.9301,13.8207,1.1316,15099.1777,0.0016
soiled_cotton\sim_soiled_cotton_001\sim_soiled_cotton_001_p000\rgb_00.png,soiled_cotton\sim_soiled_cotton_001\sim_soiled_cotton_001_p000\depth_00.png,soiled_cotton\sim_soiled_cotton_001\sim_soiled_cotton_001_p000\mask.png,soiled_cotton,sim_soiled_cotton_001,sim_soiled_cotton_001_p000,0,ONE,1790365477.311,1176.75,42.2301,35.2125,1.1993,15.4573,12.9297,13.8402,1.1202,15114.876,0.0011
soiled_cotton\sim_soiled_cotton_001\sim_soiled_cotton_001_p000\rgb_01.png,soiled_cotton\sim_soiled_cotton_001\sim_soiled_cotton_001_p000\depth_01.png,soiled_cotton\sim_soiled_cotton_001\sim_soiled_cotton_001_p000\mask.png,soiled_cotton,sim_soiled_cotton_001,sim_soiled_cotton_001_p000,1,ONE,1790365477.528,1175.0625,41.3673,36.1125,1.1455,15.3651,12.9401,13.8215,1.0713,15120.5098,0.0009
soiled_cotton\sim_soiled_cotton_002\sim_soiled_cotton_002_p000\rgb_00.png,soiled_cotton\sim_soiled_cotton_002\sim_soiled_cotton_002_p000\depth_00.png,soiled_cotton\sim_soiled_cotton_002\sim_soiled_cotton_002_p000\mask.png,soiled_cotton,sim_soiled_cotton_002,sim_soiled_cotton_002_p000,0,ONE,1790365477.795,1174.9375,42.25,35.25,1.1986,15.6801,12.9381,13.8195,1.0543,15111.6758,0.0009
soiled_cotton\sim_soiled_cotton_002\sim_soiled_cotton_002_p000\rgb_01.png,soiled_cotton\sim_soiled_cotton_002\sim_soiled_cotton_002_p000\depth_01.png,soiled_cotton\sim_soiled_cotton_002\sim_soiled_cotton_002_p000\mask.png,soiled_cotton,sim_soiled_cotton_002,sim_soiled_cotton_002_p000,1,ONE,1790365478.007,1177.0,42.25,35.25,1.1986,15.4496,12.9303,13.8412,1.1305,15115.5225,0.0013
soiled_cotton\sim_soiled_cotton_003\sim_soiled_cotton_003_p000\rgb_00.png,soiled_cotton\sim_soiled_cotton_003\sim_soiled_cotton_003_p000\depth_00.png,soiled_cotton\sim_soiled_cotton_003\sim_soiled_cotton_003_p000\mask.png,soiled_cotton,sim_soiled_cotton_003,sim_soiled_cotton_003_p000,0,ONE,1790365478.298,1174.0,42.1029,35.4573,1.1874,15.6935,12.9397,13.8328,1.0677,15092.582,0.0013
soiled_cotton\sim_soiled_cotton_003\sim_soiled_cotton_003_p000\rgb_01.png,soiled_cotton\sim_soiled_cotton_003\sim_soiled_cotton_003_p000\depth_01.png,soiled_cotton\sim_soiled_cotton_003\sim_soiled_cotton_003_p000\mask.png,soiled_cotton,sim_soiled_cotton_003,sim_soiled_cotton_003_p000,1,ONE,1790365478.51,1175.9375,42.2189,35.4514,1.1909,15.5367,12.9346,13.8388,1.1425,15106.8408,0.0012
plaster_cast\sim_plaster_cast_000\sim_plaster_cast_000_p000\rgb_00.png,plaster_cast\sim_plaster_cast_000\sim_plaster_cast_000_p000\depth_00.png,plaster_cast\sim_plaster_cast_000\sim_plaster_cast_000_p000\mask.png,plaster_cast,sim_plaster_cast_000,sim_plaster_cast_000_p000,0,ONE,1790365478.804,3280.5,86.5025,40.4485,2.1386,22.5843,18.7038,20.4188,1.6633,61055.0781,0.001
plaster_cast\sim_plaster_cast_000\sim_plaster_cast_000_p000\rgb_01.png,plaster_cast\sim_plaster_cast_000\sim_plaster_cast_000_p000\depth_01.png,plaster_cast\sim_plaster_cast_000\sim_plaster_cast_000_p000\mask.png,plaster_cast,sim_plaster_cast_000,sim_plaster_cast_000_p000,1,ONE,1790365479.019,3277.375,86.8517,39.5392,2.1966,22.4638,18.7172,20.417,1.5857,61035.6094,0.0012
plaster_cast\sim_plaster_cast_001\sim_plaster_cast_001_p000\rgb_00.png,plaster_cast\sim_plaster_cast_001\sim_plaster_cast_001_p000\depth_00.png,plaster_cast\sim_plaster_cast_001\sim_plaster_cast_001_p000\mask.png,plaster_cast,sim_plaster_cast_001,sim_plaster_cast_001_p000,0,ONE,1790365479.309,3265.875,86.171,39.3352,2.1907,23.0149,18.717,20.4261,1.6037,60832.5625,0.001
plaster_cast\sim_plaster_cast_001\sim_plaster_cast_001_p000\rgb_01.png,plaster_cast\sim_plaster_cast_001\sim_plaster_cast_001_p000\depth_01.png,plaster_cast\sim_plaster_cast_001\sim_plaster_cast_001_p000\mask.png,plaster_cast,sim_plaster_cast_001,sim_plaster_cast_001_p000,1,ONE,1790365479.521,3266.4375,85.9757,40.3134,2.1327,22.4998,18.7176,20.4372,1.6253,60839.2656,0.0011
plaster_cast\sim_plaster_cast_002\sim_plaster_cast_002_p000\rgb_00.png,plaster_cast\sim_plaster_cast_002\sim_plaster_cast_002_p000\depth_00.png,plaster_cast\sim_plaster_cast_002\sim_plaster_cast_002_p000\mask.png,plaster_cast,sim_plaster_cast_002,sim_plaster_cast_002_p000,0,ONE,1790365479.806,3275.0625,86.7967,40.7761,2.1286,22.5914,18.7027,20.4287,1.7051,60887.8047,0.0012
plaster_cast\sim_plaster_cast_002\sim_plaster_cast_002_p000\rgb_01.png,plaster_cast\sim_plaster_cast_002\sim_plaster_cast_002_p000\depth_01.png,plaster_cast\sim_plaster_cast_002\sim_plaster_cast_002_p000\mask.png,plaster_cast,sim_plaster_cast_002,sim_plaster_cast_002_p000,1,ONE,1790365480.012,3272.875,87.6866,39.4696,2.2216,22.3219,18.7046,20.4217,1.6628,60879.8516,0.0009
plaster_cast\sim_plaster_cast_003\sim_plaster_cast_003_p000\rgb_00.png,plaster_cast\sim_plaster_cast_003\sim_plaster_cast_003_p000\depth_00.png,plaster_cast\sim_plaster_cast_003\sim_plaster_cast_003_p000\mask.png,plaster_cast,sim_plaster_cast_003,sim_plaster_cast_003_p000,0,ONE,1790365480.297,3271.5,86.3235,39.7389,2.1723,22.3983,18.7072,20.4156,1.6352,60928.1953,0.0009
plaster_cast\sim_plaster_cast_003\sim_plaster_cast_003_p000\rgb_01.png,plaster_cast\sim_plaster_cast_003\sim_plaster_cast_003_p000\depth_01.png,plaster_cast\sim_plaster_cast_003\sim_plaster_cast_003_p000\mask.png,plaster_cast,sim_plaster_cast_003,sim_plaster_cast_003_p000,1,ONE,1790365480.515,3273.75,87.6408,40.3407,2.1725,22.4511,18.7,20.4249,1.6702,60923.4141,0.0011
glass_vial\sim_glass_vial_000\sim_glass_vial_000_p000\rgb_00.png,glass_vial\sim_glass_vial_000\sim_glass_vial_000_p000\depth_00.png,glass_vial\sim_glass_vial_000\sim_glass_vial_000_p000\mask.png,glass_vial,sim_glass_vial_000,sim_glass_vial_000_p000,0,ONE,1790365480.806,1028.9375,52.6039,20.479,2.5687,20.4722,17.1093,18.83,3.8981,1903.407,0.88
glass_vial\sim_glass_vial_000\sim_glass_vial_000_p000\rgb_01.png,glass_vial\sim_glass_vial_000\sim_glass_vial_000_p000\depth_01.png,glass_vial\sim_glass_vial_000\sim_glass_vial_000_p000\mask.png,glass_vial,sim_glass_vial_000,sim_glass_vial_000_p000,1,ONE,1790365481.017,1031.3125,53.0565,21.2837,2.4928,20.1505,17.0106,18.8329,4.0819,1901.9926,0.8782
glass_vial\sim_glass_vial_001\sim_glass_vial_001_p000\rgb_00.png,glass_vial\sim_glass_vial_001\sim_glass_vial_001_p000\depth_00.png,glass_vial\sim_glass_vial_001\sim_glass_vial_001_p000\mask.png,glass_vial,sim_glass_vial_001,sim_glass_vial_001_p000,0,ONE,1790365481.321,1030.25,52.8021,21.767,2.4258,20.0822,16.8116,18.806,4.4313,1893.4032,0.8784
glass_vial\sim_glass_vial_001\sim_glass_vial_001_p000\rgb_01.png,glass_vial\sim_glass_vial_001\sim_glass_vial_001_p000\depth_01.png,glass_vial\sim_glass_vial_001\sim_glass_vial_001_p000\mask.png,glass_vial,sim_glass_vial_001,sim_glass_vial_001_p000,1,ONE,1790365481.535,1031.375,53.25,21.3379,2.4956,20.0652,16.861,18.7663,4.3255,1890.5409,0.8775
glass_vial\sim_glass_vial_002\sim_glass_vial_002_p000\rgb_00.png,glass_vial\sim_glass_vial_002\sim_glass_vial_002_p000\depth_00.png,glass_vial\sim_glass_vial_002\sim_glass_vial_002_p000\mask.png,glass_vial,sim_glass_vial_002,sim_glass_vial_002_p000,0,ONE,1790365481.833,1030.0625,52.1864,21.6919,2.4058,19.9962,17.0032,18.7955,4.0676,1878.8528,0.8797
glass_vial\sim_glass_vial_002\sim_glass_vial_002_p000\rgb_01.png,glass_vial\sim_glass_vial_002\sim_glass_vial_002_p000\depth_01.png,glass_vial\sim_glass_vial_002\sim_glass_vial_002_p000\mask.png,glass_vial,sim_glass_vial_002,sim_glass_vial_002_p000,1,ONE,1790365482.042,1031.8125,53.2885,21.2273,2.5104,20.3806,16.9094,18.7878,4.2623,1881.1758,0.8783
glass_vial\sim_glass_vial_003\sim_glass_vial_003_p000\rgb_00.png,glass_vial\sim_glass_vial_003\sim_glass_vial_003_p000\depth_00.png,glass_vial\sim_glass_vial_003\sim_glass_vial_003_p000\mask.png,glass_vial,sim_glass_vial_003,sim_glass_vial_003_p000,0,ONE,1790365482.339,1026.3125,52.9666,20.865,2.5385,19.933,16.9304,18.7978,4.2064,1882.4469,0.8791
glass_vial\sim_glass_vial_003\sim_glass_vial_003_p000\rgb_01.png,glass_vial\sim_glass_vial_003\sim_glass_vial_003_p000\depth_01.png,glass_vial\sim_glass_vial_003\sim_glass_vial_003_p000\mask.png,glass_vial,sim_glass_vial_003,sim_glass_vial_003_p000,1,ONE,1790365482.539,1025.5,52.1664,20.8795,2.4985,20.0882,17.0246,18.853,4.095,1881.2196,0.8799
glass_ampoule\sim_glass_ampoule_000\sim_glass_ampoule_000_p000\rgb_00.png,glass_ampoule\sim_glass_ampoule_000\sim_glass_ampoule_000_p000\depth_00.png,glass_ampoule\sim_glass_ampoule_000\sim_glass_ampoule_000_p000\mask.png,glass_ampoule,sim_glass_ampoule_000,sim_glass_ampoule_000_p000,0,ONE,1790365482.823,807.0,64.7003,17.8544,3.6238,1.3747,0.4472,0.8889,0.3367,2.9909,0.976
glass_ampoule\sim_glass_ampoule_000\sim_glass_ampoule_000_p000\rgb_01.png,glass_ampoule\sim_glass_ampoule_000\sim_glass_ampoule_000_p000\depth_01.png,glass_ampoule\sim_glass_ampoule_000\sim_glass_ampoule_000_p000\mask.png,glass_ampoule,sim_glass_ampoule_000,sim_glass_ampoule_000_p000,1,ONE,1790365483.054,806.875,64.691,18.4831,3.5,1.4098,0.5042,0.9987,0.3512,3.4346,0.9761
glass_ampoule\sim_glass_ampoule_001\sim_glass_ampoule_001_p000\rgb_00.png,glass_ampoule\sim_glass_ampoule_001\sim_glass_ampoule_001_p000\depth_00.png,glass_ampoule\sim_glass_ampoule_001\sim_glass_ampoule_001_p000\mask.png,glass_ampoule,sim_glass_ampoule_001,sim_glass_ampoule_001_p000,0,ONE,1790365483.338,809.875,65.0962,17.8269,3.6516,1.7183,0.4382,1.0052,0.3846,3.177,0.9745
glass_ampoule\sim_glass_ampoule_001\sim_glass_ampoule_001_p000\rgb_01.png,glass_ampoule\sim_glass_ampoule_001\sim_glass_ampoule_001_p000\depth_01.png,glass_ampoule\sim_glass_ampoule_001\sim_glass_ampoule_001_p000\mask.png,glass_ampoule,sim_glass_ampoule_001,sim_glass_ampoule_001_p000,1,ONE,1790365483.545,806.3125,64.7718,17.278,3.7488,1.7603,0.4992,1.0379,0.3864,2.8703,0.9786
glass_ampoule\sim_glass_ampoule_002\sim_glass_ampoule_002_p000\rgb_00.png,glass_ampoule\sim_glass_ampoule_002\sim_glass_ampoule_002_p000\depth_00.png,glass_ampoule\sim_glass_ampoule_002\sim_glass_ampoule_002_p000\mask.png,glass_ampoule,sim_glass_ampoule_002,sim_glass_ampoule_002_p000,0,ONE,1790365483.835,807.1875,65.5869,17.9892,3.6459,1.9601,0.4482,0.8943,0.3716,3.5019,0.9755
glass_ampoule\sim_glass_ampoule_002\sim_glass_ampoule_002_p000\rgb_01.png,glass_ampoule\sim_glass_ampoule_002\sim_glass_ampoule_002_p000\depth_01.png,glass_ampoule\sim_glass_ampoule_002\sim_glass_ampoule_002_p000\mask.png,glass_ampoule,sim_glass_ampoule_002,sim_glass_ampoule_002_p000,1,ONE,1790365484.047,806.375,65.1379,17.5,3.7222,1.5186,0.5086,1.0526,0.3754,3.2423,0.9765
glass_ampoule\sim_glass_ampoule_003\sim_glass_ampoule_003_p000\rgb_00.png,glass_ampoule\sim_glass_ampoule_003\sim_glass_ampoule_003_p000\depth_00.png,glass_ampoule\sim_glass_ampoule_003\sim_glass_ampoule_003_p000\mask.png,glass_ampoule,sim_glass_ampoule_003,sim_glass_ampoule_003_p000,0,ONE,1790365484.332,808.3125,65.3338,18.4947,3.5326,1.4707,0.506,1.033,0.3624,2.9095,0.9748
glass_ampoule\sim_glass_ampoule_003\sim_glass_ampoule_003_p000\rgb_01.png,glass_ampoule\sim_glass_ampoule_003\sim_glass_ampoule_003_p000\depth_01.png,glass_ampoule\sim_glass_ampoule_003\sim_glass_ampoule_003_p000\mask.png,glass_ampoule,sim_glass_ampoule_003,sim_glass_ampoule_003_p000,1,ONE,1790365484.544,806.9375,64.89,18.0731,3.5904,2.2818,0.4476,0.9838,0.4198,2.6015,0.9765
broken_glass\sim_broken_glass_000\sim_broken_glass_000_p000\rgb_00.png,broken_glass\sim_broken_glass_000\sim_broken_glass_000_p000\depth_00.png,broken_glass\sim_broken_glass_000\sim_broken_glass_000_p000\mask.png,broken_glass,sim_broken_glass_000,sim_broken_glass_000_p000,0,ONE,1790365484.826,1015.125,61.155,27.8435,2.1964,1.6145,0.593,1.1874,0.4005,4.151,0.9784
broken_glass\sim_broken_glass_000\sim_broken_glass_000_p000\rgb_01.png,broken_glass\sim_broken_glass_000\sim_broken_glass_000_p000\depth_01.png,broken_glass\sim_broken_glass_000\sim_broken_glass_000_p000\mask.png,broken_glass,sim_broken_glass_000,sim_broken_glass_000_p000,1,ONE,1790365485.048,1017.8125,63.2962,27.7451,2.2813,1.826,0.5341,1.016,0.382,4.3728,0.976
broken_glass\sim_broken_glass_001\sim_broken_glass_001_p000\rgb_00.png,broken_glass\sim_broken_glass_001\sim_broken_glass_001_p000\depth_00.png,broken_glass\sim_broken_glass_001\sim_broken_glass_001_p000\mask.png,broken_glass,sim_broken_glass_001,sim_broken_glass_001_p000,0,ONE,1790365485.336,1011.25,61.0885,27.9156,2.1883,1.6315,0.44,0.9408,0.3583,3.0797,0.9778
broken_glass\sim_broken_glass_001\sim_broken_glass_001_p000\rgb_01.png,broken_glass\sim_broken_glass_001\sim_broken_glass_001_p000\depth_01.png,broken_glass\sim_broken_glass_001\sim_broken_glass_001_p000\mask.png,broken_glass,sim_broken_glass_001,sim_broken_glass_001_p000,1,ONE,1790365485.544,1013.5625,62.8293,27.793,2.2606,1.8499,0.5943,1.2402,0.3981,4.754,0.976
broken_glass\sim_broken_glass_002\sim_broken_glass_002_p000\rgb_00.png,broken_glass\sim_broken_glass_002\sim_broken_glass_002_p000\depth_00.png,broken_glass\sim_broken_glass_002\sim_broken_glass_002_p000\mask.png,broken_glass,sim_broken_glass_002,sim_broken_glass_002_p000,0,ONE,1790365485.829,1017.3125,61.8693,27.9116,2.2166,1.5602,0.5051,1.0134,0.3877,3.8512,0.9752
broken_glass\sim_broken_glass_002\sim_broken_glass_002_p000\rgb_01.png,broken_glass\sim_broken_glass_002\sim_broken_glass_002_p000\depth_01.png,broken_glass\sim_broken_glass_002\sim_broken_glass_002_p000\mask.png,broken_glass,sim_broken_glass_002,sim_broken_glass_002_p000,1,ONE,1790365486.041,1016.4375,61.5535,27.9184,2.2048,1.4568,0.4979,1.1808,0.3854,3.9207,0.976
broken_glass\sim_broken_glass_003\sim_broken_glass_003_p000\rgb_00.png,broken_glass\sim_broken_glass_003\sim_broken_glass_003_p000\depth_00.png,broken_glass\sim_broken_glass_003\sim_broken_glass_003_p000\mask.png,broken_glass,sim_broken_glass_003,sim_broken_glass_003_p000,0,ONE,1790365486.32,1015.25,62.8812,27.7524,2.2658,1.9345,0.4928,0.8903,0.3486,3.6345,0.9767
broken_glass\sim_broken_glass_003\sim_broken_glass_003_p000\rgb_01.png,broken_glass\sim_broken_glass_003\sim_broken_glass_003_p000\depth_01.png,broken_glass\sim_broken_glass_003\sim_broken_glass_003_p000\mask.png,broken_glass,sim_broken_glass_003,sim_broken_glass_003_p000,1,ONE,1790365486.531,1013.25,61.5352,27.8053,2.2131,2.1556,0.5567,1.098,0.4273,4.5235,0.9785
metal_implant\sim_metal_implant_000\sim_metal_implant_000_p000\rgb_00.png,metal_implant\sim_metal_implant_000\sim_metal_implant_000_p000\depth_00.png,metal_implant\sim_metal_implant_000\sim_metal_implant_000_p000\mask.png,metal_implant,sim_metal_implant_000,sim_metal_implant_000_p000,0,ONE,1790365486.811,554.5,60.1478,10.6234,5.6618,1.3772,0.4396,0.9477,0.3529,0.9616,0.9856
metal_implant\sim_metal_implant_000\sim_metal_implant_000_p000\rgb_01.png,metal_implant\sim_metal_implant_000\sim_metal_implant_000_p000\depth_01.png,metal_implant\sim_metal_implant_000\sim_metal_implant_000_p000\mask.png,metal_implant,sim_metal_implant_000,sim_metal_implant_000_p000,1,ONE,1790365487.023,552.0625,61.0499,10.3337,5.9079,1.5124,0.6494,1.3062,0.4145,0.6088,0.9897
metal_implant\sim_metal_implant_001\sim_metal_implant_001_p000\rgb_00.png,metal_implant\sim_metal_implant_001\sim_metal_implant_001_p000\depth_00.png,metal_implant\sim_metal_implant_001\sim_metal_implant_001_p000\mask.png,metal_implant,sim_metal_implant_001,sim_metal_implant_001_p000,0,ONE,1790365487.302,544.125,60.3286,9.5501,6.317,1.1948,0.5536,1.0115,0.3999,0.173,0.991
metal_implant\sim_metal_implant_001\sim_metal_implant_001_p000\rgb_01.png,metal_implant\sim_metal_implant_001\sim_metal_implant_001_p000\depth_01.png,metal_implant\sim_metal_implant_001\sim_metal_implant_001_p000\mask.png,metal_implant,sim_metal_implant_001,sim_metal_implant_001_p000,1,ONE,1790365487.513,547.3125,61.1811,11.1711,5.4767,1.257,0.4796,1.0166,0.3209,1.0492,0.9854
metal_implant\sim_metal_implant_002\sim_metal_implant_002_p000\rgb_00.png,metal_implant\sim_metal_implant_002\sim_metal_implant_002_p000\depth_00.png,metal_implant\sim_metal_implant_002\sim_metal_implant_002_p000\mask.png,metal_implant,sim_metal_implant_002,sim_metal_implant_002_p000,0,ONE,1790365487.786,557.5,60.4405,10.1804,5.9369,1.0388,0.5789,0.9335,0.3148,0.6874,0.9869
metal_implant\sim_metal_implant_002\sim_metal_implant_002_p000\rgb_01.png,metal_implant\sim_metal_implant_002\sim_metal_implant_002_p000\depth_01.png,metal_implant\sim_metal_implant_002\sim_metal_implant_002_p000\mask.png,metal_implant,sim_metal_implant_002,sim_metal_implant_002_p000,1,ONE,1790365487.998,561.1875,61.2795,12.0961,5.066,1.6237,0.5452,0.9818,0.3697,1.8401,0.9808
metal_implant\sim_metal_implant_003\sim_metal_implant_003_p000\rgb_00.png,metal_implant\sim_metal_implant_003\sim_metal_implant_003_p000\depth_00.png,metal_implant\sim_metal_implant_003\sim_metal_implant_003_p000\mask.png,metal_implant,sim_metal_implant_003,sim_metal_implant_003_p000,0,ONE,1790365488.271,556.5,60.8573,10.2548,5.9345,1.0146,0.4703,0.8809,0.2832,0.5585,0.989
metal_implant\sim_metal_implant_003\sim_metal_implant_003_p000\rgb_01.png,metal_implant\sim_metal_implant_003\sim_metal_implant_003_p000\depth_01.png,metal_implant\sim_metal_implant_003\sim_metal_implant_003_p000\mask.png,metal_implant,sim_metal_implant_003,sim_metal_implant_003_p000,1,ONE,1790365488.483,556.9375,60.6962,10.2383,5.9284,0.9958,0.407,0.8381,0.2726,0.5087,0.9881
invalid\sim_invalid_000\sim_invalid_000_p000\rgb_00.png,invalid\sim_invalid_000\sim_invalid_000_p000\depth_00.png,invalid\sim_invalid_000\sim_invalid_000_p000\mask.png,invalid,sim_invalid_000,sim_invalid_000_p000,0,ONE,1790365488.768,3276.875,73.8109,46.3366,1.5929,16.1931,12.1178,13.2031,1.0738,39551.0781,0.0009
invalid\sim_invalid_000\sim_invalid_000_p000\rgb_01.png,invalid\sim_invalid_000\sim_invalid_000_p000\depth_01.png,invalid\sim_invalid_000\sim_invalid_000_p000\mask.png,invalid,sim_invalid_000,sim_invalid_000_p000,1,ONE,1790365488.986,3277.0625,73.0751,46.8461,1.5599,16.4721,12.1228,13.2075,1.0724,39550.5469,0.0013
invalid\sim_invalid_001\sim_invalid_001_p000\rgb_00.png,invalid\sim_invalid_001\sim_invalid_001_p000\depth_00.png,invalid\sim_invalid_001\sim_invalid_001_p000\mask.png,invalid,sim_invalid_001,sim_invalid_001_p000,0,ONE,1790365489.271,3277.4375,73.7935,46.5718,1.5845,16.5168,12.1242,13.1864,1.0346,39573.293,0.001
invalid\sim_invalid_001\sim_invalid_001_p000\rgb_01.png,invalid\sim_invalid_001\sim_invalid_001_p000\depth_01.png,invalid\sim_invalid_001\sim_invalid_001_p000\mask.png,invalid,sim_invalid_001,sim_invalid_001_p000,1,ONE,1790365489.489,3279.75,73.1298,47.0295,1.555,16.2263,12.1141,13.2027,1.0854,39577.5273,0.0008
invalid\sim_invalid_002\sim_invalid_002_p000\rgb_00.png,invalid\sim_invalid_002\sim_invalid_002_p000\depth_00.png,invalid\sim_invalid_002\sim_invalid_002_p000\mask.png,invalid,sim_invalid_002,sim_invalid_002_p000,0,ONE,1790365489.767,3277.375,74.1957,46.3672,1.6002,16.3239,12.1258,13.1892,1.0463,39564.9219,0.0012
invalid\sim_invalid_002\sim_invalid_002_p000\rgb_01.png,invalid\sim_invalid_002\sim_invalid_002_p000\depth_01.png,invalid\sim_invalid_002\sim_invalid_002_p000\mask.png,invalid,sim_invalid_002,sim_invalid_002_p000,1,ONE,1790365489.986,3276.625,73.665,46.1876,1.5949,16.9853,12.119,13.197,1.0501,39541.3398,0.0012
invalid\sim_invalid_003\sim_invalid_003_p000\rgb_00.png,invalid\sim_invalid_003\sim_invalid_003_p000\depth_00.png,invalid\sim_invalid_003\sim_invalid_003_p000\mask.png,invalid,sim_invalid_003,sim_invalid_003_p000,0,ONE,1790365490.27,3278.5625,73.5309,45.9741,1.5994,16.3387,12.1284,13.2134,1.0471,39608.4297,0.0011
invalid\sim_invalid_003\sim_invalid_003_p000\rgb_01.png,invalid\sim_invalid_003\sim_invalid_003_p000\depth_01.png,invalid\sim_invalid_003\sim_invalid_003_p000\mask.png,invalid,sim_invalid_003,sim_invalid_003_p000,1,ONE,1790365490.483,3277.1875,72.9634,45.9139,1.5891,16.2084,12.1245,13.1947,1.0357,39591.7109,0.0011
