rgb,depth,mask,type,physical_id,placement_id,frame,occupancy,t,area_mm2,length_mm,width_mm,elongation,max_height_mm,mean_height_mm,p90_height_mm,height_std_mm,volume_mm3,invalid_depth_frac,source_split,source_file
images\1671102934432.jpg,,masks\1671102934432.png,test_tube,1671102934432,1671102934432,0,ONE,,604.9375,46.9066,37.2607,1.2589,0.0,0.0,0.0,0.0,0.0,0.0,train,images\test_tube\1671102934432.jpeg
images\1671115710522.jpg,,masks\1671115710522.png,medical_glasses,1671115710522,1671115710522,0,ONE,,996.0,61.5,48.25,1.2746,0.0,0.0,0.0,0.0,0.0,0.0,train,images\medical_glasses\1671115710522.jpeg
images\1671037899535.jpg,,masks\1671037899535.png,glove_pair_surgery,1671037899535,1671037899535,0,ONE,,9797.6875,133.75,125.75,1.0636,0.0,0.0,0.0,0.0,0.0,0.0,train,images\glove_pair_surgery\1671037899535.jpeg
images\1671097221679.jpg,,masks\1671097221679.png,glove_single_nitrile,1671097221679,1671097221679,0,ONE,,17404.625,149.75,126.25,1.1861,0.0,0.0,0.0,0.0,0.0,0.0,train,images\glove_single_nitrile\1671097221679.jpeg
images\1671036579026.jpg,,masks\1671036579026.png,glove_single_surgery,1671036579026,1671036579026,0,ONE,,6115.8125,129.25,70.25,1.8399,0.0,0.0,0.0,0.0,0.0,0.0,train,images\glove_single_surgery\1671036579026.jpeg
images\1671036540504.jpg,,masks\1671036540504.png,glove_single_surgery,1671036540504,1671036540504,0,ONE,,8679.0625,139.5,115.25,1.2104,0.0,0.0,0.0,0.0,0.0,0.0,train,images\glove_single_surgery\1671036540504.jpeg
images\1671187678786.jpg,,masks\1671187678786.png,gauze,1671187678786,1671187678786,0,ONE,,3710.375,106.75,87.5,1.22,0.0,0.0,0.0,0.0,0.0,0.0,train,images\gauze\1671187678786.jpeg
images\1671115700582.jpg,,masks\1671115700582.png,medical_glasses,1671115700582,1671115700582,0,ONE,,1084.125,50.75,47.75,1.0628,0.0,0.0,0.0,0.0,0.0,0.0,train,images\medical_glasses\1671115700582.jpeg
images\1671104011026.jpg,,masks\1671104011026.png,medical_cap,1671104011026,1671104011026,0,ONE,,13879.6875,141.432,126.0909,1.1217,0.0,0.0,0.0,0.0,0.0,0.0,train,images\medical_cap\1671104011026.jpeg
images\1671037330714.jpg,,masks\1671037330714.png,glove_pair_surgery,1671037330714,1671037330714,0,ONE,,13648.375,149.75,120.75,1.2402,0.0,0.0,0.0,0.0,0.0,0.0,train,images\glove_pair_surgery\1671037330714.jpeg
images\1671115116393.jpg,,masks\1671115116393.png,shoe_cover_pair,1671115116393,1671115116393,0,ONE,,11344.625,154.1003,118.7651,1.2975,0.0,0.0,0.0,0.0,0.0,0.0,train,images\shoe_cover_pair\1671115116393.jpeg
images\1671098653503.jpg,,masks\1671098653503.png,glove_single_latex,1671098653503,1671098653503,0,ONE,,1013.5,54.5,32.25,1.6899,0.0,0.0,0.0,0.0,0.0,0.0,train,images\glove_single_latex\1671098653503.jpeg
images\1671114894970.jpg,,masks\1671114894970.png,shoe_cover_pair,1671114894970,1671114894970,0,ONE,,12922.8125,147.25,128.0,1.1504,0.0,0.0,0.0,0.0,0.0,0.0,train,images\shoe_cover_pair\1671114894970.jpeg
images\1671115764587.jpg,,masks\1671115764587.png,medical_glasses,1671115764587,1671115764587,0,ONE,,1197.25,62.9763,29.6856,2.1214,0.0,0.0,0.0,0.0,0.0,0.0,train,images\medical_glasses\1671115764587.jpeg
images\1671104130394.jpg,,masks\1671104130394.png,medical_cap,1671104130394,1671104130394,0,ONE,,9471.6875,138.75,87.0,1.5948,0.0,0.0,0.0,0.0,0.0,0.0,train,images\medical_cap\1671104130394.jpeg
images\1671104111820.jpg,,masks\1671104111820.png,medical_cap,1671104111820,1671104111820,0,ONE,,7395.875,130.25,79.75,1.6332,0.0,0.0,0.0,0.0,0.0,0.0,train,images\medical_cap\1671104111820.jpeg
images\1671097973393.jpg,,masks\1671097973393.png,glove_pair_nitrile,1671097973393,1671097973393,0,ONE,,11663.4375,139.25,134.5,1.0353,0.0,0.0,0.0,0.0,0.0,0.0,train,images\glove_pair_nitrile\1671097973393.jpeg
images\1671114413673.jpg,,masks\1671114413673.png,shoe_cover_single,1671114413673,1671114413673,0,ONE,,10190.0625,129.2641,114.3702,1.1302,0.0,0.0,0.0,0.0,0.0,0.0,train,images\shoe_cover_single\1671114413673.jpeg
images\1671114861820.jpg,,masks\1671114861820.png,shoe_cover_pair,1671114861820,1671114861820,0,ONE,,12158.6875,157.2563,117.1719,1.3421,0.0,0.0,0.0,0.0,0.0,0.0,train,images\shoe_cover_pair\1671114861820.jpeg
images\1671103217890.jpg,,masks\1671103217890.png,test_tube,1671103217890,1671103217890,0,ONE,,2437.6875,81.0,79.0,1.0253,0.0,0.0,0.0,0.0,0.0,0.0,train,images\test_tube\1671103217890.jpeg
images\1671114819362.jpg,,masks\1671114819362.png,shoe_cover_pair,1671114819362,1671114819362,0,ONE,,6650.125,130.8244,76.7431,1.7047,0.0,0.0,0.0,0.0,0.0,0.0,train,images\shoe_cover_pair\1671114819362.jpeg
images\1671187733349.jpg,,masks\1671187733349.png,gauze,1671187733349,1671187733349,0,ONE,,2359.0625,107.0,65.5,1.6336,0.0,0.0,0.0,0.0,0.0,0.0,train,images\gauze\1671187733349.jpeg
images\1671097005059.jpg,,masks\1671097005059.png,glove_single_nitrile,1671097005059,1671097005059,0,ONE,,9931.1875,142.8555,97.0317,1.4723,0.0,0.0,0.0,0.0,0.0,0.0,train,images\glove_single_nitrile\1671097005059.jpeg
images\1671115088745.jpg,,masks\1671115088745.png,shoe_cover_pair,1671115088745,1671115088745,0,ONE,,13532.375,139.5,121.0,1.1529,0.0,0.0,0.0,0.0,0.0,0.0,train,images\shoe_cover_pair\1671115088745.jpeg
images\1671115638781.jpg,,masks\1671115638781.png,medical_glasses,1671115638781,1671115638781,0,ONE,,1687.8125,70.25,54.5,1.289,0.0,0.0,0.0,0.0,0.0,0.0,train,images\medical_glasses\1671115638781.jpeg
images\1671097703644.jpg,,masks\1671097703644.png,glove_pair_nitrile,1671097703644,1671097703644,0,ONE,,11028.4375,138.75,129.75,1.0694,0.0,0.0,0.0,0.0,0.0,0.0,train,images\glove_pair_nitrile\1671097703644.jpeg
images\1671103216120.jpg,,masks\1671103216120.png,test_tube,1671103216120,1671103216120,0,ONE,,2420.625,80.0,77.0,1.039,0.0,0.0,0.0,0.0,0.0,0.0,train,images\test_tube\1671103216120.jpeg
images\1671187712371.jpg,,masks\1671187712371.png,gauze,1671187712371,1671187712371,0,ONE,,972.375,83.25,25.5,3.2647,0.0,0.0,0.0,0.0,0.0,0.0,train,images\gauze\1671187712371.jpeg
images\1671187851081.jpg,,masks\1671187851081.png,gauze,1671187851081,1671187851081,0,ONE,,1054.9375,102.0644,28.5176,3.579,0.0,0.0,0.0,0.0,0.0,0.0,train,images\gauze\1671187851081.jpeg
images\1671114669913.jpg,,masks\1671114669913.png,shoe_cover_single,1671114669913,1671114669913,0,ONE,,10785.125,131.25,111.75,1.1745,0.0,0.0,0.0,0.0,0.0,0.0,train,images\shoe_cover_single\1671114669913.jpeg
images\1671104014028.jpg,,masks\1671104014028.png,medical_cap,1671104014028,1671104014028,0,ONE,,8274.3125,133.5721,92.0982,1.4503,0.0,0.0,0.0,0.0,0.0,0.0,train,images\medical_cap\1671104014028.jpeg
images\1671036421439.jpg,,masks\1671036421439.png,glove_single_surgery,1671036421439,1671036421439,0,ONE,,4957.0,128.4155,58.1803,2.2072,0.0,0.0,0.0,0.0,0.0,0.0,train,images\glove_single_surgery\1671036421439.jpeg
images\1671114928889.jpg,,masks\1671114928889.png,shoe_cover_pair,1671114928889,1671114928889,0,ONE,,9834.75,131.9643,103.6094,1.2737,0.0,0.0,0.0,0.0,0.0,0.0,train,images\shoe_cover_pair\1671114928889.jpeg
images\1671104044844.jpg,,masks\1671104044844.png,medical_cap,1671104044844,1671104044844,0,ONE,,8796.125,124.7756,93.0598,1.3408,0.0,0.0,0.0,0.0,0.0,0.0,train,images\medical_cap\1671104044844.jpeg
images\1671102981324.jpg,,masks\1671102981324.png,test_tube,1671102981324,1671102981324,0,ONE,,579.9375,43.8961,19.8171,2.2151,0.0,0.0,0.0,0.0,0.0,0.0,train,images\test_tube\1671102981324.jpeg
images\1671099710785.jpg,,masks\1671099710785.png,glove_pair_latex,1671099710785,1671099710785,0,ONE,,2575.0,99.5,60.0,1.6583,0.0,0.0,0.0,0.0,0.0,0.0,train,images\glove_pair_latex\1671099710785.jpeg
images\1671100320322.jpg,,masks\1671100320322.png,urine_bag,1671100320322,1671100320322,0,ONE,,4134.9375,115.5,94.0,1.2287,0.0,0.0,0.0,0.0,0.0,0.0,train,images\urine_bag\1671100320322.jpeg
images\1671036407261.jpg,,masks\1671036407261.png,glove_single_surgery,1671036407261,1671036407261,0,ONE,,10676.5625,131.5,129.25,1.0174,0.0,0.0,0.0,0.0,0.0,0.0,train,images\glove_single_surgery\1671036407261.jpeg
images\1671104166414.jpg,,masks\1671104166414.png,medical_cap,1671104166414,1671104166414,0,ONE,,10387.0625,129.0,123.0,1.0488,0.0,0.0,0.0,0.0,0.0,0.0,train,images\medical_cap\1671104166414.jpeg
images\1671102929495.jpg,,masks\1671102929495.png,test_tube,1671102929495,1671102929495,0,ONE,,715.125,47.75,26.5,1.8019,0.0,0.0,0.0,0.0,0.0,0.0,train,images\test_tube\1671102929495.jpeg
images\1671097985566.jpg,,masks\1671097985566.png,glove_pair_nitrile,1671097985566,1671097985566,0,ONE,,11869.625,149.75,142.75,1.049,0.0,0.0,0.0,0.0,0.0,0.0,train,images\glove_pair_nitrile\1671097985566.jpeg
images\1671104231749.jpg,,masks\1671104231749.png,medical_cap,1671104231749,1671104231749,0,ONE,,8831.75,167.9603,86.0186,1.9526,0.0,0.0,0.0,0.0,0.0,0.0,train,images\medical_cap\1671104231749.jpeg
images\1671099604293.jpg,,masks\1671099604293.png,glove_pair_latex,1671099604293,1671099604293,0,ONE,,3399.5,88.25,83.5,1.0569,0.0,0.0,0.0,0.0,0.0,0.0,train,images\glove_pair_latex\1671099604293.jpeg
images\1671099304261.jpg,,masks\1671099304261.png,glove_pair_latex,1671099304261,1671099304261,0,ONE,,2960.375,89.4296,61.3992,1.4565,0.0,0.0,0.0,0.0,0.0,0.0,train,images\glove_pair_latex\1671099304261.jpeg
images\1671100482510.jpg,,masks\1671100482510.png,urine_bag,1671100482510,1671100482510,0,ONE,,6002.125,134.75,107.0,1.2593,0.0,0.0,0.0,0.0,0.0,0.0,train,images\urine_bag\1671100482510.jpeg
images\1671037848840.jpg,,masks\1671037848840.png,glove_pair_surgery,1671037848840,1671037848840,0,ONE,,11958.875,145.75,121.5,1.1996,0.0,0.0,0.0,0.0,0.0,0.0,train,images\glove_pair_surgery\1671037848840.jpeg
images\1671099141972.jpg,,masks\1671099141972.png,glove_single_latex,1671099141972,1671099141972,0,ONE,,943.75,63.5427,36.2082,1.7549,0.0,0.0,0.0,0.0,0.0,0.0,train,images\glove_single_latex\1671099141972.jpeg
images\1671114827967.jpg,,masks\1671114827967.png,shoe_cover_pair,1671114827967,1671114827967,0,ONE,,11354.0625,138.5,132.75,1.0433,0.0,0.0,0.0,0.0,0.0,0.0,train,images\shoe_cover_pair\1671114827967.jpeg
images\1671115134670.jpg,,masks\1671115134670.png,shoe_cover_pair,1671115134670,1671115134670,0,ONE,,15058.1875,149.75,139.0,1.0773,0.0,0.0,0.0,0.0,0.0,0.0,train,images\shoe_cover_pair\1671115134670.jpeg
images\1671036487475.jpg,,masks\1671036487475.png,glove_single_surgery,1671036487475,1671036487475,0,ONE,,9243.625,150.2763,97.7006,1.5381,0.0,0.0,0.0,0.0,0.0,0.0,train,images\glove_single_surgery\1671036487475.jpeg
images\1671187690094.jpg,,masks\1671187690094.png,gauze,1671187690094,1671187690094,0,ONE,,4296.75,117.75,82.0,1.436,0.0,0.0,0.0,0.0,0.0,0.0,train,images\gauze\1671187690094.jpeg
images\1671114282002.jpg,,masks\1671114282002.png,shoe_cover_single,1671114282002,1671114282002,0,ONE,,9226.375,149.2274,84.2096,1.7721,0.0,0.0,0.0,0.0,0.0,0.0,train,images\shoe_cover_single\1671114282002.jpeg
images\1671103119234.jpg,,masks\1671103119234.png,test_tube,1671103119234,1671103119234,0,ONE,,613.8125,44.3992,19.0055,2.3361,0.0,0.0,0.0,0.0,0.0,0.0,train,images\test_tube\1671103119234.jpeg
images\1671097472617.jpg,,masks\1671097472617.png,glove_single_nitrile,1671097472617,1671097472617,0,ONE,,15047.375,149.75,116.75,1.2827,0.0,0.0,0.0,0.0,0.0,0.0,train,images\glove_single_nitrile\1671097472617.jpeg
images\1671104114817.jpg,,masks\1671104114817.png,medical_cap,1671104114817,1671104114817,0,ONE,,10645.8125,142.6969,104.8197,1.3614,0.0,0.0,0.0,0.0,0.0,0.0,train,images\medical_cap\1671104114817.jpeg
images\1671187682655.jpg,,masks\1671187682655.png,gauze,1671187682655,1671187682655,0,ONE,,2482.8125,114.75,38.75,2.9613,0.0,0.0,0.0,0.0,0.0,0.0,train,images\gauze\1671187682655.jpeg
images\1671098928121.jpg,,masks\1671098928121.png,glove_single_latex,1671098928121,1671098928121,0,ONE,,1469.75,91.3042,47.7698,1.9113,0.0,0.0,0.0,0.0,0.0,0.0,train,images\glove_single_latex\1671098928121.jpeg
images\1671115269712.jpg,,masks\1671115269712.png,shoe_cover_pair,1671115269712,1671115269712,0,ONE,,14737.8125,149.75,142.25,1.0527,0.0,0.0,0.0,0.0,0.0,0.0,train,images\shoe_cover_pair\1671115269712.jpeg
images\1671037149346.jpg,,masks\1671037149346.png,glove_single_surgery,1671037149346,1671037149346,0,ONE,,6248.8125,126.5357,71.925,1.7593,0.0,0.0,0.0,0.0,0.0,0.0,train,images\glove_single_surgery\1671037149346.jpeg
images\1671115213813.jpg,,masks\1671115213813.png,shoe_cover_pair,1671115213813,1671115213813,0,ONE,,9215.25,128.75,102.0,1.2623,0.0,0.0,0.0,0.0,0.0,0.0,train,images\shoe_cover_pair\1671115213813.jpeg
images\1671115853967.jpg,,masks\1671115853967.png,medical_glasses,1671115853967,1671115853967,0,ONE,,1474.6875,89.9192,38.1953,2.3542,0.0,0.0,0.0,0.0,0.0,0.0,train,images\medical_glasses\1671115853967.jpeg
images\1671102997502.jpg,,masks\1671102997502.png,test_tube,1671102997502,1671102997502,0,ONE,,770.125,51.4089,21.3183,2.4115,0.0,0.0,0.0,0.0,0.0,0.0,train,images\test_tube\1671102997502.jpeg
images\1671102981893.jpg,,masks\1671102981893.png,test_tube,1671102981893,1671102981893,0,ONE,,582.625,47.25,15.75,3.0,0.0,0.0,0.0,0.0,0.0,0.0,train,images\test_tube\1671102981893.jpeg
images\1671036443616.jpg,,masks\1671036443616.png,glove_single_surgery,1671036443616,1671036443616,0,ONE,,7357.375,125.6552,75.0272,1.6748,0.0,0.0,0.0,0.0,0.0,0.0,train,images\glove_single_surgery\1671036443616.jpeg
images\1671115226954.jpg,,masks\1671115226954.png,shoe_cover_pair,1671115226954,1671115226954,0,ONE,,12373.125,149.75,126.0,1.1885,0.0,0.0,0.0,0.0,0.0,0.0,train,images\shoe_cover_pair\1671115226954.jpeg
images\1671115647321.jpg,,masks\1671115647321.png,medical_glasses,1671115647321,1671115647321,0,ONE,,866.75,57.9404,55.405,1.0458,0.0,0.0,0.0,0.0,0.0,0.0,train,images\medical_glasses\1671115647321.jpeg
images\1671099312566.jpg,,masks\1671099312566.png,glove_pair_latex,1671099312566,1671099312566,0,ONE,,1564.25,97.1662,36.4199,2.6679,0.0,0.0,0.0,0.0,0.0,0.0,train,images\glove_pair_latex\1671099312566.jpeg
images\1671099702614.jpg,,masks\1671099702614.png,glove_pair_latex,1671099702614,1671099702614,0,ONE,,2451.9375,86.4954,70.9236,1.2196,0.0,0.0,0.0,0.0,0.0,0.0,train,images\glove_pair_latex\1671099702614.jpeg
images\1671114396964.jpg,,masks\1671114396964.png,shoe_cover_single,1671114396964,1671114396964,0,ONE,,8322.9375,143.8987,82.3453,1.7475,0.0,0.0,0.0,0.0,0.0,0.0,train,images\shoe_cover_single\1671114396964.jpeg
images\1671114172840.jpg,,masks\1671114172840.png,shoe_cover_single,1671114172840,1671114172840,0,ONE,,8876.75,138.5841,90.5888,1.5298,0.0,0.0,0.0,0.0,0.0,0.0,train,images\shoe_cover_single\1671114172840.jpeg
images\1671113553364.jpg,,masks\1671113553364.png,shoe_cover_single,1671113553364,1671113553364,0,ONE,,9083.125,139.5,90.5,1.5414,0.0,0.0,0.0,0.0,0.0,0.0,train,images\shoe_cover_single\1671113553364.jpeg
images\1671099033344.jpg,,masks\1671099033344.png,glove_single_latex,1671099033344,1671099033344,0,ONE,,1036.0,55.0,29.5,1.8644,0.0,0.0,0.0,0.0,0.0,0.0,train,images\glove_single_latex\1671099033344.jpeg
images\1671098149058.jpg,,masks\1671098149058.png,glove_pair_nitrile,1671098149058,1671098149058,0,ONE,,12827.75,149.75,121.75,1.23,0.0,0.0,0.0,0.0,0.0,0.0,train,images\glove_pair_nitrile\1671098149058.jpeg
images\1671100604179.jpg,,masks\1671100604179.png,urine_bag,1671100604179,1671100604179,0,ONE,,7074.3125,148.25,115.75,1.2808,0.0,0.0,0.0,0.0,0.0,0.0,train,images\urine_bag\1671100604179.jpeg
images\1671037813154.jpg,,masks\1671037813154.png,glove_pair_surgery,1671037813154,1671037813154,0,ONE,,10289.875,131.25,105.25,1.247,0.0,0.0,0.0,0.0,0.0,0.0,train,images\glove_pair_surgery\1671037813154.jpeg
images\1671115255570.jpg,,masks\1671115255570.png,shoe_cover_pair,1671115255570,1671115255570,0,ONE,,8592.1875,139.5,102.0,1.3676,0.0,0.0,0.0,0.0,0.0,0.0,train,images\shoe_cover_pair\1671115255570.jpeg
images\1671097218477.jpg,,masks\1671097218477.png,glove_single_nitrile,1671097218477,1671097218477,0,ONE,,13572.5625,149.75,122.0,1.2275,0.0,0.0,0.0,0.0,0.0,0.0,train,images\glove_single_nitrile\1671097218477.jpeg
images\1671037144976.jpg,,masks\1671037144976.png,glove_single_surgery,1671037144976,1671037144976,0,ONE,,5978.0625,131.4556,66.9475,1.9636,0.0,0.0,0.0,0.0,0.0,0.0,train,images\glove_single_surgery\1671037144976.jpeg
images\1671102888039.jpg,,masks\1671102888039.png,test_tube,1671102888039,1671102888039,0,ONE,,550.8125,45.25,18.25,2.4795,0.0,0.0,0.0,0.0,0.0,0.0,train,images\test_tube\1671102888039.jpeg
images\1671115254970.jpg,,masks\1671115254970.png,shoe_cover_pair,1671115254970,1671115254970,0,ONE,,8854.3125,139.5,103.75,1.3446,0.0,0.0,0.0,0.0,0.0,0.0,train,images\shoe_cover_pair\1671115254970.jpeg
images\1671102872331.jpg,,masks\1671102872331.png,test_tube,1671102872331,1671102872331,0,ONE,,651.6875,46.0,20.0,2.3,0.0,0.0,0.0,0.0,0.0,0.0,train,images\test_tube\1671102872331.jpeg
images\1671099642348.jpg,,masks\1671099642348.png,glove_pair_latex,1671099642348,1671099642348,0,ONE,,1657.75,62.0,59.5,1.042,0.0,0.0,0.0,0.0,0.0,0.0,train,images\glove_pair_latex\1671099642348.jpeg
images\1671104035140.jpg,,masks\1671104035140.png,medical_cap,1671104035140,1671104035140,0,ONE,,9878.125,128.75,108.75,1.1839,0.0,0.0,0.0,0.0,0.0,0.0,train,images\medical_cap\1671104035140.jpeg
images\1671115557037.jpg,,masks\1671115557037.png,medical_glasses,1671115557037,1671115557037,0,ONE,,1110.3125,71.3313,60.6364,1.1764,0.0,0.0,0.0,0.0,0.0,0.0,train,images\medical_glasses\1671115557037.jpeg
images\1671115129034.jpg,,masks\1671115129034.png,shoe_cover_pair,1671115129034,1671115129034,0,ONE,,13621.6875,149.0,139.75,1.0662,0.0,0.0,0.0,0.0,0.0,0.0,train,images\shoe_cover_pair\1671115129034.jpeg
images\1671115096415.jpg,,masks\1671115096415.png,shoe_cover_pair,1671115096415,1671115096415,0,ONE,,7373.0625,139.5,88.75,1.5718,0.0,0.0,0.0,0.0,0.0,0.0,train,images\shoe_cover_pair\1671115096415.jpeg
images\1671098215995.jpg,,masks\1671098215995.png,glove_pair_nitrile,1671098215995,1671098215995,0,ONE,,7215.375,132.0,97.5,1.3538,0.0,0.0,0.0,0.0,0.0,0.0,train,images\glove_pair_nitrile\1671098215995.jpeg
images\1671096984949.jpg,,masks\1671096984949.png,glove_single_nitrile,1671096984949,1671096984949,0,ONE,,11486.1875,139.25,123.25,1.1298,0.0,0.0,0.0,0.0,0.0,0.0,train,images\glove_single_nitrile\1671096984949.jpeg
images\1671103121735.jpg,,masks\1671103121735.png,test_tube,1671103121735,1671103121735,0,ONE,,839.8125,53.3301,22.0295,2.4209,0.0,0.0,0.0,0.0,0.0,0.0,train,images\test_tube\1671103121735.jpeg
images\1671115589020.jpg,,masks\1671115589020.png,medical_glasses,1671115589020,1671115589020,0,ONE,,1041.5,61.25,24.0,2.5521,0.0,0.0,0.0,0.0,0.0,0.0,train,images\medical_glasses\1671115589020.jpeg
images\1671115150845.jpg,,masks\1671115150845.png,shoe_cover_pair,1671115150845,1671115150845,0,ONE,,13945.75,160.9234,125.7324,1.2799,0.0,0.0,0.0,0.0,0.0,0.0,train,images\shoe_cover_pair\1671115150845.jpeg
images\1671036703296.jpg,,masks\1671036703296.png,glove_single_surgery,1671036703296,1671036703296,0,ONE,,5059.25,124.3056,59.0837,2.1039,0.0,0.0,0.0,0.0,0.0,0.0,train,images\glove_single_surgery\1671036703296.jpeg
images\1671037503713.jpg,,masks\1671037503713.png,glove_pair_surgery,1671037503713,1671037503713,0,ONE,,13060.75,149.75,120.75,1.2402,0.0,0.0,0.0,0.0,0.0,0.0,train,images\glove_pair_surgery\1671037503713.jpeg
images\1671036966212.jpg,,masks\1671036966212.png,glove_single_surgery,1671036966212,1671036966212,0,ONE,,11656.4375,139.5,119.75,1.1649,0.0,0.0,0.0,0.0,0.0,0.0,train,images\glove_single_surgery\1671036966212.jpeg
images\1671103136210.jpg,,masks\1671103136210.png,test_tube,1671103136210,1671103136210,0,ONE,,610.4375,46.5,19.5,2.3846,0.0,0.0,0.0,0.0,0.0,0.0,train,images\test_tube\1671103136210.jpeg
images\1671037882393.jpg,,masks\1671037882393.png,glove_pair_surgery,1671037882393,1671037882393,0,ONE,,11656.25,149.2872,118.4243,1.2606,0.0,0.0,0.0,0.0,0.0,0.0,train,images\glove_pair_surgery\1671037882393.jpeg
images\1671099515244.jpg,,masks\1671099515244.png,glove_pair_latex,1671099515244,1671099515244,0,ONE,,2509.75,69.75,69.5,1.0036,0.0,0.0,0.0,0.0,0.0,0.0,train,images\glove_pair_latex\1671099515244.jpeg
images\1671187904011.jpg,,masks\1671187904011.png,gauze,1671187904011,1671187904011,0,ONE,,4154.4375,123.0,70.25,1.7509,0.0,0.0,0.0,0.0,0.0,0.0,train,images\gauze\1671187904011.jpeg
images\1671098881661.jpg,,masks\1671098881661.png,glove_single_latex,1671098881661,1671098881661,0,ONE,,1347.3125,56.25,54.25,1.0369,0.0,0.0,0.0,0.0,0.0,0.0,train,images\glove_single_latex\1671098881661.jpeg
images\1671115210812.jpg,,masks\1671115210812.png,shoe_cover_pair,1671115210812,1671115210812,0,ONE,,10064.6875,127.6616,113.7533,1.1223,0.0,0.0,0.0,0.0,0.0,0.0,train,images\shoe_cover_pair\1671115210812.jpeg
images\1671115237328.jpg,,masks\1671115237328.png,shoe_cover_pair,1671115237328,1671115237328,0,ONE,,12930.625,139.25,134.5,1.0353,0.0,0.0,0.0,0.0,0.0,0.0,train,images\shoe_cover_pair\1671115237328.jpeg
images\1671103211885.jpg,,masks\1671103211885.png,test_tube,1671103211885,1671103211885,0,ONE,,3113.375,93.0,84.25,1.1039,0.0,0.0,0.0,0.0,0.0,0.0,train,images\test_tube\1671103211885.jpeg
images\1671114723245.jpg,,masks\1671114723245.png,shoe_cover_single,1671114723245,1671114723245,0,ONE,,10960.6875,122.598,119.1193,1.0292,0.0,0.0,0.0,0.0,0.0,0.0,train,images\shoe_cover_single\1671114723245.jpeg
images\1671114911613.jpg,,masks\1671114911613.png,shoe_cover_pair,1671114911613,1671114911613,0,ONE,,10427.625,129.1059,103.3219,1.2495,0.0,0.0,0.0,0.0,0.0,0.0,train,images\shoe_cover_pair\1671114911613.jpeg
images\1671104134663.jpg,,masks\1671104134663.png,medical_cap,1671104134663,1671104134663,0,ONE,,10120.0625,128.75,120.5,1.0685,0.0,0.0,0.0,0.0,0.0,0.0,train,images\medical_cap\1671104134663.jpeg
images\1671102902347.jpg,,masks\1671102902347.png,test_tube,1671102902347,1671102902347,0,ONE,,768.9375,49.25,21.0,2.3452,0.0,0.0,0.0,0.0,0.0,0.0,train,images\test_tube\1671102902347.jpeg
images\1671104093239.jpg,,masks\1671104093239.png,medical_cap,1671104093239,1671104093239,0,ONE,,8349.5625,129.2834,97.3557,1.328,0.0,0.0,0.0,0.0,0.0,0.0,train,images\medical_cap\1671104093239.jpeg
images\1671097598119.jpg,,masks\1671097598119.png,glove_pair_nitrile,1671097598119,1671097598119,0,ONE,,8765.5,140.7033,86.2726,1.6309,0.0,0.0,0.0,0.0,0.0,0.0,train,images\glove_pair_nitrile\1671097598119.jpeg
images\1671037474730.jpg,,masks\1671037474730.png,glove_pair_surgery,1671037474730,1671037474730,0,ONE,,8312.5,162.6591,90.3429,1.8005,0.0,0.0,0.0,0.0,0.0,0.0,train,images\glove_pair_surgery\1671037474730.jpeg
images\1671037466460.jpg,,masks\1671037466460.png,glove_pair_surgery,1671037466460,1671037466460,0,ONE,,7192.875,145.0,82.75,1.7523,0.0,0.0,0.0,0.0,0.0,0.0,train,images\glove_pair_surgery\1671037466460.jpeg
images\1671097957451.jpg,,masks\1671097957451.png,glove_pair_nitrile,1671097957451,1671097957451,0,ONE,,16551.125,149.75,142.0,1.0546,0.0,0.0,0.0,0.0,0.0,0.0,train,images\glove_pair_nitrile\1671097957451.jpeg
images\1671103108394.jpg,,masks\1671103108394.png,test_tube,1671103108394,1671103108394,0,ONE,,638.5,48.8563,20.0098,2.4416,0.0,0.0,0.0,0.0,0.0,0.0,train,images\test_tube\1671103108394.jpeg
images\1671113598289.jpg,,masks\1671113598289.png,shoe_cover_single,1671113598289,1671113598289,0,ONE,,10999.5,152.2196,101.8995,1.4938,0.0,0.0,0.0,0.0,0.0,0.0,train,images\shoe_cover_single\1671113598289.jpeg
images\1671099653187.jpg,,masks\1671099653187.png,glove_pair_latex,1671099653187,1671099653187,0,ONE,,2236.8125,74.0,54.75,1.3516,0.0,0.0,0.0,0.0,0.0,0.0,train,images\glove_pair_latex\1671099653187.jpeg
images\1671100076187.jpg,,masks\1671100076187.png,urine_bag,1671100076187,1671100076187,0,ONE,,4579.8125,129.7536,94.5549,1.3723,0.0,0.0,0.0,0.0,0.0,0.0,train,images\urine_bag\1671100076187.jpeg
images\1671114237143.jpg,,masks\1671114237143.png,shoe_cover_single,1671114237143,1671114237143,0,ONE,,5610.0625,128.6199,70.3929,1.8272,0.0,0.0,0.0,0.0,0.0,0.0,train,images\shoe_cover_single\1671114237143.jpeg
images\1671097002790.jpg,,masks\1671097002790.png,glove_single_nitrile,1671097002790,1671097002790,0,ONE,,10683.8125,163.2755,98.7617,1.6532,0.0,0.0,0.0,0.0,0.0,0.0,train,images\glove_single_nitrile\1671097002790.jpeg
images\1671104151571.jpg,,masks\1671104151571.png,medical_cap,1671104151571,1671104151571,0,ONE,,6634.5,134.6059,76.9122,1.7501,0.0,0.0,0.0,0.0,0.0,0.0,train,images\medical_cap\1671104151571.jpeg
images\1671037499243.jpg,,masks\1671037499243.png,glove_pair_surgery,1671037499243,1671037499243,0,ONE,,10896.5625,159.8428,120.4888,1.3266,0.0,0.0,0.0,0.0,0.0,0.0,train,images\glove_pair_surgery\1671037499243.jpeg
images\1671104004758.jpg,,masks\1671104004758.png,medical_cap,1671104004758,1671104004758,0,ONE,,8973.4375,129.302,85.1011,1.5194,0.0,0.0,0.0,0.0,0.0,0.0,train,images\medical_cap\1671104004758.jpeg
images\1671187696630.jpg,,masks\1671187696630.png,gauze,1671187696630,1671187696630,0,ONE,,3549.8125,119.0,61.75,1.9271,0.0,0.0,0.0,0.0,0.0,0.0,train,images\gauze\1671187696630.jpeg
images\1671037539665.jpg,,masks\1671037539665.png,glove_pair_surgery,1671037539665,1671037539665,0,ONE,,14504.875,149.75,129.75,1.1541,0.0,0.0,0.0,0.0,0.0,0.0,train,images\glove_pair_surgery\1671037539665.jpeg
images\1671100918785.jpg,,masks\1671100918785.png,urine_bag,1671100918785,1671100918785,0,ONE,,4514.3125,138.6176,73.5566,1.8845,0.0,0.0,0.0,0.0,0.0,0.0,train,images\urine_bag\1671100918785.jpeg
images\1671100252184.jpg,,masks\1671100252184.png,urine_bag,1671100252184,1671100252184,0,ONE,,6387.8125,136.5,72.0,1.8958,0.0,0.0,0.0,0.0,0.0,0.0,train,images\urine_bag\1671100252184.jpeg
images\1671113570874.jpg,,masks\1671113570874.png,shoe_cover_single,1671113570874,1671113570874,0,ONE,,8428.5,138.3297,81.7734,1.6916,0.0,0.0,0.0,0.0,0.0,0.0,train,images\shoe_cover_single\1671113570874.jpeg
images\1671097795830.jpg,,masks\1671097795830.png,glove_pair_nitrile,1671097795830,1671097795830,0,ONE,,9345.875,131.3816,113.1359,1.1613,0.0,0.0,0.0,0.0,0.0,0.0,train,images\glove_pair_nitrile\1671097795830.jpeg
images\1671114971149.jpg,,masks\1671114971149.png,shoe_cover_pair,1671114971149,1671114971149,0,ONE,,9053.1875,116.5744,103.3153,1.1283,0.0,0.0,0.0,0.0,0.0,0.0,train,images\shoe_cover_pair\1671114971149.jpeg
images\1671099511408.jpg,,masks\1671099511408.png,glove_pair_latex,1671099511408,1671099511408,0,ONE,,3022.875,85.75,60.25,1.4232,0.0,0.0,0.0,0.0,0.0,0.0,train,images\glove_pair_latex\1671099511408.jpeg
images\1671037496044.jpg,,masks\1671037496044.png,glove_pair_surgery,1671037496044,1671037496044,0,ONE,,11154.375,124.2793,115.1624,1.0792,0.0,0.0,0.0,0.0,0.0,0.0,train,images\glove_pair_surgery\1671037496044.jpeg
images\1671037097150.jpg,,masks\1671037097150.png,glove_single_surgery,1671037097150,1671037097150,0,ONE,,4682.375,130.3389,47.1427,2.7648,0.0,0.0,0.0,0.0,0.0,0.0,train,images\glove_single_surgery\1671037097150.jpeg
images\1671097024203.jpg,,masks\1671097024203.png,glove_single_nitrile,1671097024203,1671097024203,0,ONE,,9966.6875,134.3342,116.6627,1.1515,0.0,0.0,0.0,0.0,0.0,0.0,train,images\glove_single_nitrile\1671097024203.jpeg
images\1671100486248.jpg,,masks\1671100486248.png,urine_bag,1671100486248,1671100486248,0,ONE,,6064.25,134.75,105.5,1.2773,0.0,0.0,0.0,0.0,0.0,0.0,train,images\urine_bag\1671100486248.jpeg
images\1671114422945.jpg,,masks\1671114422945.png,shoe_cover_single,1671114422945,1671114422945,0,ONE,,13277.375,145.7584,130.6625,1.1155,0.0,0.0,0.0,0.0,0.0,0.0,train,images\shoe_cover_single\1671114422945.jpeg
images\1671036372276.jpg,,masks\1671036372276.png,glove_single_surgery,1671036372276,1671036372276,0,ONE,,9406.4375,130.75,129.5,1.0097,0.0,0.0,0.0,0.0,0.0,0.0,train,images\glove_single_surgery\1671036372276.jpeg
images\1671098526198.jpg,,masks\1671098526198.png,glove_single_latex,1671098526198,1671098526198,0,ONE,,1945.4375,95.0,54.25,1.7512,0.0,0.0,0.0,0.0,0.0,0.0,train,images\glove_single_latex\1671098526198.jpeg
images\1671097754173.jpg,,masks\1671097754173.png,glove_pair_nitrile,1671097754173,1671097754173,0,ONE,,19919.0,149.75,136.75,1.0951,0.0,0.0,0.0,0.0,0.0,0.0,train,images\glove_pair_nitrile\1671097754173.jpeg
images\1671103217154.jpg,,masks\1671103217154.png,test_tube,1671103217154,1671103217154,0,ONE,,2304.4375,81.25,78.5,1.035,0.0,0.0,0.0,0.0,0.0,0.0,train,images\test_tube\1671103217154.jpeg
images\1671115344020.jpg,,masks\1671115344020.png,shoe_cover_pair,1671115344020,1671115344020,0,ONE,,13891.8125,149.75,133.5,1.1217,0.0,0.0,0.0,0.0,0.0,0.0,train,images\shoe_cover_pair\1671115344020.jpeg
images\1671036931057.jpg,,masks\1671036931057.png,glove_single_surgery,1671036931057,1671036931057,0,ONE,,9650.8125,138.75,98.25,1.4122,0.0,0.0,0.0,0.0,0.0,0.0,train,images\glove_single_surgery\1671036931057.jpeg
images\1671100522568.jpg,,masks\1671100522568.png,urine_bag,1671100522568,1671100522568,0,ONE,,8357.5625,138.5,96.25,1.439,0.0,0.0,0.0,0.0,0.0,0.0,train,images\urine_bag\1671100522568.jpeg
images\1671100556384.jpg,,masks\1671100556384.png,urine_bag,1671100556384,1671100556384,0,ONE,,2922.375,111.5249,85.62,1.3026,0.0,0.0,0.0,0.0,0.0,0.0,train,images\urine_bag\1671100556384.jpeg
images\1671102970518.jpg,,masks\1671102970518.png,test_tube,1671102970518,1671102970518,0,ONE,,621.5,52.5,16.5,3.1818,0.0,0.0,0.0,0.0,0.0,0.0,train,images\test_tube\1671102970518.jpeg
images\1671099773820.jpg,,masks\1671099773820.png,glove_pair_latex,1671099773820,1671099773820,0,ONE,,3271.125,78.9721,71.9935,1.0969,0.0,0.0,0.0,0.0,0.0,0.0,train,images\glove_pair_latex\1671099773820.jpeg
images\1671104063056.jpg,,masks\1671104063056.png,medical_cap,1671104063056,1671104063056,0,ONE,,12375.875,165.4123,107.8687,1.5335,0.0,0.0,0.0,0.0,0.0,0.0,train,images\medical_cap\1671104063056.jpeg
images\1671114955605.jpg,,masks\1671114955605.png,shoe_cover_pair,1671114955605,1671114955605,0,ONE,,13022.1875,149.75,144.25,1.0381,0.0,0.0,0.0,0.0,0.0,0.0,train,images\shoe_cover_pair\1671114955605.jpeg
images\1671104225512.jpg,,masks\1671104225512.png,medical_cap,1671104225512,1671104225512,0,ONE,,7799.4375,128.75,89.75,1.4345,0.0,0.0,0.0,0.0,0.0,0.0,train,images\medical_cap\1671104225512.jpeg
images\1671113562971.jpg,,masks\1671113562971.png,shoe_cover_single,1671113562971,1671113562971,0,ONE,,8225.125,128.3791,83.9943,1.5284,0.0,0.0,0.0,0.0,0.0,0.0,train,images\shoe_cover_single\1671113562971.jpeg
images\1671100257687.jpg,,masks\1671100257687.png,urine_bag,1671100257687,1671100257687,0,ONE,,3765.0625,107.1136,85.0425,1.2595,0.0,0.0,0.0,0.0,0.0,0.0,train,images\urine_bag\1671100257687.jpeg
images\1671114931524.jpg,,masks\1671114931524.png,shoe_cover_pair,1671114931524,1671114931524,0,ONE,,7726.375,128.2355,84.546,1.5168,0.0,0.0,0.0,0.0,0.0,0.0,train,images\shoe_cover_pair\1671114931524.jpeg
images\1671099195035.jpg,,masks\1671099195035.png,glove_single_latex,1671099195035,1671099195035,0,ONE,,3131.8125,80.5,61.5,1.3089,0.0,0.0,0.0,0.0,0.0,0.0,train,images\glove_single_latex\1671099195035.jpeg
images\1671099699479.jpg,,masks\1671099699479.png,glove_pair_latex,1671099699479,1671099699479,0,ONE,,2722.5625,85.5,70.75,1.2085,0.0,0.0,0.0,0.0,0.0,0.0,train,images\glove_pair_latex\1671099699479.jpeg
images\1671187750660.jpg,,masks\1671187750660.png,gauze,1671187750660,1671187750660,0,ONE,,625.1875,59.25,20.5,2.8902,0.0,0.0,0.0,0.0,0.0,0.0,train,images\gauze\1671187750660.jpeg
images\1671100911081.jpg,,masks\1671100911081.png,urine_bag,1671100911081,1671100911081,0,ONE,,4485.5,131.7065,91.7414,1.4356,0.0,0.0,0.0,0.0,0.0,0.0,train,images\urine_bag\1671100911081.jpeg
images\1671037780035.jpg,,masks\1671037780035.png,glove_pair_surgery,1671037780035,1671037780035,0,ONE,,14328.75,149.75,133.25,1.1238,0.0,0.0,0.0,0.0,0.0,0.0,train,images\glove_pair_surgery\1671037780035.jpeg
images\1671187602777.jpg,,masks\1671187602777.png,gauze,1671187602777,1671187602777,0,ONE,,1867.0,115.0,45.75,2.5137,0.0,0.0,0.0,0.0,0.0,0.0,train,images\gauze\1671187602777.jpeg
images\1671114187415.jpg,,masks\1671114187415.png,shoe_cover_single,1671114187415,1671114187415,0,ONE,,9953.75,148.9521,94.7155,1.5726,0.0,0.0,0.0,0.0,0.0,0.0,train,images\shoe_cover_single\1671114187415.jpeg
images\1671037326247.jpg,,masks\1671037326247.png,glove_pair_surgery,1671037326247,1671037326247,0,ONE,,10150.125,148.75,117.5,1.266,0.0,0.0,0.0,0.0,0.0,0.0,train,images\glove_pair_surgery\1671037326247.jpeg
images\1671099137402.jpg,,masks\1671099137402.png,glove_single_latex,1671099137402,1671099137402,0,ONE,,2483.6875,78.75,69.5,1.1331,0.0,0.0,0.0,0.0,0.0,0.0,train,images\glove_single_latex\1671099137402.jpeg
images\1671037935655.jpg,,masks\1671037935655.png,glove_pair_surgery,1671037935655,1671037935655,0,ONE,,6437.5625,124.7059,84.8366,1.47,0.0,0.0,0.0,0.0,0.0,0.0,train,images\glove_pair_surgery\1671037935655.jpeg
images\1671103210319.jpg,,masks\1671103210319.png,test_tube,1671103210319,1671103210319,0,ONE,,3116.625,88.75,81.0,1.0957,0.0,0.0,0.0,0.0,0.0,0.0,train,images\test_tube\1671103210319.jpeg
images\1671036549509.jpg,,masks\1671036549509.png,glove_single_surgery,1671036549509,1671036549509,0,ONE,,4937.375,128.9873,49.163,2.6237,0.0,0.0,0.0,0.0,0.0,0.0,train,images\glove_single_surgery\1671036549509.jpeg
images\1671187763700.jpg,,masks\1671187763700.png,gauze,1671187763700,1671187763700,0,ONE,,3057.0,111.0,63.0,1.7619,0.0,0.0,0.0,0.0,0.0,0.0,train,images\gauze\1671187763700.jpeg
images\1671114992928.jpg,,masks\1671114992928.png,shoe_cover_pair,1671114992928,1671114992928,0,ONE,,8620.75,129.25,98.75,1.3089,0.0,0.0,0.0,0.0,0.0,0.0,train,images\shoe_cover_pair\1671114992928.jpeg
images\1671036399292.jpg,,masks\1671036399292.png,glove_single_surgery,1671036399292,1671036399292,0,ONE,,6795.9375,147.2515,80.6064,1.8268,0.0,0.0,0.0,0.0,0.0,0.0,train,images\glove_single_surgery\1671036399292.jpeg
images\1671037366902.jpg,,masks\1671037366902.png,glove_pair_surgery,1671037366902,1671037366902,0,ONE,,7789.4375,128.75,90.0,1.4306,0.0,0.0,0.0,0.0,0.0,0.0,train,images\glove_pair_surgery\1671037366902.jpeg
images\1671187801488.jpg,,masks\1671187801488.png,gauze,1671187801488,1671187801488,0,ONE,,3327.5625,109.75,69.25,1.5848,0.0,0.0,0.0,0.0,0.0,0.0,train,images\gauze\1671187801488.jpeg
images\1671103219123.jpg,,masks\1671103219123.png,test_tube,1671103219123,1671103219123,0,ONE,,3380.6875,93.25,87.25,1.0688,0.0,0.0,0.0,0.0,0.0,0.0,train,images\test_tube\1671103219123.jpeg
images\1671113972463.jpg,,masks\1671113972463.png,shoe_cover_single,1671113972463,1671113972463,0,ONE,,6945.1875,139.5515,71.6893,1.9466,0.0,0.0,0.0,0.0,0.0,0.0,train,images\shoe_cover_single\1671113972463.jpeg
images\1671099655788.jpg,,masks\1671099655788.png,glove_pair_latex,1671099655788,1671099655788,0,ONE,,2557.4375,85.25,65.75,1.2966,0.0,0.0,0.0,0.0,0.0,0.0,train,images\glove_pair_latex\1671099655788.jpeg
images\1671114856716.jpg,,masks\1671114856716.png,shoe_cover_pair,1671114856716,1671114856716,0,ONE,,6473.375,123.1647,79.1135,1.5568,0.0,0.0,0.0,0.0,0.0,0.0,train,images\shoe_cover_pair\1671114856716.jpeg
images\1671099133767.jpg,,masks\1671099133767.png,glove_single_latex,1671099133767,1671099133767,0,ONE,,1950.6875,79.75,54.75,1.4566,0.0,0.0,0.0,0.0,0.0,0.0,train,images\glove_single_latex\1671099133767.jpeg
images\1671115049658.jpg,,masks\1671115049658.png,shoe_cover_pair,1671115049658,1671115049658,0,ONE,,9830.6875,128.75,116.0,1.1099,0.0,0.0,0.0,0.0,0.0,0.0,train,images\shoe_cover_pair\1671115049658.jpeg
images\1671037917246.jpg,,masks\1671037917246.png,glove_pair_surgery,1671037917246,1671037917246,0,ONE,,6140.875,129.25,74.5,1.7349,0.0,0.0,0.0,0.0,0.0,0.0,train,images\glove_pair_surgery\1671037917246.jpeg
images\1671098091895.jpg,,masks\1671098091895.png,glove_pair_nitrile,1671098091895,1671098091895,0,ONE,,16065.0,149.75,118.25,1.2664,0.0,0.0,0.0,0.0,0.0,0.0,train,images\glove_pair_nitrile\1671098091895.jpeg
images\1671115906596.jpg,,masks\1671115906596.png,medical_glasses,1671115906596,1671115906596,0,ONE,,880.9375,54.75,21.5,2.5465,0.0,0.0,0.0,0.0,0.0,0.0,train,images\medical_glasses\1671115906596.jpeg
images\1671036631956.jpg,,masks\1671036631956.png,glove_single_surgery,1671036631956,1671036631956,0,ONE,,4465.125,126.4178,62.7566,2.0144,0.0,0.0,0.0,0.0,0.0,0.0,train,images\glove_single_surgery\1671036631956.jpeg
images\1671113559301.jpg,,masks\1671113559301.png,shoe_cover_single,1671113559301,1671113559301,0,ONE,,7998.5,129.0,88.25,1.4618,0.0,0.0,0.0,0.0,0.0,0.0,train,images\shoe_cover_single\1671113559301.jpeg
images\1671036928389.jpg,,masks\1671036928389.png,glove_single_surgery,1671036928389,1671036928389,0,ONE,,9674.25,139.5,111.0,1.2568,0.0,0.0,0.0,0.0,0.0,0.0,train,images\glove_single_surgery\1671036928389.jpeg
images\1671115924505.jpg,,masks\1671115924505.png,medical_glasses,1671115924505,1671115924505,0,ONE,,621.25,44.0,21.5,2.0465,0.0,0.0,0.0,0.0,0.0,0.0,train,images\medical_glasses\1671115924505.jpeg
images\1671099496000.jpg,,masks\1671099496000.png,glove_pair_latex,1671099496000,1671099496000,0,ONE,,2643.25,96.1549,74.8402,1.2848,0.0,0.0,0.0,0.0,0.0,0.0,train,images\glove_pair_latex\1671099496000.jpeg
images\1671100233541.jpg,,masks\1671100233541.png,urine_bag,1671100233541,1671100233541,0,ONE,,2200.3125,72.793,55.3292,1.3156,0.0,0.0,0.0,0.0,0.0,0.0,train,images\urine_bag\1671100233541.jpeg
images\1671114184447.jpg,,masks\1671114184447.png,shoe_cover_single,1671114184447,1671114184447,0,ONE,,9279.5,130.6981,105.2598,1.2417,0.0,0.0,0.0,0.0,0.0,0.0,train,images\shoe_cover_single\1671114184447.jpeg
images\1671099302359.jpg,,masks\1671099302359.png,glove_pair_latex,1671099302359,1671099302359,0,ONE,,2895.3125,88.7295,57.8958,1.5326,0.0,0.0,0.0,0.0,0.0,0.0,train,images\glove_pair_latex\1671099302359.jpeg
images\1671098877761.jpg,,masks\1671098877761.png,glove_single_latex,1671098877761,1671098877761,0,ONE,,1147.0625,57.75,32.5,1.7769,0.0,0.0,0.0,0.0,0.0,0.0,train,images\glove_single_latex\1671098877761.jpeg
images\1671099598356.jpg,,masks\1671099598356.png,glove_pair_latex,1671099598356,1671099598356,0,ONE,,2944.4375,86.75,65.75,1.3194,0.0,0.0,0.0,0.0,0.0,0.0,train,images\glove_pair_latex\1671099598356.jpeg
images\1671115760415.jpg,,masks\1671115760415.png,medical_glasses,1671115760415,1671115760415,0,ONE,,1056.5625,55.2981,37.7749,1.4639,0.0,0.0,0.0,0.0,0.0,0.0,train,images\medical_glasses\1671115760415.jpeg
images\1671115337414.jpg,,masks\1671115337414.png,shoe_cover_pair,1671115337414,1671115337414,0,ONE,,12887.4375,164.3548,115.2213,1.4264,0.0,0.0,0.0,0.0,0.0,0.0,train,images\shoe_cover_pair\1671115337414.jpeg
images\1671100185914.jpg,,masks\1671100185914.png,urine_bag,1671100185914,1671100185914,0,ONE,,6698.125,138.75,99.0,1.4015,0.0,0.0,0.0,0.0,0.0,0.0,train,images\urine_bag\1671100185914.jpeg
images\1671114016387.jpg,,masks\1671114016387.png,shoe_cover_single,1671114016387,1671114016387,0,ONE,,8863.5,146.7269,97.1591,1.5102,0.0,0.0,0.0,0.0,0.0,0.0,train,images\shoe_cover_single\1671114016387.jpeg
images\1671098993457.jpg,,masks\1671098993457.png,glove_single_latex,1671098993457,1671098993457,0,ONE,,1297.4375,52.2904,43.0196,1.2155,0.0,0.0,0.0,0.0,0.0,0.0,train,images\glove_single_latex\1671098993457.jpeg
images\1671187650170.jpg,,masks\1671187650170.png,gauze,1671187650170,1671187650170,0,ONE,,4384.125,124.5,70.0,1.7786,0.0,0.0,0.0,0.0,0.0,0.0,train,images\gauze\1671187650170.jpeg
images\1671103215455.jpg,,masks\1671103215455.png,test_tube,1671103215455,1671103215455,0,ONE,,2546.625,79.25,67.0,1.1828,0.0,0.0,0.0,0.0,0.0,0.0,train,images\test_tube\1671103215455.jpeg
images\1671097379100.jpg,,masks\1671097379100.png,glove_single_nitrile,1671097379100,1671097379100,0,ONE,,13132.0,147.5,139.5,1.0573,0.0,0.0,0.0,0.0,0.0,0.0,train,images\glove_single_nitrile\1671097379100.jpeg
images\1671037836501.jpg,,masks\1671037836501.png,glove_pair_surgery,1671037836501,1671037836501,0,ONE,,13246.8125,149.75,128.0,1.1699,0.0,0.0,0.0,0.0,0.0,0.0,train,images\glove_pair_surgery\1671037836501.jpeg
images\1671098846708.jpg,,masks\1671098846708.png,glove_single_latex,1671098846708,1671098846708,0,ONE,,2017.75,84.0,53.0,1.5849,0.0,0.0,0.0,0.0,0.0,0.0,train,images\glove_single_latex\1671098846708.jpeg
images\1671100894205.jpg,,masks\1671100894205.png,urine_bag,1671100894205,1671100894205,0,ONE,,5951.5625,139.1863,82.7281,1.6825,0.0,0.0,0.0,0.0,0.0,0.0,train,images\urine_bag\1671100894205.jpeg
images\1671115652689.jpg,,masks\1671115652689.png,medical_glasses,1671115652689,1671115652689,0,ONE,,1536.9375,73.0,61.0,1.1967,0.0,0.0,0.0,0.0,0.0,0.0,train,images\medical_glasses\1671115652689.jpeg
images\1671187721045.jpg,,masks\1671187721045.png,gauze,1671187721045,1671187721045,0,ONE,,4050.9375,122.75,62.25,1.9719,0.0,0.0,0.0,0.0,0.0,0.0,train,images\gauze\1671187721045.jpeg
images\1671097211706.jpg,,masks\1671097211706.png,glove_single_nitrile,1671097211706,1671097211706,0,ONE,,11660.3125,139.75,136.0,1.0276,0.0,0.0,0.0,0.0,0.0,0.0,train,images\glove_single_nitrile\1671097211706.jpeg
images\1671097713382.jpg,,masks\1671097713382.png,glove_pair_nitrile,1671097713382,1671097713382,0,ONE,,9878.8125,139.1035,110.9097,1.2542,0.0,0.0,0.0,0.0,0.0,0.0,train,images\glove_pair_nitrile\1671097713382.jpeg
images\1671100244881.jpg,,masks\1671100244881.png,urine_bag,1671100244881,1671100244881,0,ONE,,4971.375,138.75,82.5,1.6818,0.0,0.0,0.0,0.0,0.0,0.0,train,images\urine_bag\1671100244881.jpeg
images\1671187835241.jpg,,masks\1671187835241.png,gauze,1671187835241,1671187835241,0,ONE,,4474.0,119.5,74.0,1.6149,0.0,0.0,0.0,0.0,0.0,0.0,train,images\gauze\1671187835241.jpeg
images\1671037126902.jpg,,masks\1671037126902.png,glove_single_surgery,1671037126902,1671037126902,0,ONE,,8378.5625,130.9248,91.8432,1.4255,0.0,0.0,0.0,0.0,0.0,0.0,train,images\glove_single_surgery\1671037126902.jpeg
images\1671104228913.jpg,,masks\1671104228913.png,medical_cap,1671104228913,1671104228913,0,ONE,,10965.5625,135.5,121.75,1.1129,0.0,0.0,0.0,0.0,0.0,0.0,train,images\medical_cap\1671104228913.jpeg
images\1671115688909.jpg,,masks\1671115688909.png,medical_glasses,1671115688909,1671115688909,0,ONE,,1626.0625,95.0,58.0,1.6379,0.0,0.0,0.0,0.0,0.0,0.0,train,images\medical_glasses\1671115688909.jpeg
images\1671099664693.jpg,,masks\1671099664693.png,glove_pair_latex,1671099664693,1671099664693,0,ONE,,2812.4375,93.25,67.25,1.3866,0.0,0.0,0.0,0.0,0.0,0.0,train,images\glove_pair_latex\1671099664693.jpeg
images\1671115055428.jpg,,masks\1671115055428.png,shoe_cover_pair,1671115055428,1671115055428,0,ONE,,14458.125,144.5,139.5,1.0358,0.0,0.0,0.0,0.0,0.0,0.0,train,images\shoe_cover_pair\1671115055428.jpeg
images\1671115885951.jpg,,masks\1671115885951.png,medical_glasses,1671115885951,1671115885951,0,ONE,,963.625,56.0,44.25,1.2655,0.0,0.0,0.0,0.0,0.0,0.0,train,images\medical_glasses\1671115885951.jpeg
images\1671100188517.jpg,,masks\1671100188517.png,urine_bag,1671100188517,1671100188517,0,ONE,,6422.125,138.5,98.5,1.4061,0.0,0.0,0.0,0.0,0.0,0.0,train,images\urine_bag\1671100188517.jpeg
images\1671104222945.jpg,,masks\1671104222945.png,medical_cap,1671104222945,1671104222945,0,ONE,,8399.5625,132.4183,85.2104,1.554,0.0,0.0,0.0,0.0,0.0,0.0,train,images\medical_cap\1671104222945.jpeg
images\1671187741155.jpg,,masks\1671187741155.png,gauze,1671187741155,1671187741155,0,ONE,,2653.5,117.75,92.0,1.2799,0.0,0.0,0.0,0.0,0.0,0.0,train,images\gauze\1671187741155.jpeg
images\1671104196796.jpg,,masks\1671104196796.png,medical_cap,1671104196796,1671104196796,0,ONE,,8066.6875,129.3775,83.897,1.5421,0.0,0.0,0.0,0.0,0.0,0.0,train,images\medical_cap\1671104196796.jpeg
images\1671099128363.jpg,,masks\1671099128363.png,glove_single_latex,1671099128363,1671099128363,0,ONE,,847.75,52.25,24.25,2.1546,0.0,0.0,0.0,0.0,0.0,0.0,train,images\glove_single_latex\1671099128363.jpeg
images\1671037371938.jpg,,masks\1671037371938.png,glove_pair_surgery,1671037371938,1671037371938,0,ONE,,10957.4375,149.75,113.25,1.3223,0.0,0.0,0.0,0.0,0.0,0.0,train,images\glove_pair_surgery\1671037371938.jpeg
images\1671114659941.jpg,,masks\1671114659941.png,shoe_cover_single,1671114659941,1671114659941,0,ONE,,11730.875,143.25,116.5,1.2296,0.0,0.0,0.0,0.0,0.0,0.0,train,images\shoe_cover_single\1671114659941.jpeg
images\1671036603973.jpg,,masks\1671036603973.png,glove_single_surgery,1671036603973,1671036603973,0,ONE,,9830.375,135.5,128.5,1.0545,0.0,0.0,0.0,0.0,0.0,0.0,train,images\glove_single_surgery\1671036603973.jpeg
images\1671097678898.jpg,,masks\1671097678898.png,glove_pair_nitrile,1671097678898,1671097678898,0,ONE,,11606.875,137.0143,122.1674,1.1215,0.0,0.0,0.0,0.0,0.0,0.0,train,images\glove_pair_nitrile\1671097678898.jpeg
images\1671187608448.jpg,,masks\1671187608448.png,gauze,1671187608448,1671187608448,0,ONE,,5996.625,128.75,76.0,1.6941,0.0,0.0,0.0,0.0,0.0,0.0,train,images\gauze\1671187608448.jpeg
images\1671097521244.jpg,,masks\1671097521244.png,glove_single_nitrile,1671097521244,1671097521244,0,ONE,,6708.9375,140.5433,67.3778,2.0859,0.0,0.0,0.0,0.0,0.0,0.0,train,images\glove_single_nitrile\1671097521244.jpeg
images\1671099033811.jpg,,masks\1671099033811.png,glove_single_latex,1671099033811,1671099033811,0,ONE,,1784.1875,80.25,53.25,1.507,0.0,0.0,0.0,0.0,0.0,0.0,train,images\glove_single_latex\1671099033811.jpeg
images\1671098152726.jpg,,masks\1671098152726.png,glove_pair_nitrile,1671098152726,1671098152726,0,ONE,,12848.4375,149.75,130.25,1.1497,0.0,0.0,0.0,0.0,0.0,0.0,train,images\glove_pair_nitrile\1671098152726.jpeg
images\1671036367007.jpg,,masks\1671036367007.png,glove_single_surgery,1671036367007,1671036367007,0,ONE,,6950.125,126.8584,83.3102,1.5227,0.0,0.0,0.0,0.0,0.0,0.0,train,images\glove_single_surgery\1671036367007.jpeg
images\1671099056357.jpg,,masks\1671099056357.png,glove_single_latex,1671099056357,1671099056357,0,ONE,,697.125,48.0,21.75,2.2069,0.0,0.0,0.0,0.0,0.0,0.0,train,images\glove_single_latex\1671099056357.jpeg
images\1671115276815.jpg,,masks\1671115276815.png,shoe_cover_pair,1671115276815,1671115276815,0,ONE,,6238.3125,130.5671,85.2528,1.5315,0.0,0.0,0.0,0.0,0.0,0.0,train,images\shoe_cover_pair\1671115276815.jpeg
images\1671103116633.jpg,,masks\1671103116633.png,test_tube,1671103116633,1671103116633,0,ONE,,631.5625,46.5,21.0,2.2143,0.0,0.0,0.0,0.0,0.0,0.0,train,images\test_tube\1671103116633.jpeg
images\1671102970118.jpg,,masks\1671102970118.png,test_tube,1671102970118,1671102970118,0,ONE,,725.625,52.75,19.5,2.7051,0.0,0.0,0.0,0.0,0.0,0.0,train,images\test_tube\1671102970118.jpeg
images\1671114399898.jpg,,masks\1671114399898.png,shoe_cover_single,1671114399898,1671114399898,0,ONE,,9414.5625,139.1741,93.7154,1.4851,0.0,0.0,0.0,0.0,0.0,0.0,train,images\shoe_cover_single\1671114399898.jpeg
images\1671099073167.jpg,,masks\1671099073167.png,glove_single_latex,1671099073167,1671099073167,0,ONE,,700.25,46.75,23.0,2.0326,0.0,0.0,0.0,0.0,0.0,0.0,train,images\glove_single_latex\1671099073167.jpeg
images\1671115574746.jpg,,masks\1671115574746.png,medical_glasses,1671115574746,1671115574746,0,ONE,,1196.5625,60.0,47.5,1.2632,0.0,0.0,0.0,0.0,0.0,0.0,train,images\medical_glasses\1671115574746.jpeg
images\1671115619104.jpg,,masks\1671115619104.png,medical_glasses,1671115619104,1671115619104,0,ONE,,789.5,68.5,31.0,2.2097,0.0,0.0,0.0,0.0,0.0,0.0,train,images\medical_glasses\1671115619104.jpeg
images\1671104258930.jpg,,masks\1671104258930.png,medical_cap,1671104258930,1671104258930,0,ONE,,12186.75,131.0,129.0,1.0155,0.0,0.0,0.0,0.0,0.0,0.0,train,images\medical_cap\1671104258930.jpeg
images\1671104194864.jpg,,masks\1671104194864.png,medical_cap,1671104194864,1671104194864,0,ONE,,8114.5625,121.0269,101.7573,1.1894,0.0,0.0,0.0,0.0,0.0,0.0,train,images\medical_cap\1671104194864.jpeg
images\1671100238344.jpg,,masks\1671100238344.png,urine_bag,1671100238344,1671100238344,0,ONE,,2813.3125,103.2877,65.4638,1.5778,0.0,0.0,0.0,0.0,0.0,0.0,train,images\urine_bag\1671100238344.jpeg
images\1671097243859.jpg,,masks\1671097243859.png,glove_single_nitrile,1671097243859,1671097243859,0,ONE,,11983.5,149.75,119.0,1.2584,0.0,0.0,0.0,0.0,0.0,0.0,train,images\glove_single_nitrile\1671097243859.jpeg
images\1671037664636.jpg,,masks\1671037664636.png,glove_pair_surgery,1671037664636,1671037664636,0,ONE,,8595.9375,130.5,89.25,1.4622,0.0,0.0,0.0,0.0,0.0,0.0,train,images\glove_pair_surgery\1671037664636.jpeg
images\1671104184055.jpg,,masks\1671104184055.png,medical_cap,1671104184055,1671104184055,0,ONE,,11483.1875,153.9887,112.4293,1.3696,0.0,0.0,0.0,0.0,0.0,0.0,train,images\medical_cap\1671104184055.jpeg
images\1671098084521.jpg,,masks\1671098084521.png,glove_pair_nitrile,1671098084521,1671098084521,0,ONE,,8178.9375,140.0639,74.3303,1.8843,0.0,0.0,0.0,0.0,0.0,0.0,train,images\glove_pair_nitrile\1671098084521.jpeg
images\1671187673184.jpg,,masks\1671187673184.png,gauze,1671187673184,1671187673184,0,ONE,,4370.3125,116.5,77.5,1.5032,0.0,0.0,0.0,0.0,0.0,0.0,train,images\gauze\1671187673184.jpeg
images\1671115223319.jpg,,masks\1671115223319.png,shoe_cover_pair,1671115223319,1671115223319,0,ONE,,13561.0625,149.75,138.75,1.0793,0.0,0.0,0.0,0.0,0.0,0.0,train,images\shoe_cover_pair\1671115223319.jpeg
images\1671036616814.jpg,,masks\1671036616814.png,glove_single_surgery,1671036616814,1671036616814,0,ONE,,7652.375,139.25,104.0,1.3389,0.0,0.0,0.0,0.0,0.0,0.0,train,images\glove_single_surgery\1671036616814.jpeg
images\1671115621539.jpg,,masks\1671115621539.png,medical_glasses,1671115621539,1671115621539,0,ONE,,758.125,53.5,38.0,1.4079,0.0,0.0,0.0,0.0,0.0,0.0,train,images\medical_glasses\1671115621539.jpeg
images\1671099757744.jpg,,masks\1671099757744.png,glove_pair_latex,1671099757744,1671099757744,0,ONE,,3531.3125,89.75,84.5,1.0621,0.0,0.0,0.0,0.0,0.0,0.0,train,images\glove_pair_latex\1671099757744.jpeg
images\1671096967238.jpg,,masks\1671096967238.png,glove_single_nitrile,1671096967238,1671096967238,0,ONE,,17737.5,149.75,118.0,1.2691,0.0,0.0,0.0,0.0,0.0,0.0,train,images\glove_single_nitrile\1671096967238.jpeg
images\1671098249112.jpg,,masks\1671098249112.png,glove_pair_nitrile,1671098249112,1671098249112,0,ONE,,15346.75,146.25,137.0,1.0675,0.0,0.0,0.0,0.0,0.0,0.0,train,images\glove_pair_nitrile\1671098249112.jpeg
images\1671115902927.jpg,,masks\1671115902927.png,medical_glasses,1671115902927,1671115902927,0,ONE,,1011.375,56.0,23.0,2.4348,0.0,0.0,0.0,0.0,0.0,0.0,train,images\medical_glasses\1671115902927.jpeg
images\1671113954686.jpg,,masks\1671113954686.png,shoe_cover_single,1671113954686,1671113954686,0,ONE,,12312.9375,149.75,127.75,1.1722,0.0,0.0,0.0,0.0,0.0,0.0,train,images\shoe_cover_single\1671113954686.jpeg
images\1671098053804.jpg,,masks\1671098053804.png,glove_pair_nitrile,1671098053804,1671098053804,0,ONE,,9290.4375,149.75,97.75,1.532,0.0,0.0,0.0,0.0,0.0,0.0,train,images\glove_pair_nitrile\1671098053804.jpeg
images\1671187877330.jpg,,masks\1671187877330.png,gauze,1671187877330,1671187877330,0,ONE,,2927.5,106.75,56.75,1.8811,0.0,0.0,0.0,0.0,0.0,0.0,train,images\gauze\1671187877330.jpeg
images\1671036592132.jpg,,masks\1671036592132.png,glove_single_surgery,1671036592132,1671036592132,0,ONE,,6513.5625,139.5,88.25,1.5807,0.0,0.0,0.0,0.0,0.0,0.0,train,images\glove_single_surgery\1671036592132.jpeg
images\1671102332602.jpg,,masks\1671102332602.png,urine_bag,1671102332602,1671102332602,0,ONE,,6447.0,149.75,113.0,1.3252,0.0,0.0,0.0,0.0,0.0,0.0,train,images\urine_bag\1671102332602.jpeg
images\1671099682536.jpg,,masks\1671099682536.png,glove_pair_latex,1671099682536,1671099682536,0,ONE,,2900.375,89.6655,56.8393,1.5775,0.0,0.0,0.0,0.0,0.0,0.0,train,images\glove_pair_latex\1671099682536.jpeg
images\1671037086311.jpg,,masks\1671037086311.png,glove_single_surgery,1671037086311,1671037086311,0,ONE,,5164.125,129.4123,66.3339,1.9509,0.0,0.0,0.0,0.0,0.0,0.0,train,images\glove_single_surgery\1671037086311.jpeg
images\1671115063531.jpg,,masks\1671115063531.png,shoe_cover_pair,1671115063531,1671115063531,0,ONE,,16457.0,149.75,144.25,1.0381,0.0,0.0,0.0,0.0,0.0,0.0,train,images\shoe_cover_pair\1671115063531.jpeg
images\1671104061354.jpg,,masks\1671104061354.png,medical_cap,1671104061354,1671104061354,0,ONE,,8373.25,128.75,87.75,1.4672,0.0,0.0,0.0,0.0,0.0,0.0,train,images\medical_cap\1671104061354.jpeg
images\1671097594319.jpg,,masks\1671097594319.png,glove_pair_nitrile,1671097594319,1671097594319,0,ONE,,11731.125,142.9748,117.0841,1.2211,0.0,0.0,0.0,0.0,0.0,0.0,train,images\glove_pair_nitrile\1671097594319.jpeg
images\1671037724536.jpg,,masks\1671037724536.png,glove_pair_surgery,1671037724536,1671037724536,0,ONE,,11034.5,149.75,126.5,1.1838,0.0,0.0,0.0,0.0,0.0,0.0,train,images\glove_pair_surgery\1671037724536.jpeg
images\1671115910465.jpg,,masks\1671115910465.png,medical_glasses,1671115910465,1671115910465,0,ONE,,852.5,53.5,21.25,2.5176,0.0,0.0,0.0,0.0,0.0,0.0,train,images\medical_glasses\1671115910465.jpeg
images\1671102996166.jpg,,masks\1671102996166.png,test_tube,1671102996166,1671102996166,0,ONE,,601.125,49.25,16.75,2.9403,0.0,0.0,0.0,0.0,0.0,0.0,train,images\test_tube\1671102996166.jpeg
images\1671037636386.jpg,,masks\1671037636386.png,glove_pair_surgery,1671037636386,1671037636386,0,ONE,,11337.1875,149.75,95.5,1.5681,0.0,0.0,0.0,0.0,0.0,0.0,train,images\glove_pair_surgery\1671037636386.jpeg
images\1671100927490.jpg,,masks\1671100927490.png,urine_bag,1671100927490,1671100927490,0,ONE,,3616.8125,106.1803,69.2563,1.5331,0.0,0.0,0.0,0.0,0.0,0.0,train,images\urine_bag\1671100927490.jpeg
images\1671114247414.jpg,,masks\1671114247414.png,shoe_cover_single,1671114247414,1671114247414,0,ONE,,12090.3125,153.4436,117.7615,1.303,0.0,0.0,0.0,0.0,0.0,0.0,train,images\shoe_cover_single\1671114247414.jpeg
images\1671187685124.jpg,,masks\1671187685124.png,gauze,1671187685124,1671187685124,0,ONE,,1444.5625,89.6628,42.8445,2.0927,0.0,0.0,0.0,0.0,0.0,0.0,train,images\gauze\1671187685124.jpeg
images\1671114439320.jpg,,masks\1671114439320.png,shoe_cover_single,1671114439320,1671114439320,0,ONE,,8484.3125,131.9306,102.0007,1.2934,0.0,0.0,0.0,0.0,0.0,0.0,train,images\shoe_cover_single\1671114439320.jpeg
images\1671097031573.jpg,,masks\1671097031573.png,glove_single_nitrile,1671097031573,1671097031573,0,ONE,,5830.8125,146.0887,69.6617,2.0971,0.0,0.0,0.0,0.0,0.0,0.0,train,images\glove_single_nitrile\1671097031573.jpeg
images\1671102971787.jpg,,masks\1671102971787.png,test_tube,1671102971787,1671102971787,0,ONE,,623.0625,77.7158,30.7565,2.5268,0.0,0.0,0.0,0.0,0.0,0.0,train,images\test_tube\1671102971787.jpeg
images\1671187623722.jpg,,masks\1671187623722.png,gauze,1671187623722,1671187623722,0,ONE,,6127.1875,125.25,96.0,1.3047,0.0,0.0,0.0,0.0,0.0,0.0,train,images\gauze\1671187623722.jpeg
images\1671097947646.jpg,,masks\1671097947646.png,glove_pair_nitrile,1671097947646,1671097947646,0,ONE,,12048.4375,139.25,115.5,1.2056,0.0,0.0,0.0,0.0,0.0,0.0,train,images\glove_pair_nitrile\1671097947646.jpeg
images\1671115215481.jpg,,masks\1671115215481.png,shoe_cover_pair,1671115215481,1671115215481,0,ONE,,9678.6875,144.5,100.25,1.4414,0.0,0.0,0.0,0.0,0.0,0.0,train,images\shoe_cover_pair\1671115215481.jpeg
images\1671097638542.jpg,,masks\1671097638542.png,glove_pair_nitrile,1671097638542,1671097638542,0,ONE,,12975.0625,149.75,135.75,1.1031,0.0,0.0,0.0,0.0,0.0,0.0,train,images\glove_pair_nitrile\1671097638542.jpeg
images\1671099652987.jpg,,masks\1671099652987.png,glove_pair_latex,1671099652987,1671099652987,0,ONE,,2445.25,73.5,55.0,1.3364,0.0,0.0,0.0,0.0,0.0,0.0,train,images\glove_pair_latex\1671099652987.jpeg
images\1671104109848.jpg,,masks\1671104109848.png,medical_cap,1671104109848,1671104109848,0,ONE,,9798.125,129.25,100.0,1.2925,0.0,0.0,0.0,0.0,0.0,0.0,train,images\medical_cap\1671104109848.jpeg
images\1671097475587.jpg,,masks\1671097475587.png,glove_single_nitrile,1671097475587,1671097475587,0,ONE,,9656.0625,139.75,98.5,1.4188,0.0,0.0,0.0,0.0,0.0,0.0,train,images\glove_single_nitrile\1671097475587.jpeg
images\1671115921939.jpg,,masks\1671115921939.png,medical_glasses,1671115921939,1671115921939,0,ONE,,734.5,34.0,33.75,1.0074,0.0,0.0,0.0,0.0,0.0,0.0,train,images\medical_glasses\1671115921939.jpeg
images\1671098206957.jpg,,masks\1671098206957.png,glove_pair_nitrile,1671098206957,1671098206957,0,ONE,,13071.5,142.0,140.5,1.0107,0.0,0.0,0.0,0.0,0.0,0.0,train,images\glove_pair_nitrile\1671098206957.jpeg
images\1671104192995.jpg,,masks\1671104192995.png,medical_cap,1671104192995,1671104192995,0,ONE,,10688.4375,128.4423,128.1678,1.0021,0.0,0.0,0.0,0.0,0.0,0.0,train,images\medical_cap\1671104192995.jpeg
images\1671103216690.jpg,,masks\1671103216690.png,test_tube,1671103216690,1671103216690,0,ONE,,2318.6875,80.0,77.5,1.0323,0.0,0.0,0.0,0.0,0.0,0.0,train,images\test_tube\1671103216690.jpeg
images\1671104066724.jpg,,masks\1671104066724.png,medical_cap,1671104066724,1671104066724,0,ONE,,7654.125,137.2215,81.5519,1.6826,0.0,0.0,0.0,0.0,0.0,0.0,train,images\medical_cap\1671104066724.jpeg
images\1671115891189.jpg,,masks\1671115891189.png,medical_glasses,1671115891189,1671115891189,0,ONE,,2309.5625,75.5,59.6636,1.2654,0.0,0.0,0.0,0.0,0.0,0.0,train,images\medical_glasses\1671115891189.jpeg
images\1671114738651.jpg,,masks\1671114738651.png,shoe_cover_single,1671114738651,1671114738651,0,ONE,,7515.6875,128.1629,91.0746,1.4072,0.0,0.0,0.0,0.0,0.0,0.0,train,images\shoe_cover_single\1671114738651.jpeg
images\1671114405668.jpg,,masks\1671114405668.png,shoe_cover_single,1671114405668,1671114405668,0,ONE,,7304.1875,128.9037,74.6918,1.7258,0.0,0.0,0.0,0.0,0.0,0.0,train,images\shoe_cover_single\1671114405668.jpeg
images\1671102998435.jpg,,masks\1671102998435.png,test_tube,1671102998435,1671102998435,0,ONE,,687.6875,56.5094,25.1814,2.2441,0.0,0.0,0.0,0.0,0.0,0.0,train,images\test_tube\1671102998435.jpeg
images\1671114149794.jpg,,masks\1671114149794.png,shoe_cover_single,1671114149794,1671114149794,0,ONE,,6421.0,139.4054,67.459,2.0665,0.0,0.0,0.0,0.0,0.0,0.0,train,images\shoe_cover_single\1671114149794.jpeg
images\1671114694660.jpg,,masks\1671114694660.png,shoe_cover_single,1671114694660,1671114694660,0,ONE,,10540.8125,122.549,115.9138,1.0572,0.0,0.0,0.0,0.0,0.0,0.0,train,images\shoe_cover_single\1671114694660.jpeg
images\1671097747034.jpg,,masks\1671097747034.png,glove_pair_nitrile,1671097747034,1671097747034,0,ONE,,16407.0,149.75,120.25,1.2453,0.0,0.0,0.0,0.0,0.0,0.0,train,images\glove_pair_nitrile\1671097747034.jpeg
images\1671104189693.jpg,,masks\1671104189693.png,medical_cap,1671104189693,1671104189693,0,ONE,,8303.9375,130.4369,104.0434,1.2537,0.0,0.0,0.0,0.0,0.0,0.0,train,images\medical_cap\1671104189693.jpeg
images\1671097369928.jpg,,masks\1671097369928.png,glove_single_nitrile,1671097369928,1671097369928,0,ONE,,5462.8125,138.4743,74.7413,1.8527,0.0,0.0,0.0,0.0,0.0,0.0,train,images\glove_single_nitrile\1671097369928.jpeg
images\1671097441400.jpg,,masks\1671097441400.png,glove_single_nitrile,1671097441400,1671097441400,0,ONE,,8886.6875,125.085,119.6303,1.0456,0.0,0.0,0.0,0.0,0.0,0.0,train,images\glove_single_nitrile\1671097441400.jpeg
images\1671104068626.jpg,,masks\1671104068626.png,medical_cap,1671104068626,1671104068626,0,ONE,,7636.5625,125.2431,76.188,1.6439,0.0,0.0,0.0,0.0,0.0,0.0,train,images\medical_cap\1671104068626.jpeg
images\1671115925272.jpg,,masks\1671115925272.png,medical_glasses,1671115925272,1671115925272,0,ONE,,1785.5,93.4306,36.9976,2.5253,0.0,0.0,0.0,0.0,0.0,0.0,train,images\medical_glasses\1671115925272.jpeg
images\1671187778175.jpg,,masks\1671187778175.png,gauze,1671187778175,1671187778175,0,ONE,,4183.4375,118.0,62.5,1.888,0.0,0.0,0.0,0.0,0.0,0.0,train,images\gauze\1671187778175.jpeg
images\1671100258654.jpg,,masks\1671100258654.png,urine_bag,1671100258654,1671100258654,0,ONE,,3587.6875,108.4224,74.6107,1.4532,0.0,0.0,0.0,0.0,0.0,0.0,train,images\urine_bag\1671100258654.jpeg
images\1671115595357.jpg,,masks\1671115595357.png,medical_glasses,1671115595357,1671115595357,0,ONE,,953.0,58.75,24.75,2.3737,0.0,0.0,0.0,0.0,0.0,0.0,train,images\medical_glasses\1671115595357.jpeg
images\1671115258506.jpg,,masks\1671115258506.png,shoe_cover_pair,1671115258506,1671115258506,0,ONE,,11155.375,149.75,110.25,1.3583,0.0,0.0,0.0,0.0,0.0,0.0,train,images\shoe_cover_pair\1671115258506.jpeg
images\1671187868793.jpg,,masks\1671187868793.png,gauze,1671187868793,1671187868793,0,ONE,,1753.9375,106.5,56.5,1.885,0.0,0.0,0.0,0.0,0.0,0.0,train,images\gauze\1671187868793.jpeg
images\1671113573375.jpg,,masks\1671113573375.png,shoe_cover_single,1671113573375,1671113573375,0,ONE,,9149.4375,139.25,105.0,1.3262,0.0,0.0,0.0,0.0,0.0,0.0,train,images\shoe_cover_single\1671113573375.jpeg
images\1671099606728.jpg,,masks\1671099606728.png,glove_pair_latex,1671099606728,1671099606728,0,ONE,,3316.75,76.0,72.5,1.0483,0.0,0.0,0.0,0.0,0.0,0.0,train,images\glove_pair_latex\1671099606728.jpeg
images\1671099720957.jpg,,masks\1671099720957.png,glove_pair_latex,1671099720957,1671099720957,0,ONE,,3019.9375,83.75,68.5,1.2226,0.0,0.0,0.0,0.0,0.0,0.0,train,images\glove_pair_latex\1671099720957.jpeg
images\1671097240822.jpg,,masks\1671097240822.png,glove_single_nitrile,1671097240822,1671097240822,0,ONE,,19689.9375,149.75,133.25,1.1238,0.0,0.0,0.0,0.0,0.0,0.0,train,images\glove_single_nitrile\1671097240822.jpeg
images\1671103112129.jpg,,masks\1671103112129.png,test_tube,1671103112129,1671103112129,0,ONE,,811.0625,52.9335,22.0056,2.4055,0.0,0.0,0.0,0.0,0.0,0.0,train,images\test_tube\1671103112129.jpeg
images\1671036491609.jpg,,masks\1671036491609.png,glove_single_surgery,1671036491609,1671036491609,0,ONE,,7544.125,152.141,74.9464,2.03,0.0,0.0,0.0,0.0,0.0,0.0,train,images\glove_single_surgery\1671036491609.jpeg
images\1671098202387.jpg,,masks\1671098202387.png,glove_pair_nitrile,1671098202387,1671098202387,0,ONE,,9842.9375,139.25,110.5,1.2602,0.0,0.0,0.0,0.0,0.0,0.0,train,images\glove_pair_nitrile\1671098202387.jpeg
images\1671187780976.jpg,,masks\1671187780976.png,gauze,1671187780976,1671187780976,0,ONE,,4485.375,125.75,54.25,2.318,0.0,0.0,0.0,0.0,0.0,0.0,train,images\gauze\1671187780976.jpeg
images\1671098278695.jpg,,masks\1671098278695.png,glove_pair_nitrile,1671098278695,1671098278695,0,ONE,,14936.375,149.75,116.0,1.2909,0.0,0.0,0.0,0.0,0.0,0.0,train,images\glove_pair_nitrile\1671098278695.jpeg
images\1671102988328.jpg,,masks\1671102988328.png,test_tube,1671102988328,1671102988328,0,ONE,,955.6875,53.75,24.25,2.2165,0.0,0.0,0.0,0.0,0.0,0.0,train,images\test_tube\1671102988328.jpeg
images\1671099202839.jpg,,masks\1671099202839.png,glove_single_latex,1671099202839,1671099202839,0,ONE,,1181.625,74.0686,34.4786,2.1483,0.0,0.0,0.0,0.0,0.0,0.0,train,images\glove_single_latex\1671099202839.jpeg
images\1671098029191.jpg,,masks\1671098029191.png,glove_pair_nitrile,1671098029191,1671098029191,0,ONE,,11157.8125,157.2619,113.269,1.3884,0.0,0.0,0.0,0.0,0.0,0.0,train,images\glove_pair_nitrile\1671098029191.jpeg
images\1671100316886.jpg,,masks\1671100316886.png,urine_bag,1671100316886,1671100316886,0,ONE,,6293.5625,137.25,103.25,1.3293,0.0,0.0,0.0,0.0,0.0,0.0,train,images\urine_bag\1671100316886.jpeg
images\1671098926887.jpg,,masks\1671098926887.png,glove_single_latex,1671098926887,1671098926887,0,ONE,,1393.0625,90.7808,48.236,1.882,0.0,0.0,0.0,0.0,0.0,0.0,train,images\glove_single_latex\1671098926887.jpeg
images\1671115565807.jpg,,masks\1671115565807.png,medical_glasses,1671115565807,1671115565807,0,ONE,,1049.5625,60.25,23.5,2.5638,0.0,0.0,0.0,0.0,0.0,0.0,train,images\medical_glasses\1671115565807.jpeg
images\1671104205735.jpg,,masks\1671104205735.png,medical_cap,1671104205735,1671104205735,0,ONE,,9373.125,128.75,117.25,1.0981,0.0,0.0,0.0,0.0,0.0,0.0,train,images\medical_cap\1671104205735.jpeg
images\1671100626758.jpg,,masks\1671100626758.png,urine_bag,1671100626758,1671100626758,0,ONE,,3883.0625,98.7204,84.5915,1.167,0.0,0.0,0.0,0.0,0.0,0.0,train,images\urine_bag\1671100626758.jpeg
images\1671115830487.jpg,,masks\1671115830487.png,medical_glasses,1671115830487,1671115830487,0,ONE,,1052.8125,55.25,46.25,1.1946,0.0,0.0,0.0,0.0,0.0,0.0,train,images\medical_glasses\1671115830487.jpeg
images\1671037805282.jpg,,masks\1671037805282.png,glove_pair_surgery,1671037805282,1671037805282,0,ONE,,4615.5625,130.2944,50.3505,2.5877,0.0,0.0,0.0,0.0,0.0,0.0,train,images\glove_pair_surgery\1671037805282.jpeg
images\1671098159929.jpg,,masks\1671098159929.png,glove_pair_nitrile,1671098159929,1671098159929,0,ONE,,18340.875,149.75,129.0,1.1609,0.0,0.0,0.0,0.0,0.0,0.0,train,images\glove_pair_nitrile\1671098159929.jpeg
images\1671114915216.jpg,,masks\1671114915216.png,shoe_cover_pair,1671114915216,1671114915216,0,ONE,,13349.75,134.0,132.5,1.0113,0.0,0.0,0.0,0.0,0.0,0.0,train,images\shoe_cover_pair\1671114915216.jpeg
images\1671114177976.jpg,,masks\1671114177976.png,shoe_cover_single,1671114177976,1671114177976,0,ONE,,9213.625,140.1845,89.1791,1.5719,0.0,0.0,0.0,0.0,0.0,0.0,train,images\shoe_cover_single\1671114177976.jpeg
images\1671102937733.jpg,,masks\1671102937733.png,test_tube,1671102937733,1671102937733,0,ONE,,1158.375,60.5,35.5,1.7042,0.0,0.0,0.0,0.0,0.0,0.0,train,images\test_tube\1671102937733.jpeg
images\1671187848880.jpg,,masks\1671187848880.png,gauze,1671187848880,1671187848880,0,ONE,,4386.8125,120.0,75.75,1.5842,0.0,0.0,0.0,0.0,0.0,0.0,train,images\gauze\1671187848880.jpeg
images\1671097469950.jpg,,masks\1671097469950.png,glove_single_nitrile,1671097469950,1671097469950,0,ONE,,10842.5,139.75,118.5,1.1793,0.0,0.0,0.0,0.0,0.0,0.0,train,images\glove_single_nitrile\1671097469950.jpeg
images\1671187661043.jpg,,masks\1671187661043.png,gauze,1671187661043,1671187661043,0,ONE,,4723.8125,135.7965,77.6731,1.7483,0.0,0.0,0.0,0.0,0.0,0.0,train,images\gauze\1671187661043.jpeg
images\1671099321837.jpg,,masks\1671099321837.png,glove_pair_latex,1671099321837,1671099321837,0,ONE,,2941.0,103.75,62.25,1.6667,0.0,0.0,0.0,0.0,0.0,0.0,train,images\glove_pair_latex\1671099321837.jpeg
images\1671115844229.jpg,,masks\1671115844229.png,medical_glasses,1671115844229,1671115844229,0,ONE,,1055.375,65.75,58.5,1.1239,0.0,0.0,0.0,0.0,0.0,0.0,train,images\medical_glasses\1671115844229.jpeg
images\1671099773386.jpg,,masks\1671099773386.png,glove_pair_latex,1671099773386,1671099773386,0,ONE,,2311.875,164.5439,64.8567,2.537,0.0,0.0,0.0,0.0,0.0,0.0,train,images\glove_pair_latex\1671099773386.jpeg
images\1671104070159.jpg,,masks\1671104070159.png,medical_cap,1671104070159,1671104070159,0,ONE,,7613.75,126.5076,84.6872,1.4938,0.0,0.0,0.0,0.0,0.0,0.0,train,images\medical_cap\1671104070159.jpeg
images\1671097299388.jpg,,masks\1671097299388.png,glove_single_nitrile,1671097299388,1671097299388,0,ONE,,12154.3125,132.2398,121.3511,1.0897,0.0,0.0,0.0,0.0,0.0,0.0,train,images\glove_single_nitrile\1671097299388.jpeg
images\1671037788206.jpg,,masks\1671037788206.png,glove_pair_surgery,1671037788206,1671037788206,0,ONE,,12530.5625,140.8889,132.1548,1.0661,0.0,0.0,0.0,0.0,0.0,0.0,train,images\glove_pair_surgery\1671037788206.jpeg
images\1671115235959.jpg,,masks\1671115235959.png,shoe_cover_pair,1671115235959,1671115235959,0,ONE,,13358.5625,139.25,139.0,1.0018,0.0,0.0,0.0,0.0,0.0,0.0,train,images\shoe_cover_pair\1671115235959.jpeg
images\1671102973520.jpg,,masks\1671102973520.png,test_tube,1671102973520,1671102973520,0,ONE,,650.4375,48.4166,19.6364,2.4657,0.0,0.0,0.0,0.0,0.0,0.0,train,images\test_tube\1671102973520.jpeg
images\1671036583295.jpg,,masks\1671036583295.png,glove_single_surgery,1671036583295,1671036583295,0,ONE,,6416.875,139.5,85.5,1.6316,0.0,0.0,0.0,0.0,0.0,0.0,train,images\glove_single_surgery\1671036583295.jpeg
images\1671036970480.jpg,,masks\1671036970480.png,glove_single_surgery,1671036970480,1671036970480,0,ONE,,8509.125,128.3759,111.8173,1.1481,0.0,0.0,0.0,0.0,0.0,0.0,train,images\glove_single_surgery\1671036970480.jpeg
images\1671097687435.jpg,,masks\1671097687435.png,glove_pair_nitrile,1671097687435,1671097687435,0,ONE,,17764.25,149.75,120.5,1.2427,0.0,0.0,0.0,0.0,0.0,0.0,train,images\glove_pair_nitrile\1671097687435.jpeg
images\1671100161835.jpg,,masks\1671100161835.png,urine_bag,1671100161835,1671100161835,0,ONE,,1640.5,137.25,43.75,3.1371,0.0,0.0,0.0,0.0,0.0,0.0,train,images\urine_bag\1671100161835.jpeg
images\1671037121496.jpg,,masks\1671037121496.png,glove_single_surgery,1671037121496,1671037121496,0,ONE,,4424.5,130.2848,59.2346,2.1995,0.0,0.0,0.0,0.0,0.0,0.0,train,images\glove_single_surgery\1671037121496.jpeg
images\1671099592921.jpg,,masks\1671099592921.png,glove_pair_latex,1671099592921,1671099592921,0,ONE,,1119.1875,63.2245,41.3986,1.5272,0.0,0.0,0.0,0.0,0.0,0.0,train,images\glove_pair_latex\1671099592921.jpeg
images\1671104012627.jpg,,masks\1671104012627.png,medical_cap,1671104012627,1671104012627,0,ONE,,11098.75,147.5,104.0,1.4183,0.0,0.0,0.0,0.0,0.0,0.0,train,images\medical_cap\1671104012627.jpeg
images\1671113538691.jpg,,masks\1671113538691.png,shoe_cover_single,1671113538691,1671113538691,0,ONE,,9959.4375,139.25,102.75,1.3552,0.0,0.0,0.0,0.0,0.0,0.0,train,images\shoe_cover_single\1671113538691.jpeg
images\1671114180946.jpg,,masks\1671114180946.png,shoe_cover_single,1671114180946,1671114180946,0,ONE,,8488.9375,135.0583,85.8925,1.5724,0.0,0.0,0.0,0.0,0.0,0.0,train,images\shoe_cover_single\1671114180946.jpeg
images\1671103147117.jpg,,masks\1671103147117.png,test_tube,1671103147117,1671103147117,0,ONE,,605.9375,46.25,19.75,2.3418,0.0,0.0,0.0,0.0,0.0,0.0,train,images\test_tube\1671103147117.jpeg
images\1671097234986.jpg,,masks\1671097234986.png,glove_single_nitrile,1671097234986,1671097234986,0,ONE,,16831.0,149.75,131.5,1.1388,0.0,0.0,0.0,0.0,0.0,0.0,train,images\glove_single_nitrile\1671097234986.jpeg
images\1671115896457.jpg,,masks\1671115896457.png,medical_glasses,1671115896457,1671115896457,0,ONE,,895.8125,54.0,22.0,2.4545,0.0,0.0,0.0,0.0,0.0,0.0,train,images\medical_glasses\1671115896457.jpeg
images\1671115670400.jpg,,masks\1671115670400.png,medical_glasses,1671115670400,1671115670400,0,ONE,,1461.375,92.5,54.5,1.6972,0.0,0.0,0.0,0.0,0.0,0.0,train,images\medical_glasses\1671115670400.jpeg
images\1671099362159.jpg,,masks\1671099362159.png,glove_pair_latex,1671099362159,1671099362159,0,ONE,,2515.3125,90.75,63.0,1.4405,0.0,0.0,0.0,0.0,0.0,0.0,train,images\glove_pair_latex\1671099362159.jpeg
images\1671113498035.jpg,,masks\1671113498035.png,shoe_cover_single,1671113498035,1671113498035,0,ONE,,9418.5,119.0813,106.7558,1.1155,0.0,0.0,0.0,0.0,0.0,0.0,train,images\shoe_cover_single\1671113498035.jpeg
images\1671099706516.jpg,,masks\1671099706516.png,glove_pair_latex,1671099706516,1671099706516,0,ONE,,3654.375,97.0,71.0,1.3662,0.0,0.0,0.0,0.0,0.0,0.0,train,images\glove_pair_latex\1671099706516.jpeg
images\1671097991071.jpg,,masks\1671097991071.png,glove_pair_nitrile,1671097991071,1671097991071,0,ONE,,16509.875,149.75,141.5,1.0583,0.0,0.0,0.0,0.0,0.0,0.0,train,images\glove_pair_nitrile\1671097991071.jpeg
images\1671037018772.jpg,,masks\1671037018772.png,glove_single_surgery,1671037018772,1671037018772,0,ONE,,8754.0625,141.5,89.0,1.5899,0.0,0.0,0.0,0.0,0.0,0.0,train,images\glove_single_surgery\1671037018772.jpeg
images\1671098984417.jpg,,masks\1671098984417.png,glove_single_latex,1671098984417,1671098984417,0,ONE,,1211.3125,54.9638,45.3689,1.2115,0.0,0.0,0.0,0.0,0.0,0.0,train,images\glove_single_latex\1671098984417.jpeg
images\1671036939561.jpg,,masks\1671036939561.png,glove_single_surgery,1671036939561,1671036939561,0,ONE,,10457.1875,126.2658,119.0248,1.0608,0.0,0.0,0.0,0.0,0.0,0.0,train,images\glove_single_surgery\1671036939561.jpeg
images\1671098049335.jpg,,masks\1671098049335.png,glove_pair_nitrile,1671098049335,1671098049335,0,ONE,,8886.375,139.25,92.25,1.5095,0.0,0.0,0.0,0.0,0.0,0.0,train,images\glove_pair_nitrile\1671098049335.jpeg
images\1671102964748.jpg,,masks\1671102964748.png,test_tube,1671102964748,1671102964748,0,ONE,,617.875,45.0,19.5,2.3077,0.0,0.0,0.0,0.0,0.0,0.0,train,images\test_tube\1671102964748.jpeg
images\1671099788729.jpg,,masks\1671099788729.png,glove_pair_latex,1671099788729,1671099788729,0,ONE,,2633.5625,99.6332,51.0011,1.9536,0.0,0.0,0.0,0.0,0.0,0.0,train,images\glove_pair_latex\1671099788729.jpeg
images\1671115183397.jpg,,masks\1671115183397.png,shoe_cover_pair,1671115183397,1671115183397,0,ONE,,14131.125,149.75,123.0,1.2175,0.0,0.0,0.0,0.0,0.0,0.0,train,images\shoe_cover_pair\1671115183397.jpeg
images\1671096987650.jpg,,masks\1671096987650.png,glove_single_nitrile,1671096987650,1671096987650,0,ONE,,8486.875,147.4263,95.276,1.5474,0.0,0.0,0.0,0.0,0.0,0.0,train,images\glove_single_nitrile\1671096987650.jpeg
images\1671098197118.jpg,,masks\1671098197118.png,glove_pair_nitrile,1671098197118,1671098197118,0,ONE,,10940.4375,131.9962,117.3157,1.1251,0.0,0.0,0.0,0.0,0.0,0.0,train,images\glove_pair_nitrile\1671098197118.jpeg
images\1671114745489.jpg,,masks\1671114745489.png,shoe_cover_single,1671114745489,1671114745489,0,ONE,,9348.8125,135.4672,103.5984,1.3076,0.0,0.0,0.0,0.0,0.0,0.0,train,images\shoe_cover_single\1671114745489.jpeg
images\1671115326911.jpg,,masks\1671115326911.png,shoe_cover_pair,1671115326911,1671115326911,0,ONE,,9060.0,142.25,107.0,1.3294,0.0,0.0,0.0,0.0,0.0,0.0,train,images\shoe_cover_pair\1671115326911.jpeg
images\1671037667804.jpg,,masks\1671037667804.png,glove_pair_surgery,1671037667804,1671037667804,0,ONE,,7824.75,139.5,82.0,1.7012,0.0,0.0,0.0,0.0,0.0,0.0,train,images\glove_pair_surgery\1671037667804.jpeg
images\1671115841262.jpg,,masks\1671115841262.png,medical_glasses,1671115841262,1671115841262,0,ONE,,1388.5625,80.5319,55.7613,1.4442,0.0,0.0,0.0,0.0,0.0,0.0,train,images\medical_glasses\1671115841262.jpeg
images\1671099601592.jpg,,masks\1671099601592.png,glove_pair_latex,1671099601592,1671099601592,0,ONE,,3330.875,102.75,66.0,1.5568,0.0,0.0,0.0,0.0,0.0,0.0,train,images\glove_pair_latex\1671099601592.jpeg
images\1671187598275.jpg,,masks\1671187598275.png,gauze,1671187598275,1671187598275,0,ONE,,4484.0,123.0,80.25,1.5327,0.0,0.0,0.0,0.0,0.0,0.0,train,images\gauze\1671187598275.jpeg
images\1671115127199.jpg,,masks\1671115127199.png,shoe_cover_pair,1671115127199,1671115127199,0,ONE,,14461.25,149.75,135.25,1.1072,0.0,0.0,0.0,0.0,0.0,0.0,train,images\shoe_cover_pair\1671115127199.jpeg
images\1671099488895.jpg,,masks\1671099488895.png,glove_pair_latex,1671099488895,1671099488895,0,ONE,,982.3125,59.4979,36.1492,1.6459,0.0,0.0,0.0,0.0,0.0,0.0,train,images\glove_pair_latex\1671099488895.jpeg
images\1671036945731.jpg,,masks\1671036945731.png,glove_single_surgery,1671036945731,1671036945731,0,ONE,,10941.5625,139.5,139.5,1.0,0.0,0.0,0.0,0.0,0.0,0.0,train,images\glove_single_surgery\1671036945731.jpeg
images\1671114867990.jpg,,masks\1671114867990.png,shoe_cover_pair,1671114867990,1671114867990,0,ONE,,11848.75,139.0,129.0,1.0775,0.0,0.0,0.0,0.0,0.0,0.0,train,images\shoe_cover_pair\1671114867990.jpeg
images\1671097758875.jpg,,masks\1671097758875.png,glove_pair_nitrile,1671097758875,1671097758875,0,ONE,,18839.75,149.75,130.5,1.1475,0.0,0.0,0.0,0.0,0.0,0.0,train,images\glove_pair_nitrile\1671097758875.jpeg
images\1671187883499.jpg,,masks\1671187883499.png,gauze,1671187883499,1671187883499,0,ONE,,3688.9375,113.75,84.25,1.3501,0.0,0.0,0.0,0.0,0.0,0.0,train,images\gauze\1671187883499.jpeg
images\1671115571078.jpg,,masks\1671115571078.png,medical_glasses,1671115571078,1671115571078,0,ONE,,1154.3125,48.0111,37.9768,1.2642,0.0,0.0,0.0,0.0,0.0,0.0,train,images\medical_glasses\1671115571078.jpeg
images\1671036963276.jpg,,masks\1671036963276.png,glove_single_surgery,1671036963276,1671036963276,0,ONE,,10177.5,139.5,110.5,1.2624,0.0,0.0,0.0,0.0,0.0,0.0,train,images\glove_single_surgery\1671036963276.jpeg
images\1671113946048.jpg,,masks\1671113946048.png,shoe_cover_single,1671113946048,1671113946048,0,ONE,,10039.0,156.9573,94.312,1.6642,0.0,0.0,0.0,0.0,0.0,0.0,train,images\shoe_cover_single\1671113946048.jpeg
images\1671114216298.jpg,,masks\1671114216298.png,shoe_cover_single,1671114216298,1671114216298,0,ONE,,8612.1875,119.8773,104.0235,1.1524,0.0,0.0,0.0,0.0,0.0,0.0,train,images\shoe_cover_single\1671114216298.jpeg
images\1671100298312.jpg,,masks\1671100298312.png,urine_bag,1671100298312,1671100298312,0,ONE,,6027.4375,135.6713,106.4955,1.274,0.0,0.0,0.0,0.0,0.0,0.0,train,images\urine_bag\1671100298312.jpeg
images\1671115589655.jpg,,masks\1671115589655.png,medical_glasses,1671115589655,1671115589655,0,ONE,,1903.6875,69.75,43.0,1.6221,0.0,0.0,0.0,0.0,0.0,0.0,train,images\medical_glasses\1671115589655.jpeg
images\1671104182422.jpg,,masks\1671104182422.png,medical_cap,1671104182422,1671104182422,0,ONE,,8705.25,129.1044,101.741,1.269,0.0,0.0,0.0,0.0,0.0,0.0,train,images\medical_cap\1671104182422.jpeg
images\1671113502671.jpg,,masks\1671113502671.png,shoe_cover_single,1671113502671,1671113502671,0,ONE,,11205.5,144.2587,114.432,1.2607,0.0,0.0,0.0,0.0,0.0,0.0,train,images\shoe_cover_single\1671113502671.jpeg
images\1671114479976.jpg,,masks\1671114479976.png,shoe_cover_single,1671114479976,1671114479976,0,ONE,,7428.6875,133.0,84.5,1.574,0.0,0.0,0.0,0.0,0.0,0.0,train,images\shoe_cover_single\1671114479976.jpeg
images\1671104057252.jpg,,masks\1671104057252.png,medical_cap,1671104057252,1671104057252,0,ONE,,10888.625,138.7675,109.1804,1.271,0.0,0.0,0.0,0.0,0.0,0.0,train,images\medical_cap\1671104057252.jpeg
images\1671037887896.jpg,,masks\1671037887896.png,glove_pair_surgery,1671037887896,1671037887896,0,ONE,,9991.5625,141.25,113.75,1.2418,0.0,0.0,0.0,0.0,0.0,0.0,train,images\glove_pair_surgery\1671037887896.jpeg
images\1671098566589.jpg,,masks\1671098566589.png,glove_single_latex,1671098566589,1671098566589,0,ONE,,2386.9375,88.5,56.75,1.5595,0.0,0.0,0.0,0.0,0.0,0.0,train,images\glove_single_latex\1671098566589.jpeg
images\1671187594073.jpg,,masks\1671187594073.png,gauze,1671187594073,1671187594073,0,ONE,,5245.125,125.75,70.0,1.7964,0.0,0.0,0.0,0.0,0.0,0.0,train,images\gauze\1671187594073.jpeg
images\1671102989528.jpg,,masks\1671102989528.png,test_tube,1671102989528,1671102989528,0,ONE,,779.375,53.0,21.5,2.4651,0.0,0.0,0.0,0.0,0.0,0.0,train,images\test_tube\1671102989528.jpeg
images\1671102959479.jpg,,masks\1671102959479.png,test_tube,1671102959479,1671102959479,0,ONE,,747.0625,49.5,20.0,2.475,0.0,0.0,0.0,0.0,0.0,0.0,train,images\test_tube\1671102959479.jpeg
images\1671099613331.jpg,,masks\1671099613331.png,glove_pair_latex,1671099613331,1671099613331,0,ONE,,2201.3125,80.8881,56.1369,1.4409,0.0,0.0,0.0,0.0,0.0,0.0,train,images\glove_pair_latex\1671099613331.jpeg
images\1671099643047.jpg,,masks\1671099643047.png,glove_pair_latex,1671099643047,1671099643047,0,ONE,,1743.6875,58.5,58.25,1.0043,0.0,0.0,0.0,0.0,0.0,0.0,train,images\glove_pair_latex\1671099643047.jpeg
images\1671115169956.jpg,,masks\1671115169956.png,shoe_cover_pair,1671115169956,1671115169956,0,ONE,,7435.1875,133.9448,88.588,1.512,0.0,0.0,0.0,0.0,0.0,0.0,train,images\shoe_cover_pair\1671115169956.jpeg
images\1671104122789.jpg,,masks\1671104122789.png,medical_cap,1671104122789,1671104122789,0,ONE,,11188.5,146.4331,112.3248,1.3037,0.0,0.0,0.0,0.0,0.0,0.0,train,images\medical_cap\1671104122789.jpeg
images\1671097327903.jpg,,masks\1671097327903.png,glove_single_nitrile,1671097327903,1671097327903,0,ONE,,15979.1875,149.75,110.75,1.3521,0.0,0.0,0.0,0.0,0.0,0.0,train,images\glove_single_nitrile\1671097327903.jpeg
images\1671104099275.jpg,,masks\1671104099275.png,medical_cap,1671104099275,1671104099275,0,ONE,,7093.5,129.2393,71.6648,1.8034,0.0,0.0,0.0,0.0,0.0,0.0,train,images\medical_cap\1671104099275.jpeg
images\1671036936128.jpg,,masks\1671036936128.png,glove_single_surgery,1671036936128,1671036936128,0,ONE,,6112.0,131.8136,65.1984,2.0217,0.0,0.0,0.0,0.0,0.0,0.0,train,images\glove_single_surgery\1671036936128.jpeg
images\1671104219341.jpg,,masks\1671104219341.png,medical_cap,1671104219341,1671104219341,0,ONE,,7309.4375,124.7349,78.8985,1.581,0.0,0.0,0.0,0.0,0.0,0.0,train,images\medical_cap\1671104219341.jpeg
images\1671100120179.jpg,,masks\1671100120179.png,urine_bag,1671100120179,1671100120179,0,ONE,,5374.125,138.75,93.0,1.4919,0.0,0.0,0.0,0.0,0.0,0.0,train,images\urine_bag\1671100120179.jpeg
images\1671115761316.jpg,,masks\1671115761316.png,medical_glasses,1671115761316,1671115761316,0,ONE,,1475.9375,62.0,47.0,1.3191,0.0,0.0,0.0,0.0,0.0,0.0,train,images\medical_glasses\1671115761316.jpeg
images\1671115543295.jpg,,masks\1671115543295.png,medical_glasses,1671115543295,1671115543295,0,ONE,,1481.125,73.25,72.75,1.0069,0.0,0.0,0.0,0.0,0.0,0.0,train,images\medical_glasses\1671115543295.jpeg
images\1671099051723.jpg,,masks\1671099051723.png,glove_single_latex,1671099051723,1671099051723,0,ONE,,1597.125,60.0,56.0,1.0714,0.0,0.0,0.0,0.0,0.0,0.0,train,images\glove_single_latex\1671099051723.jpeg
images\1671036455425.jpg,,masks\1671036455425.png,glove_single_surgery,1671036455425,1671036455425,0,ONE,,7525.625,128.7506,84.2276,1.5286,0.0,0.0,0.0,0.0,0.0,0.0,train,images\glove_single_surgery\1671036455425.jpeg
images\1671102991296.jpg,,masks\1671102991296.png,test_tube,1671102991296,1671102991296,0,ONE,,710.3125,50.25,18.0,2.7917,0.0,0.0,0.0,0.0,0.0,0.0,train,images\test_tube\1671102991296.jpeg
images\1671099301726.jpg,,masks\1671099301726.png,glove_pair_latex,1671099301726,1671099301726,0,ONE,,2675.5625,87.0608,56.4406,1.5425,0.0,0.0,0.0,0.0,0.0,0.0,train,images\glove_pair_latex\1671099301726.jpeg
images\1671096977811.jpg,,masks\1671096977811.png,glove_single_nitrile,1671096977811,1671096977811,0,ONE,,13701.75,149.75,116.25,1.2882,0.0,0.0,0.0,0.0,0.0,0.0,train,images\glove_single_nitrile\1671096977811.jpeg
images\1671113948686.jpg,,masks\1671113948686.png,shoe_cover_single,1671113948686,1671113948686,0,ONE,,8568.8125,144.25,101.75,1.4177,0.0,0.0,0.0,0.0,0.0,0.0,train,images\shoe_cover_single\1671113948686.jpeg
images\1671098907308.jpg,,masks\1671098907308.png,glove_single_latex,1671098907308,1671098907308,0,ONE,,786.625,47.1583,34.9647,1.3487,0.0,0.0,0.0,0.0,0.0,0.0,train,images\glove_single_latex\1671098907308.jpeg
images\1671100483145.jpg,,masks\1671100483145.png,urine_bag,1671100483145,1671100483145,0,ONE,,6018.75,134.0,107.0,1.2523,0.0,0.0,0.0,0.0,0.0,0.0,train,images\urine_bag\1671100483145.jpeg
images\1671100254485.jpg,,masks\1671100254485.png,urine_bag,1671100254485,1671100254485,0,ONE,,6690.8125,139.0,76.5,1.817,0.0,0.0,0.0,0.0,0.0,0.0,train,images\urine_bag\1671100254485.jpeg
images\1671114859918.jpg,,masks\1671114859918.png,shoe_cover_pair,1671114859918,1671114859918,0,ONE,,10367.875,119.7737,110.2315,1.0866,0.0,0.0,0.0,0.0,0.0,0.0,train,images\shoe_cover_pair\1671114859918.jpeg
images\1671037739678.jpg,,masks\1671037739678.png,glove_pair_surgery,1671037739678,1671037739678,0,ONE,,9583.8125,139.5,115.5,1.2078,0.0,0.0,0.0,0.0,0.0,0.0,train,images\glove_pair_surgery\1671037739678.jpeg
images\1671114447558.jpg,,masks\1671114447558.png,shoe_cover_single,1671114447558,1671114447558,0,ONE,,9517.75,122.494,118.6258,1.0326,0.0,0.0,0.0,0.0,0.0,0.0,train,images\shoe_cover_single\1671114447558.jpeg
images\1671100535607.jpg,,masks\1671100535607.png,urine_bag,1671100535607,1671100535607,0,ONE,,5971.625,130.25,101.5,1.2833,0.0,0.0,0.0,0.0,0.0,0.0,train,images\urine_bag\1671100535607.jpeg
images\1671114095565.jpg,,masks\1671114095565.png,shoe_cover_single,1671114095565,1671114095565,0,ONE,,5283.4375,138.2394,57.4524,2.4062,0.0,0.0,0.0,0.0,0.0,0.0,train,images\shoe_cover_single\1671114095565.jpeg
images\1671115119461.jpg,,masks\1671115119461.png,shoe_cover_pair,1671115119461,1671115119461,0,ONE,,15393.375,144.0,142.0,1.0141,0.0,0.0,0.0,0.0,0.0,0.0,train,images\shoe_cover_pair\1671115119461.jpeg
images\1671037753519.jpg,,masks\1671037753519.png,glove_pair_surgery,1671037753519,1671037753519,0,ONE,,10730.125,138.5,122.5,1.1306,0.0,0.0,0.0,0.0,0.0,0.0,train,images\glove_pair_surgery\1671037753519.jpeg
images\1671187633060.jpg,,masks\1671187633060.png,gauze,1671187633060,1671187633060,0,ONE,,2407.0,126.75,38.0,3.3355,0.0,0.0,0.0,0.0,0.0,0.0,train,images\gauze\1671187633060.jpeg
images\1671104140300.jpg,,masks\1671104140300.png,medical_cap,1671104140300,1671104140300,0,ONE,,10367.5,128.5,122.25,1.0511,0.0,0.0,0.0,0.0,0.0,0.0,train,images\medical_cap\1671104140300.jpeg
images\1671098289634.jpg,,masks\1671098289634.png,glove_pair_nitrile,1671098289634,1671098289634,0,ONE,,9808.375,148.4057,100.8788,1.4711,0.0,0.0,0.0,0.0,0.0,0.0,train,images\glove_pair_nitrile\1671098289634.jpeg
images\1671115224487.jpg,,masks\1671115224487.png,shoe_cover_pair,1671115224487,1671115224487,0,ONE,,13173.8125,147.5,128.0,1.1523,0.0,0.0,0.0,0.0,0.0,0.0,train,images\shoe_cover_pair\1671115224487.jpeg
images\1671099806271.jpg,,masks\1671099806271.png,glove_pair_latex,1671099806271,1671099806271,0,ONE,,3300.5625,87.0,65.75,1.3232,0.0,0.0,0.0,0.0,0.0,0.0,train,images\glove_pair_latex\1671099806271.jpeg
images\1671097629170.jpg,,masks\1671097629170.png,glove_pair_nitrile,1671097629170,1671097629170,0,ONE,,11536.6875,139.9845,135.5617,1.0326,0.0,0.0,0.0,0.0,0.0,0.0,train,images\glove_pair_nitrile\1671097629170.jpeg
images\1671104038209.jpg,,masks\1671104038209.png,medical_cap,1671104038209,1671104038209,0,ONE,,12264.5625,149.75,124.0,1.2077,0.0,0.0,0.0,0.0,0.0,0.0,train,images\medical_cap\1671104038209.jpeg
images\1671100552816.jpg,,masks\1671100552816.png,urine_bag,1671100552816,1671100552816,0,ONE,,2640.4375,94.0619,83.323,1.1289,0.0,0.0,0.0,0.0,0.0,0.0,train,images\urine_bag\1671100552816.jpeg
images\1671037090881.jpg,,masks\1671037090881.png,glove_single_surgery,1671037090881,1671037090881,0,ONE,,5029.1875,128.4312,58.3465,2.2012,0.0,0.0,0.0,0.0,0.0,0.0,train,images\glove_single_surgery\1671037090881.jpeg
images\1671187770937.jpg,,masks\1671187770937.png,gauze,1671187770937,1671187770937,0,ONE,,637.4375,47.75,17.75,2.6901,0.0,0.0,0.0,0.0,0.0,0.0,train,images\gauze\1671187770937.jpeg
images\1671099676399.jpg,,masks\1671099676399.png,glove_pair_latex,1671099676399,1671099676399,0,ONE,,745.5625,47.5,30.0,1.5833,0.0,0.0,0.0,0.0,0.0,0.0,train,images\glove_pair_latex\1671099676399.jpeg
images\1671187735250.jpg,,masks\1671187735250.png,gauze,1671187735250,1671187735250,0,ONE,,4310.3125,126.0,78.0,1.6154,0.0,0.0,0.0,0.0,0.0,0.0,train,images\gauze\1671187735250.jpeg
images\1671103107661.jpg,,masks\1671103107661.png,test_tube,1671103107661,1671103107661,0,ONE,,875.5,48.75,36.25,1.3448,0.0,0.0,0.0,0.0,0.0,0.0,train,images\test_tube\1671103107661.jpeg
images\1671100193052.jpg,,masks\1671100193052.png,urine_bag,1671100193052,1671100193052,0,ONE,,2305.0,89.8403,88.6146,1.0138,0.0,0.0,0.0,0.0,0.0,0.0,train,images\urine_bag\1671100193052.jpeg
images\1671037078339.jpg,,masks\1671037078339.png,glove_single_surgery,1671037078339,1671037078339,0,ONE,,7420.0,129.5,113.5,1.141,0.0,0.0,0.0,0.0,0.0,0.0,train,images\glove_single_surgery\1671037078339.jpeg
images\1671098096694.jpg,,masks\1671098096694.png,glove_pair_nitrile,1671098096694,1671098096694,0,ONE,,8262.75,142.3598,83.8708,1.6974,0.0,0.0,0.0,0.0,0.0,0.0,train,images\glove_pair_nitrile\1671098096694.jpeg
images\1671098115838.jpg,,masks\1671098115838.png,glove_pair_nitrile,1671098115838,1671098115838,0,ONE,,11006.75,139.25,100.5,1.3856,0.0,0.0,0.0,0.0,0.0,0.0,train,images\glove_pair_nitrile\1671098115838.jpeg
images\1671113547862.jpg,,masks\1671113547862.png,shoe_cover_single,1671113547862,1671113547862,0,ONE,,10973.9375,139.25,122.0,1.1414,0.0,0.0,0.0,0.0,0.0,0.0,train,images\shoe_cover_single\1671113547862.jpeg
images\1671097467281.jpg,,masks\1671097467281.png,glove_single_nitrile,1671097467281,1671097467281,0,ONE,,12032.0625,139.7054,115.8803,1.2056,0.0,0.0,0.0,0.0,0.0,0.0,train,images\glove_single_nitrile\1671097467281.jpeg
images\1671037516486.jpg,,masks\1671037516486.png,glove_pair_surgery,1671037516486,1671037516486,0,ONE,,13340.125,149.75,140.25,1.0677,0.0,0.0,0.0,0.0,0.0,0.0,train,images\glove_pair_surgery\1671037516486.jpeg
images\1671098285500.jpg,,masks\1671098285500.png,glove_pair_nitrile,1671098285500,1671098285500,0,ONE,,7151.6875,139.25,80.0,1.7406,0.0,0.0,0.0,0.0,0.0,0.0,train,images\glove_pair_nitrile\1671098285500.jpeg
images\1671099781758.jpg,,masks\1671099781758.png,glove_pair_latex,1671099781758,1671099781758,0,ONE,,1608.25,84.7228,44.8393,1.8895,0.0,0.0,0.0,0.0,0.0,0.0,train,images\glove_pair_latex\1671099781758.jpeg
images\1671114299377.jpg,,masks\1671114299377.png,shoe_cover_single,1671114299377,1671114299377,0,ONE,,7284.375,129.0,79.0,1.6329,0.0,0.0,0.0,0.0,0.0,0.0,train,images\shoe_cover_single\1671114299377.jpeg
images\1671114924354.jpg,,masks\1671114924354.png,shoe_cover_pair,1671114924354,1671114924354,0,ONE,,9610.5,130.4763,107.3337,1.2156,0.0,0.0,0.0,0.0,0.0,0.0,train,images\shoe_cover_pair\1671114924354.jpeg
images\1671097486159.jpg,,masks\1671097486159.png,glove_single_nitrile,1671097486159,1671097486159,0,ONE,,8113.25,139.25,73.5,1.8946,0.0,0.0,0.0,0.0,0.0,0.0,train,images\glove_single_nitrile\1671097486159.jpeg
images\1671097464779.jpg,,masks\1671097464779.png,glove_single_nitrile,1671097464779,1671097464779,0,ONE,,8666.1875,127.9359,98.8077,1.2948,0.0,0.0,0.0,0.0,0.0,0.0,train,images\glove_single_nitrile\1671097464779.jpeg
images\1671098530634.jpg,,masks\1671098530634.png,glove_single_latex,1671098530634,1671098530634,0,ONE,,1156.1875,58.75,54.75,1.0731,0.0,0.0,0.0,0.0,0.0,0.0,train,images\glove_single_latex\1671098530634.jpeg
images\1671100591539.jpg,,masks\1671100591539.png,urine_bag,1671100591539,1671100591539,0,ONE,,2686.4375,109.25,52.75,2.0711,0.0,0.0,0.0,0.0,0.0,0.0,train,images\urine_bag\1671100591539.jpeg
images\1671100347536.jpg,,masks\1671100347536.png,urine_bag,1671100347536,1671100347536,0,ONE,,2086.375,95.5201,53.1914,1.7958,0.0,0.0,0.0,0.0,0.0,0.0,train,images\urine_bag\1671100347536.jpeg
images\1671099474322.jpg,,masks\1671099474322.png,glove_pair_latex,1671099474322,1671099474322,0,ONE,,3292.4375,85.75,64.25,1.3346,0.0,0.0,0.0,0.0,0.0,0.0,train,images\glove_pair_latex\1671099474322.jpeg
images\1671187853083.jpg,,masks\1671187853083.png,gauze,1671187853083,1671187853083,0,ONE,,1102.125,70.0,29.25,2.3932,0.0,0.0,0.0,0.0,0.0,0.0,train,images\gauze\1671187853083.jpeg
images\1671037481134.jpg,,masks\1671037481134.png,glove_pair_surgery,1671037481134,1671037481134,0,ONE,,8524.25,126.2507,98.0626,1.2874,0.0,0.0,0.0,0.0,0.0,0.0,train,images\glove_pair_surgery\1671037481134.jpeg
images\1671102914587.jpg,,masks\1671102914587.png,test_tube,1671102914587,1671102914587,0,ONE,,605.8125,48.25,18.5,2.6081,0.0,0.0,0.0,0.0,0.0,0.0,train,images\test_tube\1671102914587.jpeg
images\1671037699222.jpg,,masks\1671037699222.png,glove_pair_surgery,1671037699222,1671037699222,0,ONE,,7806.875,128.5539,81.9494,1.5687,0.0,0.0,0.0,0.0,0.0,0.0,train,images\glove_pair_surgery\1671037699222.jpeg
images\1671098012349.jpg,,masks\1671098012349.png,glove_pair_nitrile,1671098012349,1671098012349,0,ONE,,18614.0625,149.75,129.25,1.1586,0.0,0.0,0.0,0.0,0.0,0.0,train,images\glove_pair_nitrile\1671098012349.jpeg
images\1671115570377.jpg,,masks\1671115570377.png,medical_glasses,1671115570377,1671115570377,0,ONE,,1231.5625,64.4659,30.9351,2.0839,0.0,0.0,0.0,0.0,0.0,0.0,train,images\medical_glasses\1671115570377.jpeg
images\1671100474441.jpg,,masks\1671100474441.png,urine_bag,1671100474441,1671100474441,0,ONE,,3518.5625,113.2289,83.2094,1.3608,0.0,0.0,0.0,0.0,0.0,0.0,train,images\urine_bag\1671100474441.jpeg
images\1671097506869.jpg,,masks\1671097506869.png,glove_single_nitrile,1671097506869,1671097506869,0,ONE,,9318.5,129.8018,123.0938,1.0545,0.0,0.0,0.0,0.0,0.0,0.0,train,images\glove_single_nitrile\1671097506869.jpeg
images\1671100486947.jpg,,masks\1671100486947.png,urine_bag,1671100486947,1671100486947,0,ONE,,6141.0,135.0,105.75,1.2766,0.0,0.0,0.0,0.0,0.0,0.0,train,images\urine_bag\1671100486947.jpeg
images\1671099689440.jpg,,masks\1671099689440.png,glove_pair_latex,1671099689440,1671099689440,0,ONE,,1861.5,87.1433,55.4975,1.5702,0.0,0.0,0.0,0.0,0.0,0.0,train,images\glove_pair_latex\1671099689440.jpeg
images\1671097262036.jpg,,masks\1671097262036.png,glove_single_nitrile,1671097262036,1671097262036,0,ONE,,11754.25,131.5512,122.5026,1.0739,0.0,0.0,0.0,0.0,0.0,0.0,train,images\glove_single_nitrile\1671097262036.jpeg
images\1671100303880.jpg,,masks\1671100303880.png,urine_bag,1671100303880,1671100303880,0,ONE,,3608.625,122.5824,71.9961,1.7026,0.0,0.0,0.0,0.0,0.0,0.0,train,images\urine_bag\1671100303880.jpeg
images\1671097285782.jpg,,masks\1671097285782.png,glove_single_nitrile,1671097285782,1671097285782,0,ONE,,18229.6875,149.75,139.0,1.0773,0.0,0.0,0.0,0.0,0.0,0.0,train,images\glove_single_nitrile\1671097285782.jpeg
images\1671115103854.jpg,,masks\1671115103854.png,shoe_cover_pair,1671115103854,1671115103854,0,ONE,,10763.8125,139.5,113.25,1.2318,0.0,0.0,0.0,0.0,0.0,0.0,train,images\shoe_cover_pair\1671115103854.jpeg
images\1671187753461.jpg,,masks\1671187753461.png,gauze,1671187753461,1671187753461,0,ONE,,1716.0625,101.75,34.25,2.9708,0.0,0.0,0.0,0.0,0.0,0.0,train,images\gauze\1671187753461.jpeg
images\1671100527936.jpg,,masks\1671100527936.png,urine_bag,1671100527936,1671100527936,0,ONE,,8796.625,138.25,110.5,1.2511,0.0,0.0,0.0,0.0,0.0,0.0,train,images\urine_bag\1671100527936.jpeg
images\1671104251527.jpg,,masks\1671104251527.png,medical_cap,1671104251527,1671104251527,0,ONE,,12201.0,133.3469,132.2724,1.0081,0.0,0.0,0.0,0.0,0.0,0.0,train,images\medical_cap\1671104251527.jpeg
images\1671099330575.jpg,,masks\1671099330575.png,glove_pair_latex,1671099330575,1671099330575,0,ONE,,1140.3125,51.2748,50.1701,1.022,0.0,0.0,0.0,0.0,0.0,0.0,train,images\glove_pair_latex\1671099330575.jpeg
images\1671097224781.jpg,,masks\1671097224781.png,glove_single_nitrile,1671097224781,1671097224781,0,ONE,,17744.375,149.75,134.25,1.1155,0.0,0.0,0.0,0.0,0.0,0.0,train,images\glove_single_nitrile\1671097224781.jpeg
images\1671102961148.jpg,,masks\1671102961148.png,test_tube,1671102961148,1671102961148,0,ONE,,594.75,46.25,19.0,2.4342,0.0,0.0,0.0,0.0,0.0,0.0,train,images\test_tube\1671102961148.jpeg
images\1671102904650.jpg,,masks\1671102904650.png,test_tube,1671102904650,1671102904650,0,ONE,,749.375,48.0,20.75,2.3133,0.0,0.0,0.0,0.0,0.0,0.0,train,images\test_tube\1671102904650.jpeg
images\1671102897611.jpg,,masks\1671102897611.png,test_tube,1671102897611,1671102897611,0,ONE,,740.0,48.75,19.75,2.4684,0.0,0.0,0.0,0.0,0.0,0.0,train,images\test_tube\1671102897611.jpeg
images\1671099371065.jpg,,masks\1671099371065.png,glove_pair_latex,1671099371065,1671099371065,0,ONE,,1999.3125,85.4049,49.3362,1.7311,0.0,0.0,0.0,0.0,0.0,0.0,train,images\glove_pair_latex\1671099371065.jpeg
images\1671098293204.jpg,,masks\1671098293204.png,glove_pair_nitrile,1671098293204,1671098293204,0,ONE,,9606.8125,149.75,112.0,1.3371,0.0,0.0,0.0,0.0,0.0,0.0,train,images\glove_pair_nitrile\1671098293204.jpeg
images\1671098057574.jpg,,masks\1671098057574.png,glove_pair_nitrile,1671098057574,1671098057574,0,ONE,,8398.4375,158.7814,86.1453,1.8432,0.0,0.0,0.0,0.0,0.0,0.0,train,images\glove_pair_nitrile\1671098057574.jpeg
images\1671099380103.jpg,,masks\1671099380103.png,glove_pair_latex,1671099380103,1671099380103,0,ONE,,1854.8125,73.0,66.75,1.0936,0.0,0.0,0.0,0.0,0.0,0.0,train,images\glove_pair_latex\1671099380103.jpeg
images\1671037657699.jpg,,masks\1671037657699.png,glove_pair_surgery,1671037657699,1671037657699,0,ONE,,11039.625,145.6902,93.5708,1.557,0.0,0.0,0.0,0.0,0.0,0.0,train,images\glove_pair_surgery\1671037657699.jpeg
images\1671099034979.jpg,,masks\1671099034979.png,glove_single_latex,1671099034979,1671099034979,0,ONE,,2008.9375,77.0,59.0,1.3051,0.0,0.0,0.0,0.0,0.0,0.0,train,images\glove_single_latex\1671099034979.jpeg
images\1671037053626.jpg,,masks\1671037053626.png,glove_single_surgery,1671037053626,1671037053626,0,ONE,,7305.25,138.0962,87.8763,1.5715,0.0,0.0,0.0,0.0,0.0,0.0,train,images\glove_single_surgery\1671037053626.jpeg
images\1671115241262.jpg,,masks\1671115241262.png,shoe_cover_pair,1671115241262,1671115241262,0,ONE,,8345.8125,124.25,107.0,1.1612,0.0,0.0,0.0,0.0,0.0,0.0,train,images\shoe_cover_pair\1671115241262.jpeg
images\1671099051222.jpg,,masks\1671099051222.png,glove_single_latex,1671099051222,1671099051222,0,ONE,,1546.0,59.5,55.5,1.0721,0.0,0.0,0.0,0.0,0.0,0.0,train,images\glove_single_latex\1671099051222.jpeg
images\1671036992492.jpg,,masks\1671036992492.png,glove_single_surgery,1671036992492,1671036992492,0,ONE,,11743.3125,149.2875,128.3511,1.1631,0.0,0.0,0.0,0.0,0.0,0.0,train,images\glove_single_surgery\1671036992492.jpeg
images\1671098510456.jpg,,masks\1671098510456.png,glove_single_latex,1671098510456,1671098510456,0,ONE,,1560.5625,65.676,54.6252,1.2023,0.0,0.0,0.0,0.0,0.0,0.0,train,images\glove_single_latex\1671098510456.jpeg
images\1671103135109.jpg,,masks\1671103135109.png,test_tube,1671103135109,1671103135109,0,ONE,,831.4375,77.8497,20.5578,3.7869,0.0,0.0,0.0,0.0,0.0,0.0,train,images\test_tube\1671103135109.jpeg
images\1671114391627.jpg,,masks\1671114391627.png,shoe_cover_single,1671114391627,1671114391627,0,ONE,,7720.5625,130.4054,82.2304,1.5859,0.0,0.0,0.0,0.0,0.0,0.0,train,images\shoe_cover_single\1671114391627.jpeg
images\1671037010902.jpg,,masks\1671037010902.png,glove_single_surgery,1671037010902,1671037010902,0,ONE,,8576.75,154.5181,100.4932,1.5376,0.0,0.0,0.0,0.0,0.0,0.0,train,images\glove_single_surgery\1671037010902.jpeg
images\1671097647681.jpg,,masks\1671097647681.png,glove_pair_nitrile,1671097647681,1671097647681,0,ONE,,12041.0625,149.75,105.25,1.4228,0.0,0.0,0.0,0.0,0.0,0.0,train,images\glove_pair_nitrile\1671097647681.jpeg
images\1671037408026.jpg,,masks\1671037408026.png,glove_pair_surgery,1671037408026,1671037408026,0,ONE,,8138.1875,132.9544,92.6516,1.435,0.0,0.0,0.0,0.0,0.0,0.0,train,images\glove_pair_surgery\1671037408026.jpeg
images\1671102982958.jpg,,masks\1671102982958.png,test_tube,1671102982958,1671102982958,0,ONE,,1094.125,61.9879,25.7277,2.4094,0.0,0.0,0.0,0.0,0.0,0.0,train,images\test_tube\1671102982958.jpeg
images\1671036933759.jpg,,masks\1671036933759.png,glove_single_surgery,1671036933759,1671036933759,0,ONE,,5667.75,132.0352,64.3751,2.051,0.0,0.0,0.0,0.0,0.0,0.0,train,images\glove_single_surgery\1671036933759.jpeg
images\1671099767117.jpg,,masks\1671099767117.png,glove_pair_latex,1671099767117,1671099767117,0,ONE,,1179.25,58.4271,46.3812,1.2597,0.0,0.0,0.0,0.0,0.0,0.0,train,images\glove_pair_latex\1671099767117.jpeg
images\1671099150242.jpg,,masks\1671099150242.png,glove_single_latex,1671099150242,1671099150242,0,ONE,,1446.1875,73.7897,43.0346,1.7147,0.0,0.0,0.0,0.0,0.0,0.0,train,images\glove_single_latex\1671099150242.jpeg
images\1671102875266.jpg,,masks\1671102875266.png,test_tube,1671102875266,1671102875266,0,ONE,,630.1875,48.5,20.0,2.425,0.0,0.0,0.0,0.0,0.0,0.0,train,images\test_tube\1671102875266.jpeg
images\1671115680338.jpg,,masks\1671115680338.png,medical_glasses,1671115680338,1671115680338,0,ONE,,1689.5625,80.0,73.25,1.0922,0.0,0.0,0.0,0.0,0.0,0.0,train,images\medical_glasses\1671115680338.jpeg
images\1671115188968.jpg,,masks\1671115188968.png,shoe_cover_pair,1671115188968,1671115188968,0,ONE,,12115.6875,149.75,123.25,1.215,0.0,0.0,0.0,0.0,0.0,0.0,train,images\shoe_cover_pair\1671115188968.jpeg
images\1671099679836.jpg,,masks\1671099679836.png,glove_pair_latex,1671099679836,1671099679836,0,ONE,,2905.0,113.8003,59.2327,1.9212,0.0,0.0,0.0,0.0,0.0,0.0,train,images\glove_pair_latex\1671099679836.jpeg
images\1671097613930.jpg,,masks\1671097613930.png,glove_pair_nitrile,1671097613930,1671097613930,0,ONE,,11325.5625,170.9165,105.4456,1.6209,0.0,0.0,0.0,0.0,0.0,0.0,train,images\glove_pair_nitrile\1671097613930.jpeg
images\1671098219563.jpg,,masks\1671098219563.png,glove_pair_nitrile,1671098219563,1671098219563,0,ONE,,11010.6875,128.9752,124.989,1.0319,0.0,0.0,0.0,0.0,0.0,0.0,train,images\glove_pair_nitrile\1671098219563.jpeg
images\1671102858057.jpg,,masks\1671102858057.png,test_tube,1671102858057,1671102858057,0,ONE,,766.0,51.25,22.5,2.2778,0.0,0.0,0.0,0.0,0.0,0.0,train,images\test_tube\1671102858057.jpeg
images\1671187664912.jpg,,masks\1671187664912.png,gauze,1671187664912,1671187664912,0,ONE,,3365.875,116.25,48.5,2.3969,0.0,0.0,0.0,0.0,0.0,0.0,train,images\gauze\1671187664912.jpeg
images\1671098979282.jpg,,masks\1671098979282.png,glove_single_latex,1671098979282,1671098979282,0,ONE,,662.875,44.75,20.0,2.2375,0.0,0.0,0.0,0.0,0.0,0.0,train,images\glove_single_latex\1671098979282.jpeg
images\1671115153913.jpg,,masks\1671115153913.png,shoe_cover_pair,1671115153913,1671115153913,0,ONE,,14120.3125,148.5,142.25,1.0439,0.0,0.0,0.0,0.0,0.0,0.0,train,images\shoe_cover_pair\1671115153913.jpeg
images\1671097729493.jpg,,masks\1671097729493.png,glove_pair_nitrile,1671097729493,1671097729493,0,ONE,,20478.375,149.75,142.5,1.0509,0.0,0.0,0.0,0.0,0.0,0.0,train,images\glove_pair_nitrile\1671097729493.jpeg
images\1671036587629.jpg,,masks\1671036587629.png,glove_single_surgery,1671036587629,1671036587629,0,ONE,,6503.375,139.25,87.75,1.5869,0.0,0.0,0.0,0.0,0.0,0.0,train,images\glove_single_surgery\1671036587629.jpeg
images\1671099503973.jpg,,masks\1671099503973.png,glove_pair_latex,1671099503973,1671099503973,0,ONE,,2887.0,97.75,60.75,1.6091,0.0,0.0,0.0,0.0,0.0,0.0,train,images\glove_pair_latex\1671099503973.jpeg
images\1671104113182.jpg,,masks\1671104113182.png,medical_cap,1671104113182,1671104113182,0,ONE,,8635.0625,136.8553,88.9153,1.5392,0.0,0.0,0.0,0.0,0.0,0.0,train,images\medical_cap\1671104113182.jpeg
images\1671114018655.jpg,,masks\1671114018655.png,shoe_cover_single,1671114018655,1671114018655,0,ONE,,7414.625,153.1737,73.4324,2.0859,0.0,0.0,0.0,0.0,0.0,0.0,train,images\shoe_cover_single\1671114018655.jpeg
images\1671037543804.jpg,,masks\1671037543804.png,glove_pair_surgery,1671037543804,1671037543804,0,ONE,,13446.8125,145.0,142.5,1.0175,0.0,0.0,0.0,0.0,0.0,0.0,train,images\glove_pair_surgery\1671037543804.jpeg
images\1671097781521.jpg,,masks\1671097781521.png,glove_pair_nitrile,1671097781521,1671097781521,0,ONE,,9066.0625,139.8258,90.2245,1.5498,0.0,0.0,0.0,0.0,0.0,0.0,train,images\glove_pair_nitrile\1671097781521.jpeg
images\1671037597098.jpg,,masks\1671037597098.png,glove_pair_surgery,1671037597098,1671037597098,0,ONE,,10399.8125,141.25,104.25,1.3549,0.0,0.0,0.0,0.0,0.0,0.0,train,images\glove_pair_surgery\1671037597098.jpeg
images\1671113518779.jpg,,masks\1671113518779.png,shoe_cover_single,1671113518779,1671113518779,0,ONE,,10294.25,143.5613,102.006,1.4074,0.0,0.0,0.0,0.0,0.0,0.0,train,images\shoe_cover_single\1671113518779.jpeg
images\1671115700016.jpg,,masks\1671115700016.png,medical_glasses,1671115700016,1671115700016,0,ONE,,1076.5,51.0,47.75,1.0681,0.0,0.0,0.0,0.0,0.0,0.0,train,images\medical_glasses\1671115700016.jpeg
images\1671037608239.jpg,,masks\1671037608239.png,glove_pair_surgery,1671037608239,1671037608239,0,ONE,,14089.6875,149.75,126.0,1.1885,0.0,0.0,0.0,0.0,0.0,0.0,train,images\glove_pair_surgery\1671037608239.jpeg
images\1671102983458.jpg,,masks\1671102983458.png,test_tube,1671102983458,1671102983458,0,ONE,,886.0625,56.8228,22.9789,2.4728,0.0,0.0,0.0,0.0,0.0,0.0,train,images\test_tube\1671102983458.jpeg
images\1671114013185.jpg,,masks\1671114013185.png,shoe_cover_single,1671114013185,1671114013185,0,ONE,,9536.0625,139.6581,118.897,1.1746,0.0,0.0,0.0,0.0,0.0,0.0,train,images\shoe_cover_single\1671114013185.jpeg
images\1671099653721.jpg,,masks\1671099653721.png,glove_pair_latex,1671099653721,1671099653721,0,ONE,,2250.375,74.0,54.0,1.3704,0.0,0.0,0.0,0.0,0.0,0.0,train,images\glove_pair_latex\1671099653721.jpeg
images\1671104032772.jpg,,masks\1671104032772.png,medical_cap,1671104032772,1671104032772,0,ONE,,13582.75,159.7448,116.2589,1.374,0.0,0.0,0.0,0.0,0.0,0.0,train,images\medical_cap\1671104032772.jpeg
images\1671187831604.jpg,,masks\1671187831604.png,gauze,1671187831604,1671187831604,0,ONE,,3218.375,114.25,55.75,2.0493,0.0,0.0,0.0,0.0,0.0,0.0,train,images\gauze\1671187831604.jpeg
images\1671104254561.jpg,,masks\1671104254561.png,medical_cap,1671104254561,1671104254561,0,ONE,,13610.9375,151.0322,133.1593,1.1342,0.0,0.0,0.0,0.0,0.0,0.0,train,images\medical_cap\1671104254561.jpeg
images\1671037027577.jpg,,masks\1671037027577.png,glove_single_surgery,1671037027577,1671037027577,0,ONE,,4949.9375,132.318,53.6005,2.4686,0.0,0.0,0.0,0.0,0.0,0.0,train,images\glove_single_surgery\1671037027577.jpeg
images\1671036595436.jpg,,masks\1671036595436.png,glove_single_surgery,1671036595436,1671036595436,0,ONE,,7076.125,139.5,92.75,1.504,0.0,0.0,0.0,0.0,0.0,0.0,train,images\glove_single_surgery\1671036595436.jpeg
images\1671099734766.jpg,,masks\1671099734766.png,glove_pair_latex,1671099734766,1671099734766,0,ONE,,3353.125,85.5,65.25,1.3103,0.0,0.0,0.0,0.0,0.0,0.0,train,images\glove_pair_latex\1671099734766.jpeg
images\1671099802969.jpg,,masks\1671099802969.png,glove_pair_latex,1671099802969,1671099802969,0,ONE,,2221.75,77.25,57.0,1.3553,0.0,0.0,0.0,0.0,0.0,0.0,train,images\glove_pair_latex\1671099802969.jpeg
images\1671115092279.jpg,,masks\1671115092279.png,shoe_cover_pair,1671115092279,1671115092279,0,ONE,,13107.9375,139.5,132.75,1.0508,0.0,0.0,0.0,0.0,0.0,0.0,train,images\shoe_cover_pair\1671115092279.jpeg
images\1671037672641.jpg,,masks\1671037672641.png,glove_pair_surgery,1671037672641,1671037672641,0,ONE,,6747.5625,128.6439,85.1218,1.5113,0.0,0.0,0.0,0.0,0.0,0.0,train,images\glove_pair_surgery\1671037672641.jpeg
images\1671100573396.jpg,,masks\1671100573396.png,urine_bag,1671100573396,1671100573396,0,ONE,,1866.8125,95.5901,70.3537,1.3587,0.0,0.0,0.0,0.0,0.0,0.0,train,images\urine_bag\1671100573396.jpeg
images\1671115577348.jpg,,masks\1671115577348.png,medical_glasses,1671115577348,1671115577348,0,ONE,,691.3125,46.75,19.5,2.3974,0.0,0.0,0.0,0.0,0.0,0.0,train,images\medical_glasses\1671115577348.jpeg
images\1671100620386.jpg,,masks\1671100620386.png,urine_bag,1671100620386,1671100620386,0,ONE,,3613.375,146.9539,73.4284,2.0013,0.0,0.0,0.0,0.0,0.0,0.0,train,images\urine_bag\1671100620386.jpeg
images\1671114918718.jpg,,masks\1671114918718.png,shoe_cover_pair,1671114918718,1671114918718,0,ONE,,14497.75,142.0,139.25,1.0197,0.0,0.0,0.0,0.0,0.0,0.0,train,images\shoe_cover_pair\1671114918718.jpeg
images\1671037152014.jpg,,masks\1671037152014.png,glove_single_surgery,1671037152014,1671037152014,0,ONE,,7642.5625,129.0,98.75,1.3063,0.0,0.0,0.0,0.0,0.0,0.0,train,images\glove_single_surgery\1671037152014.jpeg
images\1671187887235.jpg,,masks\1671187887235.png,gauze,1671187887235,1671187887235,0,ONE,,3927.25,117.25,59.0,1.9873,0.0,0.0,0.0,0.0,0.0,0.0,train,images\gauze\1671187887235.jpeg
images\1671114195818.jpg,,masks\1671114195818.png,shoe_cover_single,1671114195818,1671114195818,0,ONE,,12734.9375,139.5,111.75,1.2483,0.0,0.0,0.0,0.0,0.0,0.0,train,images\shoe_cover_single\1671114195818.jpeg
images\1671098602142.jpg,,masks\1671098602142.png,glove_single_latex,1671098602142,1671098602142,0,ONE,,2307.375,89.5,58.0,1.5431,0.0,0.0,0.0,0.0,0.0,0.0,train,images\glove_single_latex\1671098602142.jpeg
images\1671097499700.jpg,,masks\1671097499700.png,glove_single_nitrile,1671097499700,1671097499700,0,ONE,,12233.0,139.25,131.25,1.061,0.0,0.0,0.0,0.0,0.0,0.0,train,images\glove_single_nitrile\1671097499700.jpeg
images\1671103133975.jpg,,masks\1671103133975.png,test_tube,1671103133975,1671103133975,0,ONE,,1217.6875,102.2711,36.7969,2.7793,0.0,0.0,0.0,0.0,0.0,0.0,train,images\test_tube\1671103133975.jpeg
images\1671102993897.jpg,,masks\1671102993897.png,test_tube,1671102993897,1671102993897,0,ONE,,700.9375,51.75,18.0,2.875,0.0,0.0,0.0,0.0,0.0,0.0,train,images\test_tube\1671102993897.jpeg
images\1671115664595.jpg,,masks\1671115664595.png,medical_glasses,1671115664595,1671115664595,0,ONE,,957.25,64.9917,32.6047,1.9933,0.0,0.0,0.0,0.0,0.0,0.0,train,images\medical_glasses\1671115664595.jpeg
images\1671097197766.jpg,,masks\1671097197766.png,glove_single_nitrile,1671097197766,1671097197766,0,ONE,,7231.25,128.3573,91.3076,1.4058,0.0,0.0,0.0,0.0,0.0,0.0,train,images\glove_single_nitrile\1671097197766.jpeg
images\1671098520863.jpg,,masks\1671098520863.png,glove_single_latex,1671098520863,1671098520863,0,ONE,,2166.6875,71.0,66.25,1.0717,0.0,0.0,0.0,0.0,0.0,0.0,train,images\glove_single_latex\1671098520863.jpeg
images\1671037441978.jpg,,masks\1671037441978.png,glove_pair_surgery,1671037441978,1671037441978,0,ONE,,12063.875,137.25,119.0,1.1534,0.0,0.0,0.0,0.0,0.0,0.0,train,images\glove_pair_surgery\1671037441978.jpeg
images\1671097272373.jpg,,masks\1671097272373.png,glove_single_nitrile,1671097272373,1671097272373,0,ONE,,11094.5625,139.0759,119.6921,1.1619,0.0,0.0,0.0,0.0,0.0,0.0,train,images\glove_single_nitrile\1671097272373.jpeg
images\1671115614935.jpg,,masks\1671115614935.png,medical_glasses,1671115614935,1671115614935,0,ONE,,1619.5625,75.0,54.5,1.3761,0.0,0.0,0.0,0.0,0.0,0.0,train,images\medical_glasses\1671115614935.jpeg
images\1671104120153.jpg,,masks\1671104120153.png,medical_cap,1671104120153,1671104120153,0,ONE,,9303.9375,141.4865,96.1185,1.472,0.0,0.0,0.0,0.0,0.0,0.0,train,images\medical_cap\1671104120153.jpeg
images\1671037628882.jpg,,masks\1671037628882.png,glove_pair_surgery,1671037628882,1671037628882,0,ONE,,11914.0,135.8099,125.8759,1.0789,0.0,0.0,0.0,0.0,0.0,0.0,train,images\glove_pair_surgery\1671037628882.jpeg
images\1671037647495.jpg,,masks\1671037647495.png,glove_pair_surgery,1671037647495,1671037647495,0,ONE,,11433.9375,148.75,110.5,1.3462,0.0,0.0,0.0,0.0,0.0,0.0,train,images\glove_pair_surgery\1671037647495.jpeg
images\1671187874997.jpg,,masks\1671187874997.png,gauze,1671187874997,1671187874997,0,ONE,,3015.4375,105.25,62.25,1.6908,0.0,0.0,0.0,0.0,0.0,0.0,train,images\gauze\1671187874997.jpeg
images\1671037007532.jpg,,masks\1671037007532.png,glove_single_surgery,1671037007532,1671037007532,0,ONE,,6565.5,128.3094,75.1789,1.7067,0.0,0.0,0.0,0.0,0.0,0.0,train,images\glove_single_surgery\1671037007532.jpeg
images\1671099092177.jpg,,masks\1671099092177.png,glove_single_latex,1671099092177,1671099092177,0,ONE,,2253.0,91.5,54.5,1.6789,0.0,0.0,0.0,0.0,0.0,0.0,train,images\glove_single_latex\1671099092177.jpeg
images\1671098242176.jpg,,masks\1671098242176.png,glove_pair_nitrile,1671098242176,1671098242176,0,ONE,,9047.125,125.915,104.818,1.2013,0.0,0.0,0.0,0.0,0.0,0.0,train,images\glove_pair_nitrile\1671098242176.jpeg
images\1671036959840.jpg,,masks\1671036959840.png,glove_single_surgery,1671036959840,1671036959840,0,ONE,,4938.6875,138.0446,63.9691,2.158,0.0,0.0,0.0,0.0,0.0,0.0,train,images\glove_single_surgery\1671036959840.jpeg
images\1671115124931.jpg,,masks\1671115124931.png,shoe_cover_pair,1671115124931,1671115124931,0,ONE,,10678.1875,149.75,110.75,1.3521,0.0,0.0,0.0,0.0,0.0,0.0,train,images\shoe_cover_pair\1671115124931.jpeg
images\1671099037214.jpg,,masks\1671099037214.png,glove_single_latex,1671099037214,1671099037214,0,ONE,,1853.1875,70.2292,58.335,1.2039,0.0,0.0,0.0,0.0,0.0,0.0,train,images\glove_single_latex\1671099037214.jpeg
images\1671102952141.jpg,,masks\1671102952141.png,test_tube,1671102952141,1671102952141,0,ONE,,769.9375,52.75,18.25,2.8904,0.0,0.0,0.0,0.0,0.0,0.0,train,images\test_tube\1671102952141.jpeg
images\1671036720538.jpg,,masks\1671036720538.png,glove_single_surgery,1671036720538,1671036720538,0,ONE,,5387.125,132.0274,55.7544,2.368,0.0,0.0,0.0,0.0,0.0,0.0,train,images\glove_single_surgery\1671036720538.jpeg
images\1671037906039.jpg,,masks\1671037906039.png,glove_pair_surgery,1671037906039,1671037906039,0,ONE,,9449.25,134.0,106.0,1.2642,0.0,0.0,0.0,0.0,0.0,0.0,train,images\glove_pair_surgery\1671037906039.jpeg
images\1671099756811.jpg,,masks\1671099756811.png,glove_pair_latex,1671099756811,1671099756811,0,ONE,,3609.3125,90.5,84.25,1.0742,0.0,0.0,0.0,0.0,0.0,0.0,train,images\glove_pair_latex\1671099756811.jpeg
images\1671115604596.jpg,,masks\1671115604596.png,medical_glasses,1671115604596,1671115604596,0,ONE,,1284.125,61.5,26.5,2.3208,0.0,0.0,0.0,0.0,0.0,0.0,train,images\medical_glasses\1671115604596.jpeg
images\1671115767788.jpg,,masks\1671115767788.png,medical_glasses,1671115767788,1671115767788,0,ONE,,2240.8125,65.25,63.75,1.0235,0.0,0.0,0.0,0.0,0.0,0.0,train,images\medical_glasses\1671115767788.jpeg
images\1671099000593.jpg,,masks\1671099000593.png,glove_single_latex,1671099000593,1671099000593,0,ONE,,1327.6875,52.75,50.25,1.0498,0.0,0.0,0.0,0.0,0.0,0.0,train,images\glove_single_latex\1671099000593.jpeg
images\1671097457943.jpg,,masks\1671097457943.png,glove_single_nitrile,1671097457943,1671097457943,0,ONE,,11760.9375,139.25,117.0,1.1902,0.0,0.0,0.0,0.0,0.0,0.0,train,images\glove_single_nitrile\1671097457943.jpeg
images\1671100230972.jpg,,masks\1671100230972.png,urine_bag,1671100230972,1671100230972,0,ONE,,2241.3125,76.8924,52.8107,1.456,0.0,0.0,0.0,0.0,0.0,0.0,train,images\urine_bag\1671100230972.jpeg
images\1671037322679.jpg,,masks\1671037322679.png,glove_pair_surgery,1671037322679,1671037322679,0,ONE,,9597.25,144.5,108.25,1.3349,0.0,0.0,0.0,0.0,0.0,0.0,train,images\glove_pair_surgery\1671037322679.jpeg
images\1671187786945.jpg,,masks\1671187786945.png,gauze,1671187786945,1671187786945,0,ONE,,3242.0,121.0,69.25,1.7473,0.0,0.0,0.0,0.0,0.0,0.0,train,images\gauze\1671187786945.jpeg
images\1671099481425.jpg,,masks\1671099481425.png,glove_pair_latex,1671099481425,1671099481425,0,ONE,,1037.6875,57.9541,41.6643,1.391,0.0,0.0,0.0,0.0,0.0,0.0,train,images\glove_pair_latex\1671099481425.jpeg
images\1671097481022.jpg,,masks\1671097481022.png,glove_single_nitrile,1671097481022,1671097481022,0,ONE,,12175.1875,139.25,125.0,1.114,0.0,0.0,0.0,0.0,0.0,0.0,train,images\glove_single_nitrile\1671097481022.jpeg
images\1671036736880.jpg,,masks\1671036736880.png,glove_single_surgery,1671036736880,1671036736880,0,ONE,,7425.75,134.0275,67.3219,1.9908,0.0,0.0,0.0,0.0,0.0,0.0,train,images\glove_single_surgery\1671036736880.jpeg
images\1671036623118.jpg,,masks\1671036623118.png,glove_single_surgery,1671036623118,1671036623118,0,ONE,,5553.4375,129.25,71.5,1.8077,0.0,0.0,0.0,0.0,0.0,0.0,train,images\glove_single_surgery\1671036623118.jpeg
images\1671097413951.jpg,,masks\1671097413951.png,glove_single_nitrile,1671097413951,1671097413951,0,ONE,,10311.0,140.5,104.5,1.3445,0.0,0.0,0.0,0.0,0.0,0.0,train,images\glove_single_nitrile\1671097413951.jpeg
images\1671104146068.jpg,,masks\1671104146068.png,medical_cap,1671104146068,1671104146068,0,ONE,,11902.9375,146.7822,112.748,1.3019,0.0,0.0,0.0,0.0,0.0,0.0,train,images\medical_cap\1671104146068.jpeg
images\1671103118433.jpg,,masks\1671103118433.png,test_tube,1671103118433,1671103118433,0,ONE,,741.875,47.5,20.5,2.3171,0.0,0.0,0.0,0.0,0.0,0.0,train,images\test_tube\1671103118433.jpeg
images\1671115602728.jpg,,masks\1671115602728.png,medical_glasses,1671115602728,1671115602728,0,ONE,,1006.5,74.7443,51.413,1.4538,0.0,0.0,0.0,0.0,0.0,0.0,train,images\medical_glasses\1671115602728.jpeg
images\1671097517276.jpg,,masks\1671097517276.png,glove_single_nitrile,1671097517276,1671097517276,0,ONE,,7632.3125,138.2259,79.9685,1.7285,0.0,0.0,0.0,0.0,0.0,0.0,train,images\glove_single_nitrile\1671097517276.jpeg
images\1671037877722.jpg,,masks\1671037877722.png,glove_pair_surgery,1671037877722,1671037877722,0,ONE,,6008.0,111.515,95.577,1.1668,0.0,0.0,0.0,0.0,0.0,0.0,train,images\glove_pair_surgery\1671037877722.jpeg
images\1671097961486.jpg,,masks\1671097961486.png,glove_pair_nitrile,1671097961486,1671097961486,0,ONE,,16019.5,149.75,135.75,1.1031,0.0,0.0,0.0,0.0,0.0,0.0,train,images\glove_pair_nitrile\1671097961486.jpeg
images\1671097202769.jpg,,masks\1671097202769.png,glove_single_nitrile,1671097202769,1671097202769,0,ONE,,11489.625,139.25,108.75,1.2805,0.0,0.0,0.0,0.0,0.0,0.0,train,images\glove_single_nitrile\1671097202769.jpeg
images\1671114690160.jpg,,masks\1671114690160.png,shoe_cover_single,1671114690160,1671114690160,0,ONE,,11264.5,140.0,123.5,1.1336,0.0,0.0,0.0,0.0,0.0,0.0,train,images\shoe_cover_single\1671114690160.jpeg
images\1671115560905.jpg,,masks\1671115560905.png,medical_glasses,1671115560905,1671115560905,0,ONE,,947.0625,55.0,22.25,2.4719,0.0,0.0,0.0,0.0,0.0,0.0,train,images\medical_glasses\1671115560905.jpeg
images\1671115258041.jpg,,masks\1671115258041.png,shoe_cover_pair,1671115258041,1671115258041,0,ONE,,12617.4375,149.75,110.75,1.3521,0.0,0.0,0.0,0.0,0.0,0.0,train,images\shoe_cover_pair\1671115258041.jpeg
images\1671097444635.jpg,,masks\1671097444635.png,glove_single_nitrile,1671097444635,1671097444635,0,ONE,,12275.125,149.75,130.5,1.1475,0.0,0.0,0.0,0.0,0.0,0.0,train,images\glove_single_nitrile\1671097444635.jpeg
images\1671099336112.jpg,,masks\1671099336112.png,glove_pair_latex,1671099336112,1671099336112,0,ONE,,3400.9375,95.895,65.8867,1.4555,0.0,0.0,0.0,0.0,0.0,0.0,train,images\glove_pair_latex\1671099336112.jpeg
images\1671113532554.jpg,,masks\1671113532554.png,shoe_cover_single,1671113532554,1671113532554,0,ONE,,7572.0,132.7006,80.2879,1.6528,0.0,0.0,0.0,0.0,0.0,0.0,train,images\shoe_cover_single\1671113532554.jpeg
images\1671100111106.jpg,,masks\1671100111106.png,urine_bag,1671100111106,1671100111106,0,ONE,,4953.3125,115.0,109.75,1.0478,0.0,0.0,0.0,0.0,0.0,0.0,train,images\urine_bag\1671100111106.jpeg
images\1671097027304.jpg,,masks\1671097027304.png,glove_single_nitrile,1671097027304,1671097027304,0,ONE,,12336.8125,145.5,124.25,1.171,0.0,0.0,0.0,0.0,0.0,0.0,train,images\glove_single_nitrile\1671097027304.jpeg
images\1671187859620.jpg,,masks\1671187859620.png,gauze,1671187859620,1671187859620,0,ONE,,3542.3125,111.75,66.75,1.6742,0.0,0.0,0.0,0.0,0.0,0.0,train,images\gauze\1671187859620.jpeg
images\1671114821797.jpg,,masks\1671114821797.png,shoe_cover_pair,1671114821797,1671114821797,0,ONE,,9980.3125,139.25,110.0,1.2659,0.0,0.0,0.0,0.0,0.0,0.0,train,images\shoe_cover_pair\1671114821797.jpeg
images\1671187667848.jpg,,masks\1671187667848.png,gauze,1671187667848,1671187667848,0,ONE,,4166.625,120.5,66.5,1.812,0.0,0.0,0.0,0.0,0.0,0.0,train,images\gauze\1671187667848.jpeg
images\1671037446082.jpg,,masks\1671037446082.png,glove_pair_surgery,1671037446082,1671037446082,0,ONE,,7878.5,129.25,96.25,1.3429,0.0,0.0,0.0,0.0,0.0,0.0,train,images\glove_pair_surgery\1671037446082.jpeg
images\1671115920304.jpg,,masks\1671115920304.png,medical_glasses,1671115920304,1671115920304,0,ONE,,764.5,33.25,31.0,1.0726,0.0,0.0,0.0,0.0,0.0,0.0,train,images\medical_glasses\1671115920304.jpeg
images\1671114169771.jpg,,masks\1671114169771.png,shoe_cover_single,1671114169771,1671114169771,0,ONE,,8465.8125,128.9852,84.7399,1.5221,0.0,0.0,0.0,0.0,0.0,0.0,train,images\shoe_cover_single\1671114169771.jpeg
images\1671115808544.jpg,,masks\1671115808544.png,medical_glasses,1671115808544,1671115808544,0,ONE,,1505.0,83.8078,47.0288,1.7821,0.0,0.0,0.0,0.0,0.0,0.0,train,images\medical_glasses\1671115808544.jpeg
images\1671102972654.jpg,,masks\1671102972654.png,test_tube,1671102972654,1671102972654,0,ONE,,580.375,43.75,18.75,2.3333,0.0,0.0,0.0,0.0,0.0,0.0,train,images\test_tube\1671102972654.jpeg
images\1671115726196.jpg,,masks\1671115726196.png,medical_glasses,1671115726196,1671115726196,0,ONE,,1211.0625,79.4359,52.7904,1.5047,0.0,0.0,0.0,0.0,0.0,0.0,train,images\medical_glasses\1671115726196.jpeg
images\1671100345435.jpg,,masks\1671100345435.png,urine_bag,1671100345435,1671100345435,0,ONE,,2527.4375,92.25,73.5,1.2551,0.0,0.0,0.0,0.0,0.0,0.0,train,images\urine_bag\1671100345435.jpeg
images\1671097396376.jpg,,masks\1671097396376.png,glove_single_nitrile,1671097396376,1671097396376,0,ONE,,17391.0625,149.75,143.75,1.0417,0.0,0.0,0.0,0.0,0.0,0.0,train,images\glove_single_nitrile\1671097396376.jpeg
images\1671098930688.jpg,,masks\1671098930688.png,glove_single_latex,1671098930688,1671098930688,0,ONE,,1457.875,91.6852,45.4707,2.0164,0.0,0.0,0.0,0.0,0.0,0.0,train,images\glove_single_latex\1671098930688.jpeg
images\1671104072061.jpg,,masks\1671104072061.png,medical_cap,1671104072061,1671104072061,0,ONE,,11328.375,128.75,122.25,1.0532,0.0,0.0,0.0,0.0,0.0,0.0,train,images\medical_cap\1671104072061.jpeg
images\1671115212281.jpg,,masks\1671115212281.png,shoe_cover_pair,1671115212281,1671115212281,0,ONE,,9839.75,128.6053,110.1407,1.1676,0.0,0.0,0.0,0.0,0.0,0.0,train,images\shoe_cover_pair\1671115212281.jpeg
images\1671187908714.jpg,,masks\1671187908714.png,gauze,1671187908714,1671187908714,0,ONE,,1305.6875,101.0,51.5,1.9612,0.0,0.0,0.0,0.0,0.0,0.0,train,images\gauze\1671187908714.jpeg
images\1671115574379.jpg,,masks\1671115574379.png,medical_glasses,1671115574379,1671115574379,0,ONE,,2084.125,80.75,50.75,1.5911,0.0,0.0,0.0,0.0,0.0,0.0,train,images\medical_glasses\1671115574379.jpeg
images\1671097735796.jpg,,masks\1671097735796.png,glove_pair_nitrile,1671097735796,1671097735796,0,ONE,,20472.25,149.75,138.0,1.0851,0.0,0.0,0.0,0.0,0.0,0.0,train,images\glove_pair_nitrile\1671097735796.jpeg
images\1671104029503.jpg,,masks\1671104029503.png,medical_cap,1671104029503,1671104029503,0,ONE,,7777.125,127.75,107.75,1.1856,0.0,0.0,0.0,0.0,0.0,0.0,train,images\medical_cap\1671104029503.jpeg
images\1671114752526.jpg,,masks\1671114752526.png,shoe_cover_single,1671114752526,1671114752526,0,ONE,,10217.0,131.0274,117.5071,1.1151,0.0,0.0,0.0,0.0,0.0,0.0,train,images\shoe_cover_single\1671114752526.jpeg
images\1671115635846.jpg,,masks\1671115635846.png,medical_glasses,1671115635846,1671115635846,0,ONE,,916.8125,60.75,51.0,1.1912,0.0,0.0,0.0,0.0,0.0,0.0,train,images\medical_glasses\1671115635846.jpeg
images\1671114289171.jpg,,masks\1671114289171.png,shoe_cover_single,1671114289171,1671114289171,0,ONE,,9367.75,140.4146,90.239,1.556,0.0,0.0,0.0,0.0,0.0,0.0,train,images\shoe_cover_single\1671114289171.jpeg
images\1671115824217.jpg,,masks\1671115824217.png,medical_glasses,1671115824217,1671115824217,0,ONE,,1090.3125,61.569,29.247,2.1051,0.0,0.0,0.0,0.0,0.0,0.0,train,images\medical_glasses\1671115824217.jpeg
images\1671115772221.jpg,,masks\1671115772221.png,medical_glasses,1671115772221,1671115772221,0,ONE,,1442.0,56.25,54.0,1.0417,0.0,0.0,0.0,0.0,0.0,0.0,train,images\medical_glasses\1671115772221.jpeg
images\1671102883170.jpg,,masks\1671102883170.png,test_tube,1671102883170,1671102883170,0,ONE,,693.1875,51.25,20.75,2.4699,0.0,0.0,0.0,0.0,0.0,0.0,train,images\test_tube\1671102883170.jpeg
images\1671097043547.jpg,,masks\1671097043547.png,glove_single_nitrile,1671097043547,1671097043547,0,ONE,,14487.875,149.75,141.5,1.0583,0.0,0.0,0.0,0.0,0.0,0.0,train,images\glove_single_nitrile\1671097043547.jpeg
images\1671097489527.jpg,,masks\1671097489527.png,glove_single_nitrile,1671097489527,1671097489527,0,ONE,,9894.25,157.98,109.0789,1.4483,0.0,0.0,0.0,0.0,0.0,0.0,train,images\glove_single_nitrile\1671097489527.jpeg
images\1671187738952.jpg,,masks\1671187738952.png,gauze,1671187738952,1671187738952,0,ONE,,2063.4375,117.25,35.0,3.35,0.0,0.0,0.0,0.0,0.0,0.0,train,images\gauze\1671187738952.jpeg
images\1671036451553.jpg,,masks\1671036451553.png,glove_single_surgery,1671036451553,1671036451553,0,ONE,,10081.3125,149.3494,100.2954,1.4891,0.0,0.0,0.0,0.0,0.0,0.0,train,images\glove_single_surgery\1671036451553.jpeg
images\1671098897937.jpg,,masks\1671098897937.png,glove_single_latex,1671098897937,1671098897937,0,ONE,,908.4375,56.5199,36.9956,1.5277,0.0,0.0,0.0,0.0,0.0,0.0,train,images\glove_single_latex\1671098897937.jpeg
images\1671099089043.jpg,,masks\1671099089043.png,glove_single_latex,1671099089043,1671099089043,0,ONE,,2301.0625,93.25,49.0,1.9031,0.0,0.0,0.0,0.0,0.0,0.0,train,images\glove_single_latex\1671099089043.jpeg
images\1671115585954.jpg,,masks\1671115585954.png,medical_glasses,1671115585954,1671115585954,0,ONE,,2198.125,80.5,47.75,1.6859,0.0,0.0,0.0,0.0,0.0,0.0,train,images\medical_glasses\1671115585954.jpeg
images\1671097250227.jpg,,masks\1671097250227.png,glove_single_nitrile,1671097250227,1671097250227,0,ONE,,12916.4375,135.4352,133.6231,1.0136,0.0,0.0,0.0,0.0,0.0,0.0,train,images\glove_single_nitrile\1671097250227.jpeg
images\1671099582282.jpg,,masks\1671099582282.png,glove_pair_latex,1671099582282,1671099582282,0,ONE,,2108.6875,105.5305,55.8629,1.8891,0.0,0.0,0.0,0.0,0.0,0.0,train,images\glove_pair_latex\1671099582282.jpeg
images\1671115820147.jpg,,masks\1671115820147.png,medical_glasses,1671115820147,1671115820147,0,ONE,,1985.3125,80.2518,56.3729,1.4236,0.0,0.0,0.0,0.0,0.0,0.0,train,images\medical_glasses\1671115820147.jpeg
images\1671114865288.jpg,,masks\1671114865288.png,shoe_cover_pair,1671114865288,1671114865288,0,ONE,,11303.8125,170.1714,108.4261,1.5695,0.0,0.0,0.0,0.0,0.0,0.0,train,images\shoe_cover_pair\1671114865288.jpeg
images\1671115650089.jpg,,masks\1671115650089.png,medical_glasses,1671115650089,1671115650089,0,ONE,,1255.75,81.25,36.5,2.226,0.0,0.0,0.0,0.0,0.0,0.0,train,images\medical_glasses\1671115650089.jpeg
images\1671037065265.jpg,,masks\1671037065265.png,glove_single_surgery,1671037065265,1671037065265,0,ONE,,10868.8125,133.25,128.75,1.035,0.0,0.0,0.0,0.0,0.0,0.0,train,images\glove_single_surgery\1671037065265.jpeg
images\1671037965172.jpg,,masks\1671037965172.png,glove_pair_surgery,1671037965172,1671037965172,0,ONE,,7166.8125,131.4114,86.331,1.5222,0.0,0.0,0.0,0.0,0.0,0.0,train,images\glove_pair_surgery\1671037965172.jpeg
images\1671099316768.jpg,,masks\1671099316768.png,glove_pair_latex,1671099316768,1671099316768,0,ONE,,1230.5625,58.4081,48.8536,1.1956,0.0,0.0,0.0,0.0,0.0,0.0,train,images\glove_pair_latex\1671099316768.jpeg
images\1671036415434.jpg,,masks\1671036415434.png,glove_single_surgery,1671036415434,1671036415434,0,ONE,,6723.9375,129.7614,86.8256,1.4945,0.0,0.0,0.0,0.0,0.0,0.0,train,images\glove_single_surgery\1671036415434.jpeg
images\1671187743389.jpg,,masks\1671187743389.png,gauze,1671187743389,1671187743389,0,ONE,,1944.3125,117.2274,36.9173,3.1754,0.0,0.0,0.0,0.0,0.0,0.0,train,images\gauze\1671187743389.jpeg
images\1671097422857.jpg,,masks\1671097422857.png,glove_single_nitrile,1671097422857,1671097422857,0,ONE,,7855.5625,144.709,80.6574,1.7941,0.0,0.0,0.0,0.0,0.0,0.0,train,images\glove_single_nitrile\1671097422857.jpeg
images\1671113551064.jpg,,masks\1671113551064.png,shoe_cover_single,1671113551064,1671113551064,0,ONE,,8915.4375,146.5954,94.0859,1.5581,0.0,0.0,0.0,0.0,0.0,0.0,train,images\shoe_cover_single\1671113551064.jpeg
images\1671097433963.jpg,,masks\1671097433963.png,glove_single_nitrile,1671097433963,1671097433963,0,ONE,,15491.5,149.75,135.75,1.1031,0.0,0.0,0.0,0.0,0.0,0.0,train,images\glove_single_nitrile\1671097433963.jpeg
images\1671097716484.jpg,,masks\1671097716484.png,glove_pair_nitrile,1671097716484,1671097716484,0,ONE,,10164.9375,139.5,99.75,1.3985,0.0,0.0,0.0,0.0,0.0,0.0,train,images\glove_pair_nitrile\1671097716484.jpeg
images\1671097336275.jpg,,masks\1671097336275.png,glove_single_nitrile,1671097336275,1671097336275,0,ONE,,11065.4375,130.4161,124.1941,1.0501,0.0,0.0,0.0,0.0,0.0,0.0,train,images\glove_single_nitrile\1671097336275.jpeg
images\1671097791426.jpg,,masks\1671097791426.png,glove_pair_nitrile,1671097791426,1671097791426,0,ONE,,9168.375,137.3038,106.3228,1.2914,0.0,0.0,0.0,0.0,0.0,0.0,train,images\glove_pair_nitrile\1671097791426.jpeg
images\1671115848163.jpg,,masks\1671115848163.png,medical_glasses,1671115848163,1671115848163,0,ONE,,911.875,52.0,31.0,1.6774,0.0,0.0,0.0,0.0,0.0,0.0,train,images\medical_glasses\1671115848163.jpeg
images\1671114693027.jpg,,masks\1671114693027.png,shoe_cover_single,1671114693027,1671114693027,0,ONE,,14112.6875,138.75,127.25,1.0904,0.0,0.0,0.0,0.0,0.0,0.0,train,images\shoe_cover_single\1671114693027.jpeg
images\1671187879497.jpg,,masks\1671187879497.png,gauze,1671187879497,1671187879497,0,ONE,,1234.125,59.5,47.5,1.2526,0.0,0.0,0.0,0.0,0.0,0.0,train,images\gauze\1671187879497.jpeg
images\1671114458630.jpg,,masks\1671114458630.png,shoe_cover_single,1671114458630,1671114458630,0,ONE,,7230.875,132.8184,76.5419,1.7352,0.0,0.0,0.0,0.0,0.0,0.0,train,images\shoe_cover_single\1671114458630.jpeg
images\1671103218289.jpg,,masks\1671103218289.png,test_tube,1671103218289,1671103218289,0,ONE,,3308.9375,92.5,87.5,1.0571,0.0,0.0,0.0,0.0,0.0,0.0,train,images\test_tube\1671103218289.jpeg
images\1671187737151.jpg,,masks\1671187737151.png,gauze,1671187737151,1671187737151,0,ONE,,3562.9375,121.5,46.25,2.627,0.0,0.0,0.0,0.0,0.0,0.0,train,images\gauze\1671187737151.jpeg
images\1671102890374.jpg,,masks\1671102890374.png,test_tube,1671102890374,1671102890374,0,ONE,,622.25,46.0,20.0,2.3,0.0,0.0,0.0,0.0,0.0,0.0,train,images\test_tube\1671102890374.jpeg
images\1671100587870.jpg,,masks\1671100587870.png,urine_bag,1671100587870,1671100587870,0,ONE,,4244.8125,143.5642,81.1086,1.77,0.0,0.0,0.0,0.0,0.0,0.0,train,images\urine_bag\1671100587870.jpeg
images\1671099776354.jpg,,masks\1671099776354.png,glove_pair_latex,1671099776354,1671099776354,0,ONE,,1652.1875,67.5,38.0,1.7763,0.0,0.0,0.0,0.0,0.0,0.0,train,images\glove_pair_latex\1671099776354.jpeg
images\1671114944364.jpg,,masks\1671114944364.png,shoe_cover_pair,1671114944364,1671114944364,0,ONE,,10740.75,149.75,112.5,1.3311,0.0,0.0,0.0,0.0,0.0,0.0,train,images\shoe_cover_pair\1671114944364.jpeg
images\1671103133408.jpg,,masks\1671103133408.png,test_tube,1671103133408,1671103133408,0,ONE,,719.4375,49.75,20.75,2.3976,0.0,0.0,0.0,0.0,0.0,0.0,train,images\test_tube\1671103133408.jpeg
images\1671103217521.jpg,,masks\1671103217521.png,test_tube,1671103217521,1671103217521,0,ONE,,2418.625,81.5,79.0,1.0316,0.0,0.0,0.0,0.0,0.0,0.0,train,images\test_tube\1671103217521.jpeg
images\1671098915713.jpg,,masks\1671098915713.png,glove_single_latex,1671098915713,1671098915713,0,ONE,,1071.125,58.3207,38.1469,1.5288,0.0,0.0,0.0,0.0,0.0,0.0,train,images\glove_single_latex\1671098915713.jpeg
images\1671114126514.jpg,,masks\1671114126514.png,shoe_cover_single,1671114126514,1671114126514,0,ONE,,7906.5,164.2806,73.4457,2.2368,0.0,0.0,0.0,0.0,0.0,0.0,train,images\shoe_cover_single\1671114126514.jpeg
images\1671187811361.jpg,,masks\1671187811361.png,gauze,1671187811361,1671187811361,0,ONE,,3373.1875,110.75,55.5,1.9955,0.0,0.0,0.0,0.0,0.0,0.0,train,images\gauze\1671187811361.jpeg
images\1671097259434.jpg,,masks\1671097259434.png,glove_single_nitrile,1671097259434,1671097259434,0,ONE,,12090.625,139.5,126.5,1.1028,0.0,0.0,0.0,0.0,0.0,0.0,train,images\glove_single_nitrile\1671097259434.jpeg
images\1671114725179.jpg,,masks\1671114725179.png,shoe_cover_single,1671114725179,1671114725179,0,ONE,,12496.875,130.697,127.5026,1.0251,0.0,0.0,0.0,0.0,0.0,0.0,train,images\shoe_cover_single\1671114725179.jpeg
images\1671097384836.jpg,,masks\1671097384836.png,glove_single_nitrile,1671097384836,1671097384836,0,ONE,,13222.625,139.25,120.0,1.1604,0.0,0.0,0.0,0.0,0.0,0.0,train,images\glove_single_nitrile\1671097384836.jpeg
images\1671100308049.jpg,,masks\1671100308049.png,urine_bag,1671100308049,1671100308049,0,ONE,,3746.5,103.1897,77.3427,1.3342,0.0,0.0,0.0,0.0,0.0,0.0,train,images\urine_bag\1671100308049.jpeg
images\1671102899778.jpg,,masks\1671102899778.png,test_tube,1671102899778,1671102899778,0,ONE,,865.25,53.25,21.5,2.4767,0.0,0.0,0.0,0.0,0.0,0.0,train,images\test_tube\1671102899778.jpeg
images\1671100369850.jpg,,masks\1671100369850.png,urine_bag,1671100369850,1671100369850,0,ONE,,2779.125,113.5756,71.7365,1.5832,0.0,0.0,0.0,0.0,0.0,0.0,train,images\urine_bag\1671100369850.jpeg
images\1671099060126.jpg,,masks\1671099060126.png,glove_single_latex,1671099060126,1671099060126,0,ONE,,910.875,55.75,25.25,2.2079,0.0,0.0,0.0,0.0,0.0,0.0,train,images\glove_single_latex\1671099060126.jpeg
images\1671102920991.jpg,,masks\1671102920991.png,test_tube,1671102920991,1671102920991,0,ONE,,596.9375,45.25,18.75,2.4133,0.0,0.0,0.0,0.0,0.0,0.0,train,images\test_tube\1671102920991.jpeg
images\1671104136797.jpg,,masks\1671104136797.png,medical_cap,1671104136797,1671104136797,0,ONE,,10492.875,133.0,117.75,1.1295,0.0,0.0,0.0,0.0,0.0,0.0,train,images\medical_cap\1671104136797.jpeg
images\1671097392874.jpg,,masks\1671097392874.png,glove_single_nitrile,1671097392874,1671097392874,0,ONE,,15161.0625,149.75,106.25,1.4094,0.0,0.0,0.0,0.0,0.0,0.0,train,images\glove_single_nitrile\1671097392874.jpeg
images\1671115252970.jpg,,masks\1671115252970.png,shoe_cover_pair,1671115252970,1671115252970,0,ONE,,7287.0625,140.6984,73.8336,1.9056,0.0,0.0,0.0,0.0,0.0,0.0,train,images\shoe_cover_pair\1671115252970.jpeg
images\1671103202713.jpg,,masks\1671103202713.png,test_tube,1671103202713,1671103202713,0,ONE,,3330.25,89.75,86.25,1.0406,0.0,0.0,0.0,0.0,0.0,0.0,train,images\test_tube\1671103202713.jpeg
images\1671115913667.jpg,,masks\1671115913667.png,medical_glasses,1671115913667,1671115913667,0,ONE,,1197.25,71.6701,33.8252,2.1188,0.0,0.0,0.0,0.0,0.0,0.0,train,images\medical_glasses\1671115913667.jpeg
images\1671115788331.jpg,,masks\1671115788331.png,medical_glasses,1671115788331,1671115788331,0,ONE,,718.3125,47.3966,21.0053,2.2564,0.0,0.0,0.0,0.0,0.0,0.0,train,images\medical_glasses\1671115788331.jpeg
images\1671098958238.jpg,,masks\1671098958238.png,glove_single_latex,1671098958238,1671098958238,0,ONE,,679.6875,47.0,20.75,2.2651,0.0,0.0,0.0,0.0,0.0,0.0,train,images\glove_single_latex\1671098958238.jpeg
images\1671097967691.jpg,,masks\1671097967691.png,glove_pair_nitrile,1671097967691,1671097967691,0,ONE,,10729.875,147.25,124.25,1.1851,0.0,0.0,0.0,0.0,0.0,0.0,train,images\glove_pair_nitrile\1671097967691.jpeg
images\1671098657171.jpg,,masks\1671098657171.png,glove_single_latex,1671098657171,1671098657171,0,ONE,,1011.3125,57.0,28.25,2.0177,0.0,0.0,0.0,0.0,0.0,0.0,train,images\glove_single_latex\1671098657171.jpeg
images\1671037337485.jpg,,masks\1671037337485.png,glove_pair_surgery,1671037337485,1671037337485,0,ONE,,10920.6875,149.75,105.75,1.4161,0.0,0.0,0.0,0.0,0.0,0.0,train,images\glove_pair_surgery\1671037337485.jpeg
images\1671187707869.jpg,,masks\1671187707869.png,gauze,1671187707869,1671187707869,0,ONE,,3284.8125,116.5,54.0,2.1574,0.0,0.0,0.0,0.0,0.0,0.0,train,images\gauze\1671187707869.jpeg
images\1671102957411.jpg,,masks\1671102957411.png,test_tube,1671102957411,1671102957411,0,ONE,,456.125,40.25,16.75,2.403,0.0,0.0,0.0,0.0,0.0,0.0,train,images\test_tube\1671102957411.jpeg
images\1671036427308.jpg,,masks\1671036427308.png,glove_single_surgery,1671036427308,1671036427308,0,ONE,,6860.4375,129.7138,97.7948,1.3264,0.0,0.0,0.0,0.0,0.0,0.0,train,images\glove_single_surgery\1671036427308.jpeg
images\1671097720720.jpg,,masks\1671097720720.png,glove_pair_nitrile,1671097720720,1671097720720,0,ONE,,10433.5625,132.0725,112.4841,1.1741,0.0,0.0,0.0,0.0,0.0,0.0,train,images\glove_pair_nitrile\1671097720720.jpeg
images\1671099154044.jpg,,masks\1671099154044.png,glove_single_latex,1671099154044,1671099154044,0,ONE,,2584.4375,93.75,59.75,1.569,0.0,0.0,0.0,0.0,0.0,0.0,train,images\glove_single_latex\1671099154044.jpeg
images\1671104241321.jpg,,masks\1671104241321.png,medical_cap,1671104241321,1671104241321,0,ONE,,10639.6875,128.75,118.0,1.0911,0.0,0.0,0.0,0.0,0.0,0.0,train,images\medical_cap\1671104241321.jpeg
images\1671098033794.jpg,,masks\1671098033794.png,glove_pair_nitrile,1671098033794,1671098033794,0,ONE,,12153.375,149.75,103.5,1.4469,0.0,0.0,0.0,0.0,0.0,0.0,train,images\glove_pair_nitrile\1671098033794.jpeg
images\1671187730950.jpg,,masks\1671187730950.png,gauze,1671187730950,1671187730950,0,ONE,,2014.9375,98.75,33.5,2.9478,0.0,0.0,0.0,0.0,0.0,0.0,train,images\gauze\1671187730950.jpeg
images\1671099365128.jpg,,masks\1671099365128.png,glove_pair_latex,1671099365128,1671099365128,0,ONE,,1263.125,61.1954,51.5154,1.1879,0.0,0.0,0.0,0.0,0.0,0.0,train,images\glove_pair_latex\1671099365128.jpeg
images\1671097749102.jpg,,masks\1671097749102.png,glove_pair_nitrile,1671097749102,1671097749102,0,ONE,,15565.5,149.75,111.75,1.34,0.0,0.0,0.0,0.0,0.0,0.0,train,images\glove_pair_nitrile\1671097749102.jpeg
images\1671036610976.jpg,,masks\1671036610976.png,glove_single_surgery,1671036610976,1671036610976,0,ONE,,9070.3125,134.5,126.75,1.0611,0.0,0.0,0.0,0.0,0.0,0.0,train,images\glove_single_surgery\1671036610976.jpeg
images\1671099641714.jpg,,masks\1671099641714.png,glove_pair_latex,1671099641714,1671099641714,0,ONE,,1190.3125,64.5,33.25,1.9398,0.0,0.0,0.0,0.0,0.0,0.0,train,images\glove_pair_latex\1671099641714.jpeg
images\1671037450415.jpg,,masks\1671037450415.png,glove_pair_surgery,1671037450415,1671037450415,0,ONE,,8957.25,139.5,105.75,1.3191,0.0,0.0,0.0,0.0,0.0,0.0,train,images\glove_pair_surgery\1671037450415.jpeg
images\1671115045488.jpg,,masks\1671115045488.png,shoe_cover_pair,1671115045488,1671115045488,0,ONE,,15460.3125,166.9818,128.6577,1.2979,0.0,0.0,0.0,0.0,0.0,0.0,train,images\shoe_cover_pair\1671115045488.jpeg
images\1671104132361.jpg,,masks\1671104132361.png,medical_cap,1671104132361,1671104132361,0,ONE,,10737.6875,129.0,122.5,1.0531,0.0,0.0,0.0,0.0,0.0,0.0,train,images\medical_cap\1671104132361.jpeg
images\1671114824299.jpg,,masks\1671114824299.png,shoe_cover_pair,1671114824299,1671114824299,0,ONE,,10236.75,139.5,106.0,1.316,0.0,0.0,0.0,0.0,0.0,0.0,train,images\shoe_cover_pair\1671114824299.jpeg
images\1671097253929.jpg,,masks\1671097253929.png,glove_single_nitrile,1671097253929,1671097253929,0,ONE,,10515.625,144.4236,109.1372,1.3233,0.0,0.0,0.0,0.0,0.0,0.0,train,images\glove_single_nitrile\1671097253929.jpeg
images\1671115144877.jpg,,masks\1671115144877.png,shoe_cover_pair,1671115144877,1671115144877,0,ONE,,14260.625,149.75,138.5,1.0812,0.0,0.0,0.0,0.0,0.0,0.0,train,images\shoe_cover_pair\1671115144877.jpeg
images\1671102736992.jpg,,masks\1671102736992.png,urine_bag,1671102736992,1671102736992,0,ONE,,4081.25,104.75,90.5,1.1575,0.0,0.0,0.0,0.0,0.0,0.0,train,images\urine_bag\1671102736992.jpeg
images\1671037014338.jpg,,masks\1671037014338.png,glove_single_surgery,1671037014338,1671037014338,0,ONE,,9491.0,140.6959,111.2191,1.265,0.0,0.0,0.0,0.0,0.0,0.0,train,images\glove_single_surgery\1671037014338.jpeg
images\1671104027902.jpg,,masks\1671104027902.png,medical_cap,1671104027902,1671104027902,0,ONE,,8046.125,128.5,102.5,1.2537,0.0,0.0,0.0,0.0,0.0,0.0,train,images\medical_cap\1671104027902.jpeg
images\1671098223998.jpg,,masks\1671098223998.png,glove_pair_nitrile,1671098223998,1671098223998,0,ONE,,10888.4375,139.25,138.0,1.0091,0.0,0.0,0.0,0.0,0.0,0.0,train,images\glove_pair_nitrile\1671098223998.jpeg
images\1671098078117.jpg,,masks\1671098078117.png,glove_pair_nitrile,1671098078117,1671098078117,0,ONE,,10543.6875,139.25,110.75,1.2573,0.0,0.0,0.0,0.0,0.0,0.0,train,images\glove_pair_nitrile\1671098078117.jpeg
images\1671115822917.jpg,,masks\1671115822917.png,medical_glasses,1671115822917,1671115822917,0,ONE,,1894.625,79.0837,34.5637,2.2881,0.0,0.0,0.0,0.0,0.0,0.0,train,images\medical_glasses\1671115822917.jpeg
images\1671097610960.jpg,,masks\1671097610960.png,glove_pair_nitrile,1671097610960,1671097610960,0,ONE,,10720.1875,140.25,123.75,1.1333,0.0,0.0,0.0,0.0,0.0,0.0,train,images\glove_pair_nitrile\1671097610960.jpeg
images\1671036510221.jpg,,masks\1671036510221.png,glove_single_surgery,1671036510221,1671036510221,0,ONE,,9530.125,139.5,106.0,1.316,0.0,0.0,0.0,0.0,0.0,0.0,train,images\glove_single_surgery\1671036510221.jpeg
images\1671187759763.jpg,,masks\1671187759763.png,gauze,1671187759763,1671187759763,0,ONE,,4272.1875,117.0,91.5,1.2787,0.0,0.0,0.0,0.0,0.0,0.0,train,images\gauze\1671187759763.jpeg
images\1671114388692.jpg,,masks\1671114388692.png,shoe_cover_single,1671114388692,1671114388692,0,ONE,,7374.875,129.4308,79.3624,1.6309,0.0,0.0,0.0,0.0,0.0,0.0,train,images\shoe_cover_single\1671114388692.jpeg
images\1671114897406.jpg,,masks\1671114897406.png,shoe_cover_pair,1671114897406,1671114897406,0,ONE,,9650.0625,137.25,111.75,1.2282,0.0,0.0,0.0,0.0,0.0,0.0,train,images\shoe_cover_pair\1671114897406.jpeg
images\1671115083476.jpg,,masks\1671115083476.png,shoe_cover_pair,1671115083476,1671115083476,0,ONE,,12893.75,149.75,115.25,1.2993,0.0,0.0,0.0,0.0,0.0,0.0,train,images\shoe_cover_pair\1671115083476.jpeg
images\1671100424178.jpg,,masks\1671100424178.png,urine_bag,1671100424178,1671100424178,0,ONE,,1433.125,130.6475,99.7027,1.3104,0.0,0.0,0.0,0.0,0.0,0.0,train,images\urine_bag\1671100424178.jpeg
images\1671104107817.jpg,,masks\1671104107817.png,medical_cap,1671104107817,1671104107817,0,ONE,,7064.5,136.4643,72.7675,1.8753,0.0,0.0,0.0,0.0,0.0,0.0,train,images\medical_cap\1671104107817.jpeg
images\1671113524216.jpg,,masks\1671113524216.png,shoe_cover_single,1671113524216,1671113524216,0,ONE,,7174.0,128.5351,83.9184,1.5317,0.0,0.0,0.0,0.0,0.0,0.0,train,images\shoe_cover_single\1671113524216.jpeg
images\1671037775331.jpg,,masks\1671037775331.png,glove_pair_surgery,1671037775331,1671037775331,0,ONE,,11701.5,139.5,124.0,1.125,0.0,0.0,0.0,0.0,0.0,0.0,train,images\glove_pair_surgery\1671037775331.jpeg
images\1671098018185.jpg,,masks\1671098018185.png,glove_pair_nitrile,1671098018185,1671098018185,0,ONE,,9132.4375,136.387,99.1068,1.3762,0.0,0.0,0.0,0.0,0.0,0.0,train,images\glove_pair_nitrile\1671098018185.jpeg
images\1671115717891.jpg,,masks\1671115717891.png,medical_glasses,1671115717891,1671115717891,0,ONE,,912.3125,54.0,22.75,2.3736,0.0,0.0,0.0,0.0,0.0,0.0,train,images\medical_glasses\1671115717891.jpeg
images\1671104102977.jpg,,masks\1671104102977.png,medical_cap,1671104102977,1671104102977,0,ONE,,10279.1875,132.89,112.1858,1.1846,0.0,0.0,0.0,0.0,0.0,0.0,train,images\medical_cap\1671104102977.jpeg
images\1671115330679.jpg,,masks\1671115330679.png,shoe_cover_pair,1671115330679,1671115330679,0,ONE,,8180.4375,121.5461,107.9532,1.1259,0.0,0.0,0.0,0.0,0.0,0.0,train,images\shoe_cover_pair\1671115330679.jpeg
images\1671114643899.jpg,,masks\1671114643899.png,shoe_cover_single,1671114643899,1671114643899,0,ONE,,11931.375,145.8696,114.9111,1.2694,0.0,0.0,0.0,0.0,0.0,0.0,train,images\shoe_cover_single\1671114643899.jpeg
images\1671115141573.jpg,,masks\1671115141573.png,shoe_cover_pair,1671115141573,1671115141573,0,ONE,,11692.875,149.75,117.5,1.2745,0.0,0.0,0.0,0.0,0.0,0.0,train,images\shoe_cover_pair\1671115141573.jpeg
images\1671100361878.jpg,,masks\1671100361878.png,urine_bag,1671100361878,1671100361878,0,ONE,,3133.5,107.75,71.5,1.507,0.0,0.0,0.0,0.0,0.0,0.0,train,images\urine_bag\1671100361878.jpeg
images\1671115889890.jpg,,masks\1671115889890.png,medical_glasses,1671115889890,1671115889890,0,ONE,,874.1875,51.0,21.75,2.3448,0.0,0.0,0.0,0.0,0.0,0.0,train,images\medical_glasses\1671115889890.jpeg
images\1671037485134.jpg,,masks\1671037485134.png,glove_pair_surgery,1671037485134,1671037485134,0,ONE,,13344.625,139.25,134.5,1.0353,0.0,0.0,0.0,0.0,0.0,0.0,train,images\glove_pair_surgery\1671037485134.jpeg
images\1671115202308.jpg,,masks\1671115202308.png,shoe_cover_pair,1671115202308,1671115202308,0,ONE,,12126.5,140.75,125.0,1.126,0.0,0.0,0.0,0.0,0.0,0.0,train,images\shoe_cover_pair\1671115202308.jpeg
images\1671102971385.jpg,,masks\1671102971385.png,test_tube,1671102971385,1671102971385,0,ONE,,633.375,73.5797,39.9091,1.8437,0.0,0.0,0.0,0.0,0.0,0.0,train,images\test_tube\1671102971385.jpeg
images\1671100081222.jpg,,masks\1671100081222.png,urine_bag,1671100081222,1671100081222,0,ONE,,2923.5,94.0627,65.822,1.429,0.0,0.0,0.0,0.0,0.0,0.0,train,images\urine_bag\1671100081222.jpeg
images\1671104141599.jpg,,masks\1671104141599.png,medical_cap,1671104141599,1671104141599,0,ONE,,8609.1875,128.25,109.75,1.1686,0.0,0.0,0.0,0.0,0.0,0.0,train,images\medical_cap\1671104141599.jpeg
images\1671114245246.jpg,,masks\1671114245246.png,shoe_cover_single,1671114245246,1671114245246,0,ONE,,9901.4375,119.0489,105.7507,1.1258,0.0,0.0,0.0,0.0,0.0,0.0,train,images\shoe_cover_single\1671114245246.jpeg
images\1671103106927.jpg,,masks\1671103106927.png,test_tube,1671103106927,1671103106927,0,ONE,,678.375,49.25,20.0,2.4625,0.0,0.0,0.0,0.0,0.0,0.0,train,images\test_tube\1671103106927.jpeg
images\1671036535534.jpg,,masks\1671036535534.png,glove_single_surgery,1671036535534,1671036535534,0,ONE,,5193.8125,128.2964,63.9201,2.0071,0.0,0.0,0.0,0.0,0.0,0.0,train,images\glove_single_surgery\1671036535534.jpeg
images\1671036607507.jpg,,masks\1671036607507.png,glove_single_surgery,1671036607507,1671036607507,0,ONE,,9516.3125,133.5,127.75,1.045,0.0,0.0,0.0,0.0,0.0,0.0,train,images\glove_single_surgery\1671036607507.jpeg
images\1671100302944.jpg,,masks\1671100302944.png,urine_bag,1671100302944,1671100302944,0,ONE,,3678.1875,119.7897,71.5208,1.6749,0.0,0.0,0.0,0.0,0.0,0.0,train,images\urine_bag\1671100302944.jpeg
images\1671036977615.jpg,,masks\1671036977615.png,glove_single_surgery,1671036977615,1671036977615,0,ONE,,8164.6875,134.4861,100.2092,1.3421,0.0,0.0,0.0,0.0,0.0,0.0,train,images\glove_single_surgery\1671036977615.jpeg
images\1671100279032.jpg,,masks\1671100279032.png,urine_bag,1671100279032,1671100279032,0,ONE,,4707.75,153.1865,81.1771,1.8871,0.0,0.0,0.0,0.0,0.0,0.0,train,images\urine_bag\1671100279032.jpeg
images\1671114705901.jpg,,masks\1671114705901.png,shoe_cover_single,1671114705901,1671114705901,0,ONE,,7646.5625,153.1042,71.4553,2.1427,0.0,0.0,0.0,0.0,0.0,0.0,train,images\shoe_cover_single\1671114705901.jpeg
images\1671114198720.jpg,,masks\1671114198720.png,shoe_cover_single,1671114198720,1671114198720,0,ONE,,8176.625,139.5842,80.9611,1.7241,0.0,0.0,0.0,0.0,0.0,0.0,train,images\shoe_cover_single\1671114198720.jpeg
images\1671036726544.jpg,,masks\1671036726544.png,glove_single_surgery,1671036726544,1671036726544,0,ONE,,5059.375,132.6911,51.0393,2.5998,0.0,0.0,0.0,0.0,0.0,0.0,train,images\glove_single_surgery\1671036726544.jpeg
images\1671187694662.jpg,,masks\1671187694662.png,gauze,1671187694662,1671187694662,0,ONE,,3864.875,118.5,65.25,1.8161,0.0,0.0,0.0,0.0,0.0,0.0,train,images\gauze\1671187694662.jpeg
images\1671114708735.jpg,,masks\1671114708735.png,shoe_cover_single,1671114708735,1671114708735,0,ONE,,9540.875,139.25,98.5,1.4137,0.0,0.0,0.0,0.0,0.0,0.0,train,images\shoe_cover_single\1671114708735.jpeg
images\1671114257420.jpg,,masks\1671114257420.png,shoe_cover_single,1671114257420,1671114257420,0,ONE,,7923.875,128.6746,92.7887,1.3867,0.0,0.0,0.0,0.0,0.0,0.0,train,images\shoe_cover_single\1671114257420.jpeg
images\1671037049557.jpg,,masks\1671037049557.png,glove_single_surgery,1671037049557,1671037049557,0,ONE,,4966.3125,130.5829,72.8097,1.7935,0.0,0.0,0.0,0.0,0.0,0.0,train,images\glove_single_surgery\1671037049557.jpeg
images\1671097295187.jpg,,masks\1671097295187.png,glove_single_nitrile,1671097295187,1671097295187,0,ONE,,16165.9375,149.75,138.25,1.0832,0.0,0.0,0.0,0.0,0.0,0.0,train,images\glove_single_nitrile\1671097295187.jpeg
images\1671115077940.jpg,,masks\1671115077940.png,shoe_cover_pair,1671115077940,1671115077940,0,ONE,,6083.125,124.6198,90.9752,1.3698,0.0,0.0,0.0,0.0,0.0,0.0,train,images\shoe_cover_pair\1671115077940.jpeg
images\1671097429293.jpg,,masks\1671097429293.png,glove_single_nitrile,1671097429293,1671097429293,0,ONE,,11373.375,141.4002,134.2597,1.0532,0.0,0.0,0.0,0.0,0.0,0.0,train,images\glove_single_nitrile\1671097429293.jpeg
images\1671100875596.jpg,,masks\1671100875596.png,urine_bag,1671100875596,1671100875596,0,ONE,,3691.5,97.8306,86.0959,1.1363,0.0,0.0,0.0,0.0,0.0,0.0,train,images\urine_bag\1671100875596.jpeg
images\1671097699142.jpg,,masks\1671097699142.png,glove_pair_nitrile,1671097699142,1671097699142,0,ONE,,7610.375,141.0949,75.0543,1.8799,0.0,0.0,0.0,0.0,0.0,0.0,train,images\glove_pair_nitrile\1671097699142.jpeg
images\1671104171849.jpg,,masks\1671104171849.png,medical_cap,1671104171849,1671104171849,0,ONE,,12117.5625,137.3011,126.896,1.082,0.0,0.0,0.0,0.0,0.0,0.0,train,images\medical_cap\1671104171849.jpeg
images\1671098934758.jpg,,masks\1671098934758.png,glove_single_latex,1671098934758,1671098934758,0,ONE,,1778.25,93.0035,52.9153,1.7576,0.0,0.0,0.0,0.0,0.0,0.0,train,images\glove_single_latex\1671098934758.jpeg
images\1671097011962.jpg,,masks\1671097011962.png,glove_single_nitrile,1671097011962,1671097011962,0,ONE,,7845.9375,141.4211,83.3816,1.6961,0.0,0.0,0.0,0.0,0.0,0.0,train,images\glove_single_nitrile\1671097011962.jpeg
images\1671097658253.jpg,,masks\1671097658253.png,glove_pair_nitrile,1671097658253,1671097658253,0,ONE,,7991.6875,138.5043,84.2469,1.644,0.0,0.0,0.0,0.0,0.0,0.0,train,images\glove_pair_nitrile\1671097658253.jpeg
images\1671104148770.jpg,,masks\1671104148770.png,medical_cap,1671104148770,1671104148770,0,ONE,,10497.3125,129.75,128.75,1.0078,0.0,0.0,0.0,0.0,0.0,0.0,train,images\medical_cap\1671104148770.jpeg
images\1671097344548.jpg,,masks\1671097344548.png,glove_single_nitrile,1671097344548,1671097344548,0,ONE,,19172.625,149.75,130.75,1.1453,0.0,0.0,0.0,0.0,0.0,0.0,train,images\glove_single_nitrile\1671097344548.jpeg
images\1671103148817.jpg,,masks\1671103148817.png,test_tube,1671103148817,1671103148817,0,ONE,,616.3125,49.25,17.25,2.8551,0.0,0.0,0.0,0.0,0.0,0.0,train,images\test_tube\1671103148817.jpeg
images\1671187596140.jpg,,masks\1671187596140.png,gauze,1671187596140,1671187596140,0,ONE,,5030.1875,126.0,74.25,1.697,0.0,0.0,0.0,0.0,0.0,0.0,train,images\gauze\1671187596140.jpeg
images\1671098970577.jpg,,masks\1671098970577.png,glove_single_latex,1671098970577,1671098970577,0,ONE,,1035.6875,56.75,29.5,1.9237,0.0,0.0,0.0,0.0,0.0,0.0,train,images\glove_single_latex\1671098970577.jpeg
images\1671115595960.jpg,,masks\1671115595960.png,medical_glasses,1671115595960,1671115595960,0,ONE,,1040.75,62.5,24.25,2.5773,0.0,0.0,0.0,0.0,0.0,0.0,train,images\medical_glasses\1671115595960.jpeg
images\1671187714906.jpg,,masks\1671187714906.png,gauze,1671187714906,1671187714906,0,ONE,,4795.25,122.5,78.75,1.5556,0.0,0.0,0.0,0.0,0.0,0.0,train,images\gauze\1671187714906.jpeg
images\1671100246547.jpg,,masks\1671100246547.png,urine_bag,1671100246547,1671100246547,0,ONE,,4942.125,138.75,88.5,1.5678,0.0,0.0,0.0,0.0,0.0,0.0,train,images\urine_bag\1671100246547.jpeg
images\1671114663313.jpg,,masks\1671114663313.png,shoe_cover_single,1671114663313,1671114663313,0,ONE,,10639.0,139.5,114.0,1.2237,0.0,0.0,0.0,0.0,0.0,0.0,train,images\shoe_cover_single\1671114663313.jpeg
images\1671104002955.jpg,,masks\1671104002955.png,medical_cap,1671104002955,1671104002955,0,ONE,,11893.875,149.0675,109.6459,1.3595,0.0,0.0,0.0,0.0,0.0,0.0,train,images\medical_cap\1671104002955.jpeg
images\1671100345902.jpg,,masks\1671100345902.png,urine_bag,1671100345902,1671100345902,0,ONE,,2735.875,97.75,73.5,1.3299,0.0,0.0,0.0,0.0,0.0,0.0,train,images\urine_bag\1671100345902.jpeg
images\1671114890903.jpg,,masks\1671114890903.png,shoe_cover_pair,1671114890903,1671114890903,0,ONE,,11645.4375,138.5,127.0,1.0906,0.0,0.0,0.0,0.0,0.0,0.0,train,images\shoe_cover_pair\1671114890903.jpeg
images\1671099714388.jpg,,masks\1671099714388.png,glove_pair_latex,1671099714388,1671099714388,0,ONE,,1912.6875,77.25,50.5,1.5297,0.0,0.0,0.0,0.0,0.0,0.0,train,images\glove_pair_latex\1671099714388.jpeg
images\1671098211726.jpg,,masks\1671098211726.png,glove_pair_nitrile,1671098211726,1671098211726,0,ONE,,12231.5,143.0,135.25,1.0573,0.0,0.0,0.0,0.0,0.0,0.0,train,images\glove_pair_nitrile\1671098211726.jpeg
images\1671036514222.jpg,,masks\1671036514222.png,glove_single_surgery,1671036514222,1671036514222,0,ONE,,10110.0,132.4878,132.0106,1.0036,0.0,0.0,0.0,0.0,0.0,0.0,train,images\glove_single_surgery\1671036514222.jpeg
images\1671115900426.jpg,,masks\1671115900426.png,medical_glasses,1671115900426,1671115900426,0,ONE,,975.4375,55.75,23.5,2.3723,0.0,0.0,0.0,0.0,0.0,0.0,train,images\medical_glasses\1671115900426.jpeg
images\1671100088094.jpg,,masks\1671100088094.png,urine_bag,1671100088094,1671100088094,0,ONE,,7244.5,138.75,135.75,1.0221,0.0,0.0,0.0,0.0,0.0,0.0,train,images\urine_bag\1671100088094.jpeg
images\1671104162545.jpg,,masks\1671104162545.png,medical_cap,1671104162545,1671104162545,0,ONE,,11331.8125,139.25,117.25,1.1876,0.0,0.0,0.0,0.0,0.0,0.0,train,images\medical_cap\1671104162545.jpeg
images\1671098989388.jpg,,masks\1671098989388.png,glove_single_latex,1671098989388,1671098989388,0,ONE,,759.125,46.8696,37.4926,1.2501,0.0,0.0,0.0,0.0,0.0,0.0,train,images\glove_single_latex\1671098989388.jpeg
images\1671037744182.jpg,,masks\1671037744182.png,glove_pair_surgery,1671037744182,1671037744182,0,ONE,,11131.4375,139.5,119.75,1.1649,0.0,0.0,0.0,0.0,0.0,0.0,train,images\glove_pair_surgery\1671037744182.jpeg
images\1671187610881.jpg,,masks\1671187610881.png,gauze,1671187610881,1671187610881,0,ONE,,4812.9375,117.75,72.5,1.6241,0.0,0.0,0.0,0.0,0.0,0.0,train,images\gauze\1671187610881.jpeg
images\1671098253781.jpg,,masks\1671098253781.png,glove_pair_nitrile,1671098253781,1671098253781,0,ONE,,13723.1875,149.75,125.5,1.1932,0.0,0.0,0.0,0.0,0.0,0.0,train,images\glove_pair_nitrile\1671098253781.jpeg
images\1671187630593.jpg,,masks\1671187630593.png,gauze,1671187630593,1671187630593,0,ONE,,4454.1875,138.25,65.75,2.1027,0.0,0.0,0.0,0.0,0.0,0.0,train,images\gauze\1671187630593.jpeg
images\1671100355241.jpg,,masks\1671100355241.png,urine_bag,1671100355241,1671100355241,0,ONE,,8309.6875,157.0678,99.3591,1.5808,0.0,0.0,0.0,0.0,0.0,0.0,train,images\urine_bag\1671100355241.jpeg
images\1671097695206.jpg,,masks\1671097695206.png,glove_pair_nitrile,1671097695206,1671097695206,0,ONE,,11987.875,149.75,108.5,1.3802,0.0,0.0,0.0,0.0,0.0,0.0,train,images\glove_pair_nitrile\1671097695206.jpeg
images\1671103107327.jpg,,masks\1671103107327.png,test_tube,1671103107327,1671103107327,0,ONE,,839.1875,51.0,45.0,1.1333,0.0,0.0,0.0,0.0,0.0,0.0,train,images\test_tube\1671103107327.jpeg
images\1671036523027.jpg,,masks\1671036523027.png,glove_single_surgery,1671036523027,1671036523027,0,ONE,,8474.0,139.25,113.0,1.2323,0.0,0.0,0.0,0.0,0.0,0.0,train,images\glove_single_surgery\1671036523027.jpeg
images\1671115573445.jpg,,masks\1671115573445.png,medical_glasses,1671115573445,1671115573445,0,ONE,,575.5625,45.25,20.75,2.1807,0.0,0.0,0.0,0.0,0.0,0.0,train,images\medical_glasses\1671115573445.jpeg
images\1671104256930.jpg,,masks\1671104256930.png,medical_cap,1671104256930,1671104256930,0,ONE,,11917.5625,138.5,127.0,1.0906,0.0,0.0,0.0,0.0,0.0,0.0,train,images\medical_cap\1671104256930.jpeg
images\1671097402379.jpg,,masks\1671097402379.png,glove_single_nitrile,1671097402379,1671097402379,0,ONE,,5671.3125,129.2965,80.4227,1.6077,0.0,0.0,0.0,0.0,0.0,0.0,train,images\glove_single_nitrile\1671097402379.jpeg
images\1671114191916.jpg,,masks\1671114191916.png,shoe_cover_single,1671114191916,1671114191916,0,ONE,,11579.125,149.75,118.25,1.2664,0.0,0.0,0.0,0.0,0.0,0.0,train,images\shoe_cover_single\1671114191916.jpeg
images\1671099078337.jpg,,masks\1671099078337.png,glove_single_latex,1671099078337,1671099078337,0,ONE,,1746.625,99.765,43.9888,2.268,0.0,0.0,0.0,0.0,0.0,0.0,train,images\glove_single_latex\1671099078337.jpeg
images\1671097040213.jpg,,masks\1671097040213.png,glove_single_nitrile,1671097040213,1671097040213,0,ONE,,8230.5,133.5495,113.18,1.18,0.0,0.0,0.0,0.0,0.0,0.0,train,images\glove_single_nitrile\1671097040213.jpeg
images\1671099766350.jpg,,masks\1671099766350.png,glove_pair_latex,1671099766350,1671099766350,0,ONE,,891.25,50.0,30.0,1.6667,0.0,0.0,0.0,0.0,0.0,0.0,train,images\glove_pair_latex\1671099766350.jpeg
images\1671099491799.jpg,,masks\1671099491799.png,glove_pair_latex,1671099491799,1671099491799,0,ONE,,1964.0625,86.1948,55.8306,1.5439,0.0,0.0,0.0,0.0,0.0,0.0,train,images\glove_pair_latex\1671099491799.jpeg
images\1671102906718.jpg,,masks\1671102906718.png,test_tube,1671102906718,1671102906718,0,ONE,,756.875,47.75,20.25,2.358,0.0,0.0,0.0,0.0,0.0,0.0,train,images\test_tube\1671102906718.jpeg
images\1671104243955.jpg,,masks\1671104243955.png,medical_cap,1671104243955,1671104243955,0,ONE,,12550.375,146.4257,118.3042,1.2377,0.0,0.0,0.0,0.0,0.0,0.0,train,images\medical_cap\1671104243955.jpeg
images\1671187728582.jpg,,masks\1671187728582.png,gauze,1671187728582,1671187728582,0,ONE,,3034.3125,103.25,81.5,1.2669,0.0,0.0,0.0,0.0,0.0,0.0,train,images\gauze\1671187728582.jpeg
images\1671098192515.jpg,,masks\1671098192515.png,glove_pair_nitrile,1671098192515,1671098192515,0,ONE,,14695.9375,143.7232,140.8556,1.0204,0.0,0.0,0.0,0.0,0.0,0.0,train,images\glove_pair_nitrile\1671098192515.jpeg
images\1671114701931.jpg,,masks\1671114701931.png,shoe_cover_single,1671114701931,1671114701931,0,ONE,,7485.1875,138.2243,79.2853,1.7434,0.0,0.0,0.0,0.0,0.0,0.0,train,images\shoe_cover_single\1671114701931.jpeg
images\1671097773885.jpg,,masks\1671097773885.png,glove_pair_nitrile,1671097773885,1671097773885,0,ONE,,15989.5625,149.75,107.75,1.3898,0.0,0.0,0.0,0.0,0.0,0.0,train,images\glove_pair_nitrile\1671097773885.jpeg
images\1671115883852.jpg,,masks\1671115883852.png,medical_glasses,1671115883852,1671115883852,0,ONE,,1588.0625,84.8758,42.9994,1.9739,0.0,0.0,0.0,0.0,0.0,0.0,train,images\medical_glasses\1671115883852.jpeg
images\1671115577681.jpg,,masks\1671115577681.png,medical_glasses,1671115577681,1671115577681,0,ONE,,625.4375,41.5,19.0,2.1842,0.0,0.0,0.0,0.0,0.0,0.0,train,images\medical_glasses\1671115577681.jpeg
images\1671115317371.jpg,,masks\1671115317371.png,shoe_cover_pair,1671115317371,1671115317371,0,ONE,,6188.0,149.75,74.75,2.0033,0.0,0.0,0.0,0.0,0.0,0.0,train,images\shoe_cover_pair\1671115317371.jpeg
images\1671104006291.jpg,,masks\1671104006291.png,medical_cap,1671104006291,1671104006291,0,ONE,,12888.9375,140.0,132.0,1.0606,0.0,0.0,0.0,0.0,0.0,0.0,train,images\medical_cap\1671104006291.jpeg
images\1671036481271.jpg,,masks\1671036481271.png,glove_single_surgery,1671036481271,1671036481271,0,ONE,,7393.1875,139.75,95.5,1.4634,0.0,0.0,0.0,0.0,0.0,0.0,train,images\glove_single_surgery\1671036481271.jpeg
images\1671103200579.jpg,,masks\1671103200579.png,test_tube,1671103200579,1671103200579,0,ONE,,3289.9375,87.75,87.5,1.0029,0.0,0.0,0.0,0.0,0.0,0.0,train,images\test_tube\1671103200579.jpeg
images\1671099686305.jpg,,masks\1671099686305.png,glove_pair_latex,1671099686305,1671099686305,0,ONE,,2040.0625,84.1633,55.0348,1.5293,0.0,0.0,0.0,0.0,0.0,0.0,train,images\glove_pair_latex\1671099686305.jpeg
images\1671098176472.jpg,,masks\1671098176472.png,glove_pair_nitrile,1671098176472,1671098176472,0,ONE,,12996.1875,149.75,127.5,1.1745,0.0,0.0,0.0,0.0,0.0,0.0,train,images\glove_pair_nitrile\1671098176472.jpeg
images\1671115305998.jpg,,masks\1671115305998.png,shoe_cover_pair,1671115305998,1671115305998,0,ONE,,6165.25,129.7059,87.4687,1.4829,0.0,0.0,0.0,0.0,0.0,0.0,train,images\shoe_cover_pair\1671115305998.jpeg
images\1671096996154.jpg,,masks\1671096996154.png,glove_single_nitrile,1671096996154,1671096996154,0,ONE,,13485.8125,149.75,113.25,1.3223,0.0,0.0,0.0,0.0,0.0,0.0,train,images\glove_single_nitrile\1671096996154.jpeg
images\1671036951168.jpg,,masks\1671036951168.png,glove_single_surgery,1671036951168,1671036951168,0,ONE,,7035.25,140.0596,97.9238,1.4303,0.0,0.0,0.0,0.0,0.0,0.0,train,images\glove_single_surgery\1671036951168.jpeg
images\1671098517627.jpg,,masks\1671098517627.png,glove_single_latex,1671098517627,1671098517627,0,ONE,,807.625,54.75,28.0,1.9554,0.0,0.0,0.0,0.0,0.0,0.0,train,images\glove_single_latex\1671098517627.jpeg
images\1671098988054.jpg,,masks\1671098988054.png,glove_single_latex,1671098988054,1671098988054,0,ONE,,819.9375,45.5895,39.7998,1.1455,0.0,0.0,0.0,0.0,0.0,0.0,train,images\glove_single_latex\1671098988054.jpeg
images\1671099477323.jpg,,masks\1671099477323.png,glove_pair_latex,1671099477323,1671099477323,0,ONE,,2689.0625,93.8519,68.9097,1.362,0.0,0.0,0.0,0.0,0.0,0.0,train,images\glove_pair_latex\1671099477323.jpeg
images\1671114984655.jpg,,masks\1671114984655.png,shoe_cover_pair,1671114984655,1671114984655,0,ONE,,11858.4375,139.25,126.5,1.1008,0.0,0.0,0.0,0.0,0.0,0.0,train,images\shoe_cover_pair\1671114984655.jpeg
images\1671098269790.jpg,,masks\1671098269790.png,glove_pair_nitrile,1671098269790,1671098269790,0,ONE,,9477.875,142.1371,94.2307,1.5084,0.0,0.0,0.0,0.0,0.0,0.0,train,images\glove_pair_nitrile\1671098269790.jpeg
images\1671187864323.jpg,,masks\1671187864323.png,gauze,1671187864323,1671187864323,0,ONE,,3240.625,108.5,91.0,1.1923,0.0,0.0,0.0,0.0,0.0,0.0,train,images\gauze\1671187864323.jpeg
images\1671187676351.jpg,,masks\1671187676351.png,gauze,1671187676351,1671187676351,0,ONE,,4716.6875,122.75,93.5,1.3128,0.0,0.0,0.0,0.0,0.0,0.0,train,images\gauze\1671187676351.jpeg
images\1671114904210.jpg,,masks\1671114904210.png,shoe_cover_pair,1671114904210,1671114904210,0,ONE,,6808.0625,129.0,78.75,1.6381,0.0,0.0,0.0,0.0,0.0,0.0,train,images\shoe_cover_pair\1671114904210.jpeg
images\1671100897740.jpg,,masks\1671100897740.png,urine_bag,1671100897740,1671100897740,0,ONE,,3139.5625,91.0,72.5,1.2552,0.0,0.0,0.0,0.0,0.0,0.0,train,images\urine_bag\1671100897740.jpeg
images\1671037652864.jpg,,masks\1671037652864.png,glove_pair_surgery,1671037652864,1671037652864,0,ONE,,8954.5625,139.5,105.5,1.3223,0.0,0.0,0.0,0.0,0.0,0.0,train,images\glove_pair_surgery\1671037652864.jpeg
images\1671100567125.jpg,,masks\1671100567125.png,urine_bag,1671100567125,1671100567125,0,ONE,,6598.5625,149.75,127.25,1.1768,0.0,0.0,0.0,0.0,0.0,0.0,train,images\urine_bag\1671100567125.jpeg
images\1671115321041.jpg,,masks\1671115321041.png,shoe_cover_pair,1671115321041,1671115321041,0,ONE,,6952.1875,136.6421,82.3884,1.6585,0.0,0.0,0.0,0.0,0.0,0.0,train,images\shoe_cover_pair\1671115321041.jpeg
images\1671114908379.jpg,,masks\1671114908379.png,shoe_cover_pair,1671114908379,1671114908379,0,ONE,,11667.1875,132.5198,120.9764,1.0954,0.0,0.0,0.0,0.0,0.0,0.0,train,images\shoe_cover_pair\1671114908379.jpeg
images\1671114704232.jpg,,masks\1671114704232.png,shoe_cover_single,1671114704232,1671114704232,0,ONE,,8267.0625,147.5649,77.7967,1.8968,0.0,0.0,0.0,0.0,0.0,0.0,train,images\shoe_cover_single\1671114704232.jpeg
images\1671115756780.jpg,,masks\1671115756780.png,medical_glasses,1671115756780,1671115756780,0,ONE,,933.0625,56.5,22.75,2.4835,0.0,0.0,0.0,0.0,0.0,0.0,train,images\medical_glasses\1671115756780.jpeg
images\1671037035248.jpg,,masks\1671037035248.png,glove_single_surgery,1671037035248,1671037035248,0,ONE,,4641.4375,135.4567,58.7659,2.305,0.0,0.0,0.0,0.0,0.0,0.0,train,images\glove_single_surgery\1671037035248.jpeg
images\1671099390641.jpg,,masks\1671099390641.png,glove_pair_latex,1671099390641,1671099390641,0,ONE,,3396.0,78.75,68.5,1.1496,0.0,0.0,0.0,0.0,0.0,0.0,train,images\glove_pair_latex\1671099390641.jpeg
images\1671187583599.jpg,,masks\1671187583599.png,gauze,1671187583599,1671187583599,0,ONE,,3985.75,124.75,49.5,2.5202,0.0,0.0,0.0,0.0,0.0,0.0,train,images\gauze\1671187583599.jpeg
images\1671104048149.jpg,,masks\1671104048149.png,medical_cap,1671104048149,1671104048149,0,ONE,,10430.5625,128.75,121.75,1.0575,0.0,0.0,0.0,0.0,0.0,0.0,train,images\medical_cap\1671104048149.jpeg
images\1671097399912.jpg,,masks\1671097399912.png,glove_single_nitrile,1671097399912,1671097399912,0,ONE,,10543.625,139.25,97.25,1.4319,0.0,0.0,0.0,0.0,0.0,0.0,train,images\glove_single_nitrile\1671097399912.jpeg
images\1671104040345.jpg,,masks\1671104040345.png,medical_cap,1671104040345,1671104040345,0,ONE,,9207.1875,130.3826,104.174,1.2516,0.0,0.0,0.0,0.0,0.0,0.0,train,images\medical_cap\1671104040345.jpeg
images\1671187915283.jpg,,masks\1671187915283.png,gauze,1671187915283,1671187915283,0,ONE,,4451.125,133.5,90.25,1.4792,0.0,0.0,0.0,0.0,0.0,0.0,train,images\gauze\1671187915283.jpeg
images\1671100932326.jpg,,masks\1671100932326.png,urine_bag,1671100932326,1671100932326,0,ONE,,5660.625,139.7511,75.2749,1.8565,0.0,0.0,0.0,0.0,0.0,0.0,train,images\urine_bag\1671100932326.jpeg
images\1671037024142.jpg,,masks\1671037024142.png,glove_single_surgery,1671037024142,1671037024142,0,ONE,,6971.25,158.094,63.139,2.5039,0.0,0.0,0.0,0.0,0.0,0.0,train,images\glove_single_surgery\1671037024142.jpeg
images\1671098853779.jpg,,masks\1671098853779.png,glove_single_latex,1671098853779,1671098853779,0,ONE,,652.625,48.25,19.25,2.5065,0.0,0.0,0.0,0.0,0.0,0.0,train,images\glove_single_latex\1671098853779.jpeg
images\1671097417953.jpg,,masks\1671097417953.png,glove_single_nitrile,1671097417953,1671097417953,0,ONE,,15175.25,149.75,132.25,1.1323,0.0,0.0,0.0,0.0,0.0,0.0,train,images\glove_single_nitrile\1671097417953.jpeg
images\1671097249428.jpg,,masks\1671097249428.png,glove_single_nitrile,1671097249428,1671097249428,0,ONE,,13047.125,135.6082,135.3113,1.0022,0.0,0.0,0.0,0.0,0.0,0.0,train,images\glove_single_nitrile\1671097249428.jpeg
images\1671100124214.jpg,,masks\1671100124214.png,urine_bag,1671100124214,1671100124214,0,ONE,,4143.6875,125.3181,93.1096,1.3459,0.0,0.0,0.0,0.0,0.0,0.0,train,images\urine_bag\1671100124214.jpeg
images\1671099060893.jpg,,masks\1671099060893.png,glove_single_latex,1671099060893,1671099060893,0,ONE,,832.9375,56.75,24.5,2.3163,0.0,0.0,0.0,0.0,0.0,0.0,train,images\glove_single_latex\1671099060893.jpeg
images\1671099326707.jpg,,masks\1671099326707.png,glove_pair_latex,1671099326707,1671099326707,0,ONE,,1355.6875,66.75,33.25,2.0075,0.0,0.0,0.0,0.0,0.0,0.0,train,images\glove_pair_latex\1671099326707.jpeg
images\1671102990163.jpg,,masks\1671102990163.png,test_tube,1671102990163,1671102990163,0,ONE,,671.6875,47.1617,20.3892,2.3131,0.0,0.0,0.0,0.0,0.0,0.0,train,images\test_tube\1671102990163.jpeg
images\1671102972219.jpg,,masks\1671102972219.png,test_tube,1671102972219,1671102972219,0,ONE,,589.5,45.6943,19.6462,2.3259,0.0,0.0,0.0,0.0,0.0,0.0,train,images\test_tube\1671102972219.jpeg
images\1671187604946.jpg,,masks\1671187604946.png,gauze,1671187604946,1671187604946,0,ONE,,6461.75,123.25,96.5,1.2772,0.0,0.0,0.0,0.0,0.0,0.0,train,images\gauze\1671187604946.jpeg
images\1671100229038.jpg,,masks\1671100229038.png,urine_bag,1671100229038,1671100229038,0,ONE,,2770.1875,71.7948,71.2155,1.0081,0.0,0.0,0.0,0.0,0.0,0.0,train,images\urine_bag\1671100229038.jpeg
images\1671097264937.jpg,,masks\1671097264937.png,glove_single_nitrile,1671097264937,1671097264937,0,ONE,,11248.0,150.7708,105.1406,1.434,0.0,0.0,0.0,0.0,0.0,0.0,train,images\glove_single_nitrile\1671097264937.jpeg
images\1671115586586.jpg,,masks\1671115586586.png,medical_glasses,1671115586586,1671115586586,0,ONE,,1264.75,51.75,35.75,1.4476,0.0,0.0,0.0,0.0,0.0,0.0,train,images\medical_glasses\1671115586586.jpeg
images\1671097339178.jpg,,masks\1671097339178.png,glove_single_nitrile,1671097339178,1671097339178,0,ONE,,12994.6875,140.0,125.5,1.1155,0.0,0.0,0.0,0.0,0.0,0.0,train,images\glove_single_nitrile\1671097339178.jpeg
images\1671115641651.jpg,,masks\1671115641651.png,medical_glasses,1671115641651,1671115641651,0,ONE,,1099.4375,55.4604,39.7499,1.3952,0.0,0.0,0.0,0.0,0.0,0.0,train,images\medical_glasses\1671115641651.jpeg
images\1671115272345.jpg,,masks\1671115272345.png,shoe_cover_pair,1671115272345,1671115272345,0,ONE,,9032.4375,149.75,103.5,1.4469,0.0,0.0,0.0,0.0,0.0,0.0,train,images\shoe_cover_pair\1671115272345.jpeg
images\1671102931831.jpg,,masks\1671102931831.png,test_tube,1671102931831,1671102931831,0,ONE,,618.6875,46.67,41.1617,1.1338,0.0,0.0,0.0,0.0,0.0,0.0,train,images\test_tube\1671102931831.jpeg
images\1671037680746.jpg,,masks\1671037680746.png,glove_pair_surgery,1671037680746,1671037680746,0,ONE,,9245.1875,129.25,98.75,1.3089,0.0,0.0,0.0,0.0,0.0,0.0,train,images\glove_pair_surgery\1671037680746.jpeg
images\1671098885830.jpg,,masks\1671098885830.png,glove_single_latex,1671098885830,1671098885830,0,ONE,,1053.25,55.5,28.75,1.9304,0.0,0.0,0.0,0.0,0.0,0.0,train,images\glove_single_latex\1671098885830.jpeg
images\1671104127458.jpg,,masks\1671104127458.png,medical_cap,1671104127458,1671104127458,0,ONE,,10064.875,129.0,117.25,1.1002,0.0,0.0,0.0,0.0,0.0,0.0,train,images\medical_cap\1671104127458.jpeg
images\1671114975048.jpg,,masks\1671114975048.png,shoe_cover_pair,1671114975048,1671114975048,0,ONE,,12587.75,144.2944,129.3958,1.1151,0.0,0.0,0.0,0.0,0.0,0.0,train,images\shoe_cover_pair\1671114975048.jpeg
images\1671099146640.jpg,,masks\1671099146640.png,glove_single_latex,1671099146640,1671099146640,0,ONE,,1474.625,57.0,50.25,1.1343,0.0,0.0,0.0,0.0,0.0,0.0,train,images\glove_single_latex\1671099146640.jpeg
images\1671104248992.jpg,,masks\1671104248992.png,medical_cap,1671104248992,1671104248992,0,ONE,,14996.3125,149.3066,136.0649,1.0973,0.0,0.0,0.0,0.0,0.0,0.0,train,images\medical_cap\1671104248992.jpeg
images\1671099784893.jpg,,masks\1671099784893.png,glove_pair_latex,1671099784893,1671099784893,0,ONE,,3373.6875,90.25,85.5,1.0556,0.0,0.0,0.0,0.0,0.0,0.0,train,images\glove_pair_latex\1671099784893.jpeg
images\1671098866289.jpg,,masks\1671098866289.png,glove_single_latex,1671098866289,1671098866289,0,ONE,,671.125,44.75,20.0,2.2375,0.0,0.0,0.0,0.0,0.0,0.0,train,images\glove_single_latex\1671098866289.jpeg
images\1671102962446.jpg,,masks\1671102962446.png,test_tube,1671102962446,1671102962446,0,ONE,,624.625,44.0,19.75,2.2278,0.0,0.0,0.0,0.0,0.0,0.0,train,images\test_tube\1671102962446.jpeg
images\1671097626669.jpg,,masks\1671097626669.png,glove_pair_nitrile,1671097626669,1671097626669,0,ONE,,11692.9375,139.25,117.75,1.1826,0.0,0.0,0.0,0.0,0.0,0.0,train,images\glove_pair_nitrile\1671097626669.jpeg
images\1671099724292.jpg,,masks\1671099724292.png,glove_pair_latex,1671099724292,1671099724292,0,ONE,,1029.75,69.6053,38.2763,1.8185,0.0,0.0,0.0,0.0,0.0,0.0,train,images\glove_pair_latex\1671099724292.jpeg
images\1671099595821.jpg,,masks\1671099595821.png,glove_pair_latex,1671099595821,1671099595821,0,ONE,,2962.0625,93.5,60.0,1.5583,0.0,0.0,0.0,0.0,0.0,0.0,train,images\glove_pair_latex\1671099595821.jpeg
images\1671187817164.jpg,,masks\1671187817164.png,gauze,1671187817164,1671187817164,0,ONE,,4895.9375,126.5,62.75,2.0159,0.0,0.0,0.0,0.0,0.0,0.0,train,images\gauze\1671187817164.jpeg
images\1671114743121.jpg,,masks\1671114743121.png,shoe_cover_single,1671114743121,1671114743121,0,ONE,,11487.25,145.0638,107.5486,1.3488,0.0,0.0,0.0,0.0,0.0,0.0,train,images\shoe_cover_single\1671114743121.jpeg
images\1671103149284.jpg,,masks\1671103149284.png,test_tube,1671103149284,1671103149284,0,ONE,,750.875,51.4241,21.6063,2.3801,0.0,0.0,0.0,0.0,0.0,0.0,train,images\test_tube\1671103149284.jpeg
images\1671103120034.jpg,,masks\1671103120034.png,test_tube,1671103120034,1671103120034,0,ONE,,624.75,46.75,19.25,2.4286,0.0,0.0,0.0,0.0,0.0,0.0,train,images\test_tube\1671103120034.jpeg
images\1671037513551.jpg,,masks\1671037513551.png,glove_pair_surgery,1671037513551,1671037513551,0,ONE,,17881.0625,149.75,135.5,1.1052,0.0,0.0,0.0,0.0,0.0,0.0,train,images\glove_pair_surgery\1671037513551.jpeg
images\1671098942794.jpg,,masks\1671098942794.png,glove_single_latex,1671098942794,1671098942794,0,ONE,,2237.9375,86.75,57.5,1.5087,0.0,0.0,0.0,0.0,0.0,0.0,train,images\glove_single_latex\1671098942794.jpeg
images\1671187789281.jpg,,masks\1671187789281.png,gauze,1671187789281,1671187789281,0,ONE,,4432.8125,119.75,74.0,1.6182,0.0,0.0,0.0,0.0,0.0,0.0,train,images\gauze\1671187789281.jpeg
images\1671187803390.jpg,,masks\1671187803390.png,gauze,1671187803390,1671187803390,0,ONE,,2962.3125,117.5,71.75,1.6376,0.0,0.0,0.0,0.0,0.0,0.0,train,images\gauze\1671187803390.jpeg
images\1671115266111.jpg,,masks\1671115266111.png,shoe_cover_pair,1671115266111,1671115266111,0,ONE,,9830.6875,149.75,98.5,1.5203,0.0,0.0,0.0,0.0,0.0,0.0,train,images\shoe_cover_pair\1671115266111.jpeg
images\1671187910881.jpg,,masks\1671187910881.png,gauze,1671187910881,1671187910881,0,ONE,,3460.5,122.75,45.0,2.7278,0.0,0.0,0.0,0.0,0.0,0.0,train,images\gauze\1671187910881.jpeg
images\1671098985187.jpg,,masks\1671098985187.png,glove_single_latex,1671098985187,1671098985187,0,ONE,,1186.5,55.5612,44.9725,1.2354,0.0,0.0,0.0,0.0,0.0,0.0,train,images\glove_single_latex\1671098985187.jpeg
images\1671099319336.jpg,,masks\1671099319336.png,glove_pair_latex,1671099319336,1671099319336,0,ONE,,2072.75,92.5095,54.1382,1.7088,0.0,0.0,0.0,0.0,0.0,0.0,train,images\glove_pair_latex\1671099319336.jpeg
images\1671100577531.jpg,,masks\1671100577531.png,urine_bag,1671100577531,1671100577531,0,ONE,,5571.9375,137.75,114.75,1.2004,0.0,0.0,0.0,0.0,0.0,0.0,train,images\urine_bag\1671100577531.jpeg
images\1671103130506.jpg,,masks\1671103130506.png,test_tube,1671103130506,1671103130506,0,ONE,,687.5,49.7663,20.6622,2.4086,0.0,0.0,0.0,0.0,0.0,0.0,train,images\test_tube\1671103130506.jpeg
images\1671037841936.jpg,,masks\1671037841936.png,glove_pair_surgery,1671037841936,1671037841936,0,ONE,,10898.0,139.5,116.0,1.2026,0.0,0.0,0.0,0.0,0.0,0.0,train,images\glove_pair_surgery\1671037841936.jpeg
images\1671187591506.jpg,,masks\1671187591506.png,gauze,1671187591506,1671187591506,0,ONE,,5013.9375,119.75,69.75,1.7168,0.0,0.0,0.0,0.0,0.0,0.0,train,images\gauze\1671187591506.jpeg
images\1671187652939.jpg,,masks\1671187652939.png,gauze,1671187652939,1671187652939,0,ONE,,5001.5,127.0,82.0,1.5488,0.0,0.0,0.0,0.0,0.0,0.0,train,images\gauze\1671187652939.jpeg
images\1671102990729.jpg,,masks\1671102990729.png,test_tube,1671102990729,1671102990729,0,ONE,,610.8125,50.0,16.5,3.0303,0.0,0.0,0.0,0.0,0.0,0.0,train,images\test_tube\1671102990729.jpeg
images\1671037342255.jpg,,masks\1671037342255.png,glove_pair_surgery,1671037342255,1671037342255,0,ONE,,10882.0,148.5,109.0,1.3624,0.0,0.0,0.0,0.0,0.0,0.0,train,images\glove_pair_surgery\1671037342255.jpeg
images\1671116250120.jpg,,masks\1671116250120.png,gauze,1671116250120,1671116250120,0,ONE,,1080.1875,59.75,23.5,2.5426,0.0,0.0,0.0,0.0,0.0,0.0,train,images\gauze\1671116250120.jpeg
images\1671102953677.jpg,,masks\1671102953677.png,test_tube,1671102953677,1671102953677,0,ONE,,794.3125,52.0,20.5,2.5366,0.0,0.0,0.0,0.0,0.0,0.0,train,images\test_tube\1671102953677.jpeg
images\1671036379513.jpg,,masks\1671036379513.png,glove_single_surgery,1671036379513,1671036379513,0,ONE,,6807.625,129.335,84.5001,1.5306,0.0,0.0,0.0,0.0,0.0,0.0,train,images\glove_single_surgery\1671036379513.jpeg
images\1671187820030.jpg,,masks\1671187820030.png,gauze,1671187820030,1671187820030,0,ONE,,3188.375,117.5,46.75,2.5134,0.0,0.0,0.0,0.0,0.0,0.0,train,images\gauze\1671187820030.jpeg
images\1671100313718.jpg,,masks\1671100313718.png,urine_bag,1671100313718,1671100313718,0,ONE,,4145.5,106.8993,90.7378,1.1781,0.0,0.0,0.0,0.0,0.0,0.0,train,images\urine_bag\1671100313718.jpeg
images\1671037616743.jpg,,masks\1671037616743.png,glove_pair_surgery,1671037616743,1671037616743,0,ONE,,8985.75,131.0,108.5,1.2074,0.0,0.0,0.0,0.0,0.0,0.0,train,images\glove_pair_surgery\1671037616743.jpeg
images\1671097254664.jpg,,masks\1671097254664.png,glove_single_nitrile,1671097254664,1671097254664,0,ONE,,10879.5,139.25,117.25,1.1876,0.0,0.0,0.0,0.0,0.0,0.0,train,images\glove_single_nitrile\1671097254664.jpeg
images\1671114009349.jpg,,masks\1671114009349.png,shoe_cover_single,1671114009349,1671114009349,0,ONE,,9780.25,150.9749,111.0191,1.3599,0.0,0.0,0.0,0.0,0.0,0.0,train,images\shoe_cover_single\1671114009349.jpeg
images\1671099116590.jpg,,masks\1671099116590.png,glove_single_latex,1671099116590,1671099116590,0,ONE,,2366.625,81.0,59.5,1.3613,0.0,0.0,0.0,0.0,0.0,0.0,train,images\glove_single_latex\1671099116590.jpeg
images\1671187773539.jpg,,masks\1671187773539.png,gauze,1671187773539,1671187773539,0,ONE,,3277.625,107.75,54.75,1.968,0.0,0.0,0.0,0.0,0.0,0.0,train,images\gauze\1671187773539.jpeg
images\1671104168281.jpg,,masks\1671104168281.png,medical_cap,1671104168281,1671104168281,0,ONE,,11474.4375,129.0,126.0,1.0238,0.0,0.0,0.0,0.0,0.0,0.0,train,images\medical_cap\1671104168281.jpeg
images\1671187822101.jpg,,masks\1671187822101.png,gauze,1671187822101,1671187822101,0,ONE,,1322.0,98.25,40.5,2.4259,0.0,0.0,0.0,0.0,0.0,0.0,train,images\gauze\1671187822101.jpeg
images\1671038014269.jpg,,masks\1671038014269.png,glove_pair_surgery,1671038014269,1671038014269,0,ONE,,10403.0,139.5,109.0,1.2798,0.0,0.0,0.0,0.0,0.0,0.0,train,images\glove_pair_surgery\1671038014269.jpeg
images\1671099657589.jpg,,masks\1671099657589.png,glove_pair_latex,1671099657589,1671099657589,0,ONE,,2373.9375,76.5167,58.0464,1.3182,0.0,0.0,0.0,0.0,0.0,0.0,train,images\glove_pair_latex\1671099657589.jpeg
images\1671187655975.jpg,,masks\1671187655975.png,gauze,1671187655975,1671187655975,0,ONE,,6112.25,123.0,94.5,1.3016,0.0,0.0,0.0,0.0,0.0,0.0,train,images\gauze\1671187655975.jpeg
images\1671098514559.jpg,,masks\1671098514559.png,glove_single_latex,1671098514559,1671098514559,0,ONE,,795.875,58.1904,49.7649,1.1693,0.0,0.0,0.0,0.0,0.0,0.0,train,images\glove_single_latex\1671098514559.jpeg
images\1671187761731.jpg,,masks\1671187761731.png,gauze,1671187761731,1671187761731,0,ONE,,3909.9375,117.75,65.0,1.8115,0.0,0.0,0.0,0.0,0.0,0.0,train,images\gauze\1671187761731.jpeg
images\1671037002029.jpg,,masks\1671037002029.png,glove_single_surgery,1671037002029,1671037002029,0,ONE,,6539.6875,133.6348,65.7717,2.0318,0.0,0.0,0.0,0.0,0.0,0.0,train,images\glove_single_surgery\1671037002029.jpeg
images\1671102973053.jpg,,masks\1671102973053.png,test_tube,1671102973053,1671102973053,0,ONE,,585.6875,44.2386,19.37,2.2839,0.0,0.0,0.0,0.0,0.0,0.0,train,images\test_tube\1671102973053.jpeg
images\1671099778989.jpg,,masks\1671099778989.png,glove_pair_latex,1671099778989,1671099778989,0,ONE,,2188.0,75.75,65.75,1.1521,0.0,0.0,0.0,0.0,0.0,0.0,train,images\glove_pair_latex\1671099778989.jpeg
images\1671099035545.jpg,,masks\1671099035545.png,glove_single_latex,1671099035545,1671099035545,0,ONE,,2499.0625,104.396,66.1963,1.5771,0.0,0.0,0.0,0.0,0.0,0.0,train,images\glove_single_latex\1671099035545.jpeg
images\1671097257264.jpg,,masks\1671097257264.png,glove_single_nitrile,1671097257264,1671097257264,0,ONE,,12512.9375,140.75,130.0,1.0827,0.0,0.0,0.0,0.0,0.0,0.0,train,images\glove_single_nitrile\1671097257264.jpeg
images\1671036628320.jpg,,masks\1671036628320.png,glove_single_surgery,1671036628320,1671036628320,0,ONE,,5639.125,125.7741,73.7389,1.7057,0.0,0.0,0.0,0.0,0.0,0.0,train,images\glove_single_surgery\1671036628320.jpeg
images\1671036506352.jpg,,masks\1671036506352.png,glove_single_surgery,1671036506352,1671036506352,0,ONE,,7492.375,129.25,76.5,1.6895,0.0,0.0,0.0,0.0,0.0,0.0,train,images\glove_single_surgery\1671036506352.jpeg
images\1671187709971.jpg,,masks\1671187709971.png,gauze,1671187709971,1671187709971,0,ONE,,5420.625,119.75,92.0,1.3016,0.0,0.0,0.0,0.0,0.0,0.0,train,images\gauze\1671187709971.jpeg
images\1671096971074.jpg,,masks\1671096971074.png,glove_single_nitrile,1671096971074,1671096971074,0,ONE,,17120.625,149.75,118.0,1.2691,0.0,0.0,0.0,0.0,0.0,0.0,train,images\glove_single_nitrile\1671096971074.jpeg
images\1671104246457.jpg,,masks\1671104246457.png,medical_cap,1671104246457,1671104246457,0,ONE,,9710.625,125.3644,97.9785,1.2795,0.0,0.0,0.0,0.0,0.0,0.0,train,images\medical_cap\1671104246457.jpeg
images\1671097194832.jpg,,masks\1671097194832.png,glove_single_nitrile,1671097194832,1671097194832,0,ONE,,11364.3125,139.25,121.0,1.1508,0.0,0.0,0.0,0.0,0.0,0.0,train,images\glove_single_nitrile\1671097194832.jpeg
images\1671115165921.jpg,,masks\1671115165921.png,shoe_cover_pair,1671115165921,1671115165921,0,ONE,,13045.8125,149.75,128.0,1.1699,0.0,0.0,0.0,0.0,0.0,0.0,train,images\shoe_cover_pair\1671115165921.jpeg
images\1671100402100.jpg,,masks\1671100402100.png,urine_bag,1671100402100,1671100402100,0,ONE,,3228.5625,100.5085,85.6088,1.174,0.0,0.0,0.0,0.0,0.0,0.0,train,images\urine_bag\1671100402100.jpeg
images\1671097230550.jpg,,masks\1671097230550.png,glove_single_nitrile,1671097230550,1671097230550,0,ONE,,20696.125,149.75,138.5,1.0812,0.0,0.0,0.0,0.0,0.0,0.0,train,images\glove_single_nitrile\1671097230550.jpeg
images\1671102955476.jpg,,masks\1671102955476.png,test_tube,1671102955476,1671102955476,0,ONE,,535.125,49.0,17.5,2.8,0.0,0.0,0.0,0.0,0.0,0.0,train,images\test_tube\1671102955476.jpeg
images\1671103201513.jpg,,masks\1671103201513.png,test_tube,1671103201513,1671103201513,0,ONE,,3294.9375,89.5,87.0,1.0287,0.0,0.0,0.0,0.0,0.0,0.0,train,images\test_tube\1671103201513.jpeg
images\1671037103021.jpg,,masks\1671037103021.png,glove_single_surgery,1671037103021,1671037103021,0,ONE,,7653.625,118.6946,100.6273,1.1795,0.0,0.0,0.0,0.0,0.0,0.0,train,images\glove_single_surgery\1671037103021.jpeg
images\1671097691104.jpg,,masks\1671097691104.png,glove_pair_nitrile,1671097691104,1671097691104,0,ONE,,15095.4375,149.75,131.75,1.1366,0.0,0.0,0.0,0.0,0.0,0.0,train,images\glove_pair_nitrile\1671097691104.jpeg
images\1671100063313.jpg,,masks\1671100063313.png,urine_bag,1671100063313,1671100063313,0,ONE,,7104.25,130.25,105.25,1.2375,0.0,0.0,0.0,0.0,0.0,0.0,train,images\urine_bag\1671100063313.jpeg
images\1671100185382.jpg,,masks\1671100185382.png,urine_bag,1671100185382,1671100185382,0,ONE,,7481.3125,134.75,108.25,1.2448,0.0,0.0,0.0,0.0,0.0,0.0,train,images\urine_bag\1671100185382.jpeg
images\1671104200598.jpg,,masks\1671104200598.png,medical_cap,1671104200598,1671104200598,0,ONE,,9522.75,139.5,105.75,1.3191,0.0,0.0,0.0,0.0,0.0,0.0,train,images\medical_cap\1671104200598.jpeg
images\1671099308697.jpg,,masks\1671099308697.png,glove_pair_latex,1671099308697,1671099308697,0,ONE,,1377.3125,58.5481,44.2418,1.3234,0.0,0.0,0.0,0.0,0.0,0.0,train,images\glove_pair_latex\1671099308697.jpeg
images\1671097455441.jpg,,masks\1671097455441.png,glove_single_nitrile,1671097455441,1671097455441,0,ONE,,12292.875,145.75,128.0,1.1387,0.0,0.0,0.0,0.0,0.0,0.0,train,images\glove_single_nitrile\1671097455441.jpeg
images\1671037062030.jpg,,masks\1671037062030.png,glove_single_surgery,1671037062030,1671037062030,0,ONE,,10270.875,128.75,126.25,1.0198,0.0,0.0,0.0,0.0,0.0,0.0,train,images\glove_single_surgery\1671037062030.jpeg
images\1671100323990.jpg,,masks\1671100323990.png,urine_bag,1671100323990,1671100323990,0,ONE,,10053.1875,145.75,141.25,1.0319,0.0,0.0,0.0,0.0,0.0,0.0,train,images\urine_bag\1671100323990.jpeg
images\1671037784003.jpg,,masks\1671037784003.png,glove_pair_surgery,1671037784003,1671037784003,0,ONE,,12783.6875,149.75,129.5,1.1564,0.0,0.0,0.0,0.0,0.0,0.0,train,images\glove_pair_surgery\1671037784003.jpeg
images\1671102909352.jpg,,masks\1671102909352.png,test_tube,1671102909352,1671102909352,0,ONE,,960.0625,53.0,47.0,1.1277,0.0,0.0,0.0,0.0,0.0,0.0,train,images\test_tube\1671102909352.jpeg
images\1671103115733.jpg,,masks\1671103115733.png,test_tube,1671103115733,1671103115733,0,ONE,,1391.25,103.7475,45.2458,2.293,0.0,0.0,0.0,0.0,0.0,0.0,train,images\test_tube\1671103115733.jpeg
images\1671103108728.jpg,,masks\1671103108728.png,test_tube,1671103108728,1671103108728,0,ONE,,560.0,42.7702,18.0191,2.3736,0.0,0.0,0.0,0.0,0.0,0.0,train,images\test_tube\1671103108728.jpeg
images\1671114473206.jpg,,masks\1671114473206.png,shoe_cover_single,1671114473206,1671114473206,0,ONE,,7500.75,130.0,78.25,1.6613,0.0,0.0,0.0,0.0,0.0,0.0,train,images\shoe_cover_single\1671114473206.jpeg
images\1671113521246.jpg,,masks\1671113521246.png,shoe_cover_single,1671113521246,1671113521246,0,ONE,,12281.875,139.25,126.75,1.0986,0.0,0.0,0.0,0.0,0.0,0.0,train,images\shoe_cover_single\1671113521246.jpeg
images\1671097018267.jpg,,masks\1671097018267.png,glove_single_nitrile,1671097018267,1671097018267,0,ONE,,7509.0,142.7356,84.6188,1.6868,0.0,0.0,0.0,0.0,0.0,0.0,train,images\glove_single_nitrile\1671097018267.jpeg
images\1671100428516.jpg,,masks\1671100428516.png,urine_bag,1671100428516,1671100428516,0,ONE,,3462.4375,109.0,85.25,1.2786,0.0,0.0,0.0,0.0,0.0,0.0,train,images\urine_bag\1671100428516.jpeg
images\1671104101210.jpg,,masks\1671104101210.png,medical_cap,1671104101210,1671104101210,0,ONE,,8489.875,127.0788,92.2716,1.3772,0.0,0.0,0.0,0.0,0.0,0.0,train,images\medical_cap\1671104101210.jpeg
images\1671098860382.jpg,,masks\1671098860382.png,glove_single_latex,1671098860382,1671098860382,0,ONE,,2408.0,75.75,61.0,1.2418,0.0,0.0,0.0,0.0,0.0,0.0,train,images\glove_single_latex\1671098860382.jpeg
images\1671187754061.jpg,,masks\1671187754061.png,gauze,1671187754061,1671187754061,0,ONE,,1966.0625,102.75,37.5,2.74,0.0,0.0,0.0,0.0,0.0,0.0,train,images\gauze\1671187754061.jpeg
images\1671097641811.jpg,,masks\1671097641811.png,glove_pair_nitrile,1671097641811,1671097641811,0,ONE,,11792.0625,128.0079,123.1371,1.0396,0.0,0.0,0.0,0.0,0.0,0.0,train,images\glove_pair_nitrile\1671097641811.jpeg
images\1671100310950.jpg,,masks\1671100310950.png,urine_bag,1671100310950,1671100310950,0,ONE,,5642.5,129.2619,93.4024,1.3839,0.0,0.0,0.0,0.0,0.0,0.0,train,images\urine_bag\1671100310950.jpeg
images\1671099771355.jpg,,masks\1671099771355.png,glove_pair_latex,1671099771355,1671099771355,0,ONE,,2262.8125,80.0,59.5,1.3445,0.0,0.0,0.0,0.0,0.0,0.0,train,images\glove_pair_latex\1671099771355.jpeg
images\1671099671930.jpg,,masks\1671099671930.png,glove_pair_latex,1671099671930,1671099671930,0,ONE,,2956.3125,116.0732,58.6009,1.9807,0.0,0.0,0.0,0.0,0.0,0.0,train,images\glove_pair_latex\1671099671930.jpeg
images\1671103000368.jpg,,masks\1671103000368.png,test_tube,1671103000368,1671103000368,0,ONE,,754.375,49.0159,21.0622,2.3272,0.0,0.0,0.0,0.0,0.0,0.0,train,images\test_tube\1671103000368.jpeg
images\1671187837374.jpg,,masks\1671187837374.png,gauze,1671187837374,1671187837374,0,ONE,,1637.6875,118.25,35.25,3.3546,0.0,0.0,0.0,0.0,0.0,0.0,train,images\gauze\1671187837374.jpeg
images\1671097007861.jpg,,masks\1671097007861.png,glove_single_nitrile,1671097007861,1671097007861,0,ONE,,12272.5,139.8787,129.8276,1.0774,0.0,0.0,0.0,0.0,0.0,0.0,train,images\glove_single_nitrile\1671097007861.jpeg
images\1671097462545.jpg,,masks\1671097462545.png,glove_single_nitrile,1671097462545,1671097462545,0,ONE,,10081.875,139.25,105.25,1.323,0.0,0.0,0.0,0.0,0.0,0.0,train,images\glove_single_nitrile\1671097462545.jpeg
images\1671097525179.jpg,,masks\1671097525179.png,glove_single_nitrile,1671097525179,1671097525179,0,ONE,,7759.3125,139.8112,80.1328,1.7447,0.0,0.0,0.0,0.0,0.0,0.0,train,images\glove_single_nitrile\1671097525179.jpeg
images\1671036355901.jpg,,masks\1671036355901.png,glove_single_surgery,1671036355901,1671036355901,0,ONE,,8836.3125,134.5,124.75,1.0782,0.0,0.0,0.0,0.0,0.0,0.0,train,images\glove_single_surgery\1671036355901.jpeg
images\1671103218722.jpg,,masks\1671103218722.png,test_tube,1671103218722,1671103218722,0,ONE,,3242.1875,93.75,88.5,1.0593,0.0,0.0,0.0,0.0,0.0,0.0,train,images\test_tube\1671103218722.jpeg
images\1671099500036.jpg,,masks\1671099500036.png,glove_pair_latex,1671099500036,1671099500036,0,ONE,,2891.0,102.5,56.25,1.8222,0.0,0.0,0.0,0.0,0.0,0.0,train,images\glove_pair_latex\1671099500036.jpeg
images\1671098258917.jpg,,masks\1671098258917.png,glove_pair_nitrile,1671098258917,1671098258917,0,ONE,,14820.4375,149.75,132.25,1.1323,0.0,0.0,0.0,0.0,0.0,0.0,train,images\glove_pair_nitrile\1671098258917.jpeg
images\1671097513907.jpg,,masks\1671097513907.png,glove_single_nitrile,1671097513907,1671097513907,0,ONE,,11569.5625,149.75,113.5,1.3194,0.0,0.0,0.0,0.0,0.0,0.0,train,images\glove_single_nitrile\1671097513907.jpeg
images\1671099648017.jpg,,masks\1671099648017.png,glove_pair_latex,1671099648017,1671099648017,0,ONE,,640.6875,51.986,35.9159,1.4474,0.0,0.0,0.0,0.0,0.0,0.0,train,images\glove_pair_latex\1671099648017.jpeg
images\1671099795799.jpg,,masks\1671099795799.png,glove_pair_latex,1671099795799,1671099795799,0,ONE,,3063.1875,92.0214,68.1274,1.3507,0.0,0.0,0.0,0.0,0.0,0.0,train,images\glove_pair_latex\1671099795799.jpeg
images\1671187894705.jpg,,masks\1671187894705.png,gauze,1671187894705,1671187894705,0,ONE,,3687.625,117.0,63.5,1.8425,0.0,0.0,0.0,0.0,0.0,0.0,train,images\gauze\1671187894705.jpeg
images\1671102950341.jpg,,masks\1671102950341.png,test_tube,1671102950341,1671102950341,0,ONE,,696.375,47.75,19.5,2.4487,0.0,0.0,0.0,0.0,0.0,0.0,train,images\test_tube\1671102950341.jpeg
images\1671100436719.jpg,,masks\1671100436719.png,urine_bag,1671100436719,1671100436719,0,ONE,,2991.1875,123.0,83.5,1.4731,0.0,0.0,0.0,0.0,0.0,0.0,train,images\urine_bag\1671100436719.jpeg
images\1671115163619.jpg,,masks\1671115163619.png,shoe_cover_pair,1671115163619,1671115163619,0,ONE,,12858.0,154.272,122.061,1.2639,0.0,0.0,0.0,0.0,0.0,0.0,train,images\shoe_cover_pair\1671115163619.jpeg
images\1671187723377.jpg,,masks\1671187723377.png,gauze,1671187723377,1671187723377,0,ONE,,4138.5,122.25,78.25,1.5623,0.0,0.0,0.0,0.0,0.0,0.0,train,images\gauze\1671187723377.jpeg
images\1671114500187.jpg,,masks\1671114500187.png,shoe_cover_single,1671114500187,1671114500187,0,ONE,,11329.5625,144.0347,111.7615,1.2888,0.0,0.0,0.0,0.0,0.0,0.0,train,images\shoe_cover_single\1671114500187.jpeg
images\1671037988652.jpg,,masks\1671037988652.png,glove_pair_surgery,1671037988652,1671037988652,0,ONE,,10105.1875,139.25,110.25,1.263,0.0,0.0,0.0,0.0,0.0,0.0,train,images\glove_pair_surgery\1671037988652.jpeg
images\1671187586701.jpg,,masks\1671187586701.png,gauze,1671187586701,1671187586701,0,ONE,,4720.4375,128.25,84.25,1.5223,0.0,0.0,0.0,0.0,0.0,0.0,train,images\gauze\1671187586701.jpeg
images\1671099572042.jpg,,masks\1671099572042.png,glove_pair_latex,1671099572042,1671099572042,0,ONE,,2537.625,78.3538,61.2078,1.2801,0.0,0.0,0.0,0.0,0.0,0.0,train,images\glove_pair_latex\1671099572042.jpeg
images\1671097492195.jpg,,masks\1671097492195.png,glove_single_nitrile,1671097492195,1671097492195,0,ONE,,6243.375,124.4715,83.1349,1.4972,0.0,0.0,0.0,0.0,0.0,0.0,train,images\glove_single_nitrile\1671097492195.jpeg
images\1671100581866.jpg,,masks\1671100581866.png,urine_bag,1671100581866,1671100581866,0,ONE,,5934.0625,135.3148,134.0181,1.0097,0.0,0.0,0.0,0.0,0.0,0.0,train,images\urine_bag\1671100581866.jpeg
images\1671098246044.jpg,,masks\1671098246044.png,glove_pair_nitrile,1671098246044,1671098246044,0,ONE,,17101.8125,149.75,141.0,1.0621,0.0,0.0,0.0,0.0,0.0,0.0,train,images\glove_pair_nitrile\1671098246044.jpeg
images\1671187705567.jpg,,masks\1671187705567.png,gauze,1671187705567,1671187705567,0,ONE,,4959.75,124.75,90.0,1.3861,0.0,0.0,0.0,0.0,0.0,0.0,train,images\gauze\1671187705567.jpeg
images\1671115066099.jpg,,masks\1671115066099.png,shoe_cover_pair,1671115066099,1671115066099,0,ONE,,11864.8125,140.25,124.0,1.131,0.0,0.0,0.0,0.0,0.0,0.0,train,images\shoe_cover_pair\1671115066099.jpeg
images\1671100351005.jpg,,masks\1671100351005.png,urine_bag,1671100351005,1671100351005,0,ONE,,2179.4375,97.154,55.126,1.7624,0.0,0.0,0.0,0.0,0.0,0.0,train,images\urine_bag\1671100351005.jpeg
images\1671114477342.jpg,,masks\1671114477342.png,shoe_cover_single,1671114477342,1671114477342,0,ONE,,6553.0,130.2279,69.4191,1.876,0.0,0.0,0.0,0.0,0.0,0.0,train,images\shoe_cover_single\1671114477342.jpeg
images\1671099190266.jpg,,masks\1671099190266.png,glove_single_latex,1671099190266,1671099190266,0,ONE,,720.875,47.25,21.75,2.1724,0.0,0.0,0.0,0.0,0.0,0.0,train,images\glove_single_latex\1671099190266.jpeg
images\1671097510771.jpg,,masks\1671097510771.png,glove_single_nitrile,1671097510771,1671097510771,0,ONE,,6041.0625,139.7563,70.2216,1.9902,0.0,0.0,0.0,0.0,0.0,0.0,train,images\glove_single_nitrile\1671097510771.jpeg
images\1671113506305.jpg,,masks\1671113506305.png,shoe_cover_single,1671113506305,1671113506305,0,ONE,,12250.875,139.5,128.5,1.0856,0.0,0.0,0.0,0.0,0.0,0.0,train,images\shoe_cover_single\1671113506305.jpeg
images\1671102868895.jpg,,masks\1671102868895.png,test_tube,1671102868895,1671102868895,0,ONE,,618.375,47.75,19.25,2.4805,0.0,0.0,0.0,0.0,0.0,0.0,train,images\test_tube\1671102868895.jpeg
images\1671037478365.jpg,,masks\1671037478365.png,glove_pair_surgery,1671037478365,1671037478365,0,ONE,,11679.6875,146.25,131.5,1.1122,0.0,0.0,0.0,0.0,0.0,0.0,train,images\glove_pair_surgery\1671037478365.jpeg
images\1671104026334.jpg,,masks\1671104026334.png,medical_cap,1671104026334,1671104026334,0,ONE,,9069.5,129.0,113.5,1.1366,0.0,0.0,0.0,0.0,0.0,0.0,train,images\medical_cap\1671104026334.jpeg
images\1671100346402.jpg,,masks\1671100346402.png,urine_bag,1671100346402,1671100346402,0,ONE,,2737.1875,90.6799,79.8241,1.136,0.0,0.0,0.0,0.0,0.0,0.0,train,images\urine_bag\1671100346402.jpeg
images\1671113529686.jpg,,masks\1671113529686.png,shoe_cover_single,1671113529686,1671113529686,0,ONE,,11764.4375,163.2225,102.533,1.5919,0.0,0.0,0.0,0.0,0.0,0.0,train,images\shoe_cover_single\1671113529686.jpeg
images\1671115675936.jpg,,masks\1671115675936.png,medical_glasses,1671115675936,1671115675936,0,ONE,,1022.8125,59.5,24.25,2.4536,0.0,0.0,0.0,0.0,0.0,0.0,train,images\medical_glasses\1671115675936.jpeg
images\1671115703250.jpg,,masks\1671115703250.png,medical_glasses,1671115703250,1671115703250,0,ONE,,1454.1875,65.0,36.75,1.7687,0.0,0.0,0.0,0.0,0.0,0.0,train,images\medical_glasses\1671115703250.jpeg
images\1671115880215.jpg,,masks\1671115880215.png,medical_glasses,1671115880215,1671115880215,0,ONE,,954.875,70.337,43.859,1.6037,0.0,0.0,0.0,0.0,0.0,0.0,train,images\medical_glasses\1671115880215.jpeg
images\1671114130851.jpg,,masks\1671114130851.png,shoe_cover_single,1671114130851,1671114130851,0,ONE,,7725.25,145.6594,79.6306,1.8292,0.0,0.0,0.0,0.0,0.0,0.0,train,images\shoe_cover_single\1671114130851.jpeg
images\1671098609144.jpg,,masks\1671098609144.png,glove_single_latex,1671098609144,1671098609144,0,ONE,,1065.0625,58.1723,49.7013,1.1704,0.0,0.0,0.0,0.0,0.0,0.0,train,images\glove_single_latex\1671098609144.jpeg
images\1671097980531.jpg,,masks\1671097980531.png,glove_pair_nitrile,1671097980531,1671097980531,0,ONE,,8893.4375,129.75,104.5,1.2416,0.0,0.0,0.0,0.0,0.0,0.0,train,images\glove_pair_nitrile\1671097980531.jpeg
images\1671115349423.jpg,,masks\1671115349423.png,shoe_cover_pair,1671115349423,1671115349423,0,ONE,,10836.4375,149.75,91.0,1.6456,0.0,0.0,0.0,0.0,0.0,0.0,train,images\shoe_cover_pair\1671115349423.jpeg
images\1671100365480.jpg,,masks\1671100365480.png,urine_bag,1671100365480,1671100365480,0,ONE,,2994.9375,104.0,71.0,1.4648,0.0,0.0,0.0,0.0,0.0,0.0,train,images\urine_bag\1671100365480.jpeg
images\1671102911986.jpg,,masks\1671102911986.png,test_tube,1671102911986,1671102911986,0,ONE,,588.375,47.25,18.0,2.625,0.0,0.0,0.0,0.0,0.0,0.0,train,images\test_tube\1671102911986.jpeg
images\1671102926994.jpg,,masks\1671102926994.png,test_tube,1671102926994,1671102926994,0,ONE,,695.625,51.25,20.25,2.5309,0.0,0.0,0.0,0.0,0.0,0.0,train,images\test_tube\1671102926994.jpeg
images\1671102865860.jpg,,masks\1671102865860.png,test_tube,1671102865860,1671102865860,0,ONE,,690.1875,47.0,19.75,2.3797,0.0,0.0,0.0,0.0,0.0,0.0,train,images\test_tube\1671102865860.jpeg
images\1671100505490.jpg,,masks\1671100505490.png,urine_bag,1671100505490,1671100505490,0,ONE,,4918.9375,130.0,73.75,1.7627,0.0,0.0,0.0,0.0,0.0,0.0,train,images\urine_bag\1671100505490.jpeg
images\1671099383306.jpg,,masks\1671099383306.png,glove_pair_latex,1671099383306,1671099383306,0,ONE,,4637.0,116.0,91.0,1.2747,0.0,0.0,0.0,0.0,0.0,0.0,train,images\glove_pair_latex\1671099383306.jpeg
images\1671103131775.jpg,,masks\1671103131775.png,test_tube,1671103131775,1671103131775,0,ONE,,606.125,46.25,20.5,2.2561,0.0,0.0,0.0,0.0,0.0,0.0,train,images\test_tube\1671103131775.jpeg
images\1671115265842.jpg,,masks\1671115265842.png,shoe_cover_pair,1671115265842,1671115265842,0,ONE,,10007.75,149.75,98.75,1.5165,0.0,0.0,0.0,0.0,0.0,0.0,train,images\shoe_cover_pair\1671115265842.jpeg
images\1671099324340.jpg,,masks\1671099324340.png,glove_pair_latex,1671099324340,1671099324340,0,ONE,,1404.6875,77.8892,35.5281,2.1923,0.0,0.0,0.0,0.0,0.0,0.0,train,images\glove_pair_latex\1671099324340.jpeg
images\1671115814879.jpg,,masks\1671115814879.png,medical_glasses,1671115814879,1671115814879,0,ONE,,1395.0625,73.9478,32.9582,2.2437,0.0,0.0,0.0,0.0,0.0,0.0,train,images\medical_glasses\1671115814879.jpeg
images\1671113527218.jpg,,masks\1671113527218.png,shoe_cover_single,1671113527218,1671113527218,0,ONE,,10825.3125,149.75,100.75,1.4864,0.0,0.0,0.0,0.0,0.0,0.0,train,images\shoe_cover_single\1671113527218.jpeg
images\1671187776007.jpg,,masks\1671187776007.png,gauze,1671187776007,1671187776007,0,ONE,,4320.875,117.25,59.25,1.9789,0.0,0.0,0.0,0.0,0.0,0.0,train,images\gauze\1671187776007.jpeg
images\1671036620081.jpg,,masks\1671036620081.png,glove_single_surgery,1671036620081,1671036620081,0,ONE,,6528.0,139.25,89.25,1.5602,0.0,0.0,0.0,0.0,0.0,0.0,train,images\glove_single_surgery\1671036620081.jpeg
images\1671097308827.jpg,,masks\1671097308827.png,glove_single_nitrile,1671097308827,1671097308827,0,ONE,,15888.8125,149.75,138.5,1.0812,0.0,0.0,0.0,0.0,0.0,0.0,train,images\glove_single_nitrile\1671097308827.jpeg
images\1671037946362.jpg,,masks\1671037946362.png,glove_pair_surgery,1671037946362,1671037946362,0,ONE,,12796.75,149.75,126.25,1.1861,0.0,0.0,0.0,0.0,0.0,0.0,train,images\glove_pair_surgery\1671037946362.jpeg
images\1671099660724.jpg,,masks\1671099660724.png,glove_pair_latex,1671099660724,1671099660724,0,ONE,,3821.1875,90.25,87.0,1.0374,0.0,0.0,0.0,0.0,0.0,0.0,train,images\glove_pair_latex\1671099660724.jpeg
images\1671104164247.jpg,,masks\1671104164247.png,medical_cap,1671104164247,1671104164247,0,ONE,,10688.0625,139.5,107.5,1.2977,0.0,0.0,0.0,0.0,0.0,0.0,train,images\medical_cap\1671104164247.jpeg
images\1671098145255.jpg,,masks\1671098145255.png,glove_pair_nitrile,1671098145255,1671098145255,0,ONE,,11117.125,143.75,124.0,1.1593,0.0,0.0,0.0,0.0,0.0,0.0,train,images\glove_pair_nitrile\1671098145255.jpeg
images\1671113576678.jpg,,masks\1671113576678.png,shoe_cover_single,1671113576678,1671113576678,0,ONE,,9318.1875,139.25,109.75,1.2688,0.0,0.0,0.0,0.0,0.0,0.0,train,images\shoe_cover_single\1671113576678.jpeg
images\1671099226419.jpg,,masks\1671099226419.png,glove_single_latex,1671099226419,1671099226419,0,ONE,,1597.875,97.2551,65.5727,1.4832,0.0,0.0,0.0,0.0,0.0,0.0,train,images\glove_single_latex\1671099226419.jpeg
images\1671099770853.jpg,,masks\1671099770853.png,glove_pair_latex,1671099770853,1671099770853,0,ONE,,2182.6875,81.4679,58.1128,1.4019,0.0,0.0,0.0,0.0,0.0,0.0,train,images\glove_pair_latex\1671099770853.jpeg
images\1671098667445.jpg,,masks\1671098667445.png,glove_single_latex,1671098667445,1671098667445,0,ONE,,1994.625,71.75,58.25,1.2318,0.0,0.0,0.0,0.0,0.0,0.0,train,images\glove_single_latex\1671098667445.jpeg
images\1671097617197.jpg,,masks\1671097617197.png,glove_pair_nitrile,1671097617197,1671097617197,0,ONE,,7319.3125,141.1959,77.9403,1.8116,0.0,0.0,0.0,0.0,0.0,0.0,train,images\glove_pair_nitrile\1671097617197.jpeg
images\1671103104291.jpg,,masks\1671103104291.png,test_tube,1671103104291,1671103104291,0,ONE,,571.3125,45.0,19.0,2.3684,0.0,0.0,0.0,0.0,0.0,0.0,train,images\test_tube\1671103104291.jpeg
images\1671115122996.jpg,,masks\1671115122996.png,shoe_cover_pair,1671115122996,1671115122996,0,ONE,,10292.25,149.75,101.0,1.4827,0.0,0.0,0.0,0.0,0.0,0.0,train,images\shoe_cover_pair\1671115122996.jpeg
images\1671097740098.jpg,,masks\1671097740098.png,glove_pair_nitrile,1671097740098,1671097740098,0,ONE,,19579.9375,149.75,135.75,1.1031,0.0,0.0,0.0,0.0,0.0,0.0,train,images\glove_pair_nitrile\1671097740098.jpeg
images\1671098660907.jpg,,masks\1671098660907.png,glove_single_latex,1671098660907,1671098660907,0,ONE,,1521.6875,78.5,55.0,1.4273,0.0,0.0,0.0,0.0,0.0,0.0,train,images\glove_single_latex\1671098660907.jpeg
images\1671099727496.jpg,,masks\1671099727496.png,glove_pair_latex,1671099727496,1671099727496,0,ONE,,3545.375,78.0,69.5,1.1223,0.0,0.0,0.0,0.0,0.0,0.0,train,images\glove_pair_latex\1671099727496.jpeg
images\1671037362067.jpg,,masks\1671037362067.png,glove_pair_surgery,1671037362067,1671037362067,0,ONE,,8427.5,129.248,100.2924,1.2887,0.0,0.0,0.0,0.0,0.0,0.0,train,images\glove_pair_surgery\1671037362067.jpeg
images\1671114284634.jpg,,masks\1671114284634.png,shoe_cover_single,1671114284634,1671114284634,0,ONE,,8344.25,132.0238,111.0331,1.189,0.0,0.0,0.0,0.0,0.0,0.0,train,images\shoe_cover_single\1671114284634.jpeg
images\1671114962408.jpg,,masks\1671114962408.png,shoe_cover_pair,1671114962408,1671114962408,0,ONE,,10470.5,143.75,117.25,1.226,0.0,0.0,0.0,0.0,0.0,0.0,train,images\shoe_cover_pair\1671114962408.jpeg
images\1671099674100.jpg,,masks\1671099674100.png,glove_pair_latex,1671099674100,1671099674100,0,ONE,,2503.875,106.0548,67.4493,1.5724,0.0,0.0,0.0,0.0,0.0,0.0,train,images\glove_pair_latex\1671099674100.jpeg
images\1671037870352.jpg,,masks\1671037870352.png,glove_pair_surgery,1671037870352,1671037870352,0,ONE,,9506.75,130.1474,104.9696,1.2399,0.0,0.0,0.0,0.0,0.0,0.0,train,images\glove_pair_surgery\1671037870352.jpeg
images\1671114741421.jpg,,masks\1671114741421.png,shoe_cover_single,1671114741421,1671114741421,0,ONE,,11839.3125,149.7249,107.7451,1.3896,0.0,0.0,0.0,0.0,0.0,0.0,train,images\shoe_cover_single\1671114741421.jpeg
images\1671104106245.jpg,,masks\1671104106245.png,medical_cap,1671104106245,1671104106245,0,ONE,,9003.875,130.0,95.0,1.3684,0.0,0.0,0.0,0.0,0.0,0.0,train,images\medical_cap\1671104106245.jpeg
images\1671115767187.jpg,,masks\1671115767187.png,medical_glasses,1671115767187,1671115767187,0,ONE,,2324.6875,82.75,76.0,1.0888,0.0,0.0,0.0,0.0,0.0,0.0,train,images\medical_glasses\1671115767187.jpeg
images\1671036518991.jpg,,masks\1671036518991.png,glove_single_surgery,1671036518991,1671036518991,0,ONE,,7050.8125,144.25,88.5,1.6299,0.0,0.0,0.0,0.0,0.0,0.0,train,images\glove_single_surgery\1671036518991.jpeg
images\1671113510408.jpg,,masks\1671113510408.png,shoe_cover_single,1671113510408,1671113510408,0,ONE,,9534.0625,125.8469,100.5365,1.2518,0.0,0.0,0.0,0.0,0.0,0.0,train,images\shoe_cover_single\1671113510408.jpeg
images\1671097672994.jpg,,masks\1671097672994.png,glove_pair_nitrile,1671097672994,1671097672994,0,ONE,,10538.375,130.6797,113.9262,1.1471,0.0,0.0,0.0,0.0,0.0,0.0,train,images\glove_pair_nitrile\1671097672994.jpeg
images\1671099377002.jpg,,masks\1671099377002.png,glove_pair_latex,1671099377002,1671099377002,0,ONE,,2012.6875,67.25,66.75,1.0075,0.0,0.0,0.0,0.0,0.0,0.0,train,images\glove_pair_latex\1671099377002.jpeg
images\1671104015629.jpg,,masks\1671104015629.png,medical_cap,1671104015629,1671104015629,0,ONE,,9418.3125,131.75,102.75,1.2822,0.0,0.0,0.0,0.0,0.0,0.0,train,images\medical_cap\1671104015629.jpeg
images\1671100459533.jpg,,masks\1671100459533.png,urine_bag,1671100459533,1671100459533,0,ONE,,2949.25,100.5271,62.575,1.6065,0.0,0.0,0.0,0.0,0.0,0.0,train,images\urine_bag\1671100459533.jpeg
images\1671098239907.jpg,,masks\1671098239907.png,glove_pair_nitrile,1671098239907,1671098239907,0,ONE,,11518.625,137.2896,119.9374,1.1447,0.0,0.0,0.0,0.0,0.0,0.0,train,images\glove_pair_nitrile\1671098239907.jpeg
images\1671099199938.jpg,,masks\1671099199938.png,glove_single_latex,1671099199938,1671099199938,0,ONE,,1602.5625,84.25,52.25,1.6124,0.0,0.0,0.0,0.0,0.0,0.0,train,images\glove_single_latex\1671099199938.jpeg
images\1671100244046.jpg,,masks\1671100244046.png,urine_bag,1671100244046,1671100244046,0,ONE,,4967.375,138.4945,77.9311,1.7771,0.0,0.0,0.0,0.0,0.0,0.0,train,images\urine_bag\1671100244046.jpeg
images\1671097767146.jpg,,masks\1671097767146.png,glove_pair_nitrile,1671097767146,1671097767146,0,ONE,,13587.5625,149.75,98.25,1.5242,0.0,0.0,0.0,0.0,0.0,0.0,train,images\glove_pair_nitrile\1671097767146.jpeg
images\1671115759715.jpg,,masks\1671115759715.png,medical_glasses,1671115759715,1671115759715,0,ONE,,1704.625,68.25,49.25,1.3858,0.0,0.0,0.0,0.0,0.0,0.0,val,images\medical_glasses\1671115759715.jpeg
images\1671102982424.jpg,,masks\1671102982424.png,test_tube,1671102982424,1671102982424,0,ONE,,604.3125,70.6293,29.099,2.4272,0.0,0.0,0.0,0.0,0.0,0.0,val,images\test_tube\1671102982424.jpeg
images\1671114085092.jpg,,masks\1671114085092.png,shoe_cover_single,1671114085092,1671114085092,0,ONE,,7148.5625,131.8661,78.6436,1.6768,0.0,0.0,0.0,0.0,0.0,0.0,val,images\shoe_cover_single\1671114085092.jpeg
images\1671036984020.jpg,,masks\1671036984020.png,glove_single_surgery,1671036984020,1671036984020,0,ONE,,9533.75,169.4224,101.1067,1.6757,0.0,0.0,0.0,0.0,0.0,0.0,val,images\glove_single_surgery\1671036984020.jpeg
images\1671104064857.jpg,,masks\1671104064857.png,medical_cap,1671104064857,1671104064857,0,ONE,,8110.3125,140.8104,97.9989,1.4369,0.0,0.0,0.0,0.0,0.0,0.0,val,images\medical_cap\1671104064857.jpeg
images\1671187636330.jpg,,masks\1671187636330.png,gauze,1671187636330,1671187636330,0,ONE,,4127.125,114.25,65.0,1.7577,0.0,0.0,0.0,0.0,0.0,0.0,val,images\gauze\1671187636330.jpeg
images\1671097662021.jpg,,masks\1671097662021.png,glove_pair_nitrile,1671097662021,1671097662021,0,ONE,,10055.125,149.75,95.0,1.5763,0.0,0.0,0.0,0.0,0.0,0.0,val,images\glove_pair_nitrile\1671097662021.jpeg
images\1671098237906.jpg,,masks\1671098237906.png,glove_pair_nitrile,1671098237906,1671098237906,0,ONE,,10969.25,143.0727,105.56,1.3554,0.0,0.0,0.0,0.0,0.0,0.0,val,images\glove_pair_nitrile\1671098237906.jpeg
images\1671037994188.jpg,,masks\1671037994188.png,glove_pair_surgery,1671037994188,1671037994188,0,ONE,,11227.375,144.0,119.0,1.2101,0.0,0.0,0.0,0.0,0.0,0.0,val,images\glove_pair_surgery\1671037994188.jpeg
images\1671100334162.jpg,,masks\1671100334162.png,urine_bag,1671100334162,1671100334162,0,ONE,,3772.8125,103.75,87.25,1.1891,0.0,0.0,0.0,0.0,0.0,0.0,val,images\urine_bag\1671100334162.jpeg
images\1671036502482.jpg,,masks\1671036502482.png,glove_single_surgery,1671036502482,1671036502482,0,ONE,,11983.875,139.25,139.0,1.0018,0.0,0.0,0.0,0.0,0.0,0.0,val,images\glove_single_surgery\1671036502482.jpeg
images\1671115892755.jpg,,masks\1671115892755.png,medical_glasses,1671115892755,1671115892755,0,ONE,,940.75,54.25,22.75,2.3846,0.0,0.0,0.0,0.0,0.0,0.0,val,images\medical_glasses\1671115892755.jpeg
images\1671097204838.jpg,,masks\1671097204838.png,glove_single_nitrile,1671097204838,1671097204838,0,ONE,,10206.75,149.75,105.75,1.4161,0.0,0.0,0.0,0.0,0.0,0.0,val,images\glove_single_nitrile\1671097204838.jpeg
images\1671104095007.jpg,,masks\1671104095007.png,medical_cap,1671104095007,1671104095007,0,ONE,,8479.6875,133.25,109.5,1.2169,0.0,0.0,0.0,0.0,0.0,0.0,val,images\medical_cap\1671104095007.jpeg
images\1671103114998.jpg,,masks\1671103114998.png,test_tube,1671103114998,1671103114998,0,ONE,,745.3125,50.75,20.75,2.4458,0.0,0.0,0.0,0.0,0.0,0.0,val,images\test_tube\1671103114998.jpeg
images\1671103209251.jpg,,masks\1671103209251.png,test_tube,1671103209251,1671103209251,0,ONE,,2687.0625,82.0,81.25,1.0092,0.0,0.0,0.0,0.0,0.0,0.0,val,images\test_tube\1671103209251.jpeg
images\1671097528682.jpg,,masks\1671097528682.png,glove_single_nitrile,1671097528682,1671097528682,0,ONE,,6574.4375,140.7754,67.7056,2.0792,0.0,0.0,0.0,0.0,0.0,0.0,val,images\glove_single_nitrile\1671097528682.jpeg
images\1671097762346.jpg,,masks\1671097762346.png,glove_pair_nitrile,1671097762346,1671097762346,0,ONE,,17624.875,149.75,124.75,1.2004,0.0,0.0,0.0,0.0,0.0,0.0,val,images\glove_pair_nitrile\1671097762346.jpeg
images\1671115610433.jpg,,masks\1671115610433.png,medical_glasses,1671115610433,1671115610433,0,ONE,,1196.75,53.25,31.5,1.6905,0.0,0.0,0.0,0.0,0.0,0.0,val,images\medical_glasses\1671115610433.jpeg
images\1671187807725.jpg,,masks\1671187807725.png,gauze,1671187807725,1671187807725,0,ONE,,4402.625,125.0,81.75,1.5291,0.0,0.0,0.0,0.0,0.0,0.0,val,images\gauze\1671187807725.jpeg
images\1671103199912.jpg,,masks\1671103199912.png,test_tube,1671103199912,1671103199912,0,ONE,,3428.375,89.75,86.75,1.0346,0.0,0.0,0.0,0.0,0.0,0.0,val,images\test_tube\1671103199912.jpeg
images\1671114981853.jpg,,masks\1671114981853.png,shoe_cover_pair,1671114981853,1671114981853,0,ONE,,13559.0625,149.4573,127.7305,1.1701,0.0,0.0,0.0,0.0,0.0,0.0,val,images\shoe_cover_pair\1671114981853.jpeg
images\1671097048416.jpg,,masks\1671097048416.png,glove_single_nitrile,1671097048416,1671097048416,0,ONE,,6529.625,144.0404,67.5081,2.1337,0.0,0.0,0.0,0.0,0.0,0.0,val,images\glove_single_nitrile\1671097048416.jpeg
images\1671187866657.jpg,,masks\1671187866657.png,gauze,1671187866657,1671187866657,0,ONE,,3197.75,86.75,76.5,1.134,0.0,0.0,0.0,0.0,0.0,0.0,val,images\gauze\1671187866657.jpeg
images\1671104050216.jpg,,masks\1671104050216.png,medical_cap,1671104050216,1671104050216,0,ONE,,11682.0625,146.5108,114.0696,1.2844,0.0,0.0,0.0,0.0,0.0,0.0,val,images\medical_cap\1671104050216.jpeg
images\1671115800239.jpg,,masks\1671115800239.png,medical_glasses,1671115800239,1671115800239,0,ONE,,1029.0625,66.0,46.0,1.4348,0.0,0.0,0.0,0.0,0.0,0.0,val,images\medical_glasses\1671115800239.jpeg
images\1671104096674.jpg,,masks\1671104096674.png,medical_cap,1671104096674,1671104096674,0,ONE,,6362.6875,125.0791,67.5315,1.8522,0.0,0.0,0.0,0.0,0.0,0.0,val,images\medical_cap\1671104096674.jpeg
images\1671098122742.jpg,,masks\1671098122742.png,glove_pair_nitrile,1671098122742,1671098122742,0,ONE,,11136.125,139.5,117.25,1.1898,0.0,0.0,0.0,0.0,0.0,0.0,val,images\glove_pair_nitrile\1671098122742.jpeg
images\1671115539927.jpg,,masks\1671115539927.png,medical_glasses,1671115539927,1671115539927,0,ONE,,2511.4375,89.0,72.25,1.2318,0.0,0.0,0.0,0.0,0.0,0.0,val,images\medical_glasses\1671115539927.jpeg
images\1671100617418.jpg,,masks\1671100617418.png,urine_bag,1671100617418,1671100617418,0,ONE,,2924.375,133.2413,60.2442,2.2117,0.0,0.0,0.0,0.0,0.0,0.0,val,images\urine_bag\1671100617418.jpeg
images\1671103106494.jpg,,masks\1671103106494.png,test_tube,1671103106494,1671103106494,0,ONE,,698.625,49.75,20.25,2.4568,0.0,0.0,0.0,0.0,0.0,0.0,val,images\test_tube\1671103106494.jpeg
images\1671187757029.jpg,,masks\1671187757029.png,gauze,1671187757029,1671187757029,0,ONE,,1759.0625,86.1692,75.0681,1.1479,0.0,0.0,0.0,0.0,0.0,0.0,val,images\gauze\1671187757029.jpeg
images\1671097381934.jpg,,masks\1671097381934.png,glove_single_nitrile,1671097381934,1671097381934,0,ONE,,15535.0625,149.75,143.0,1.0472,0.0,0.0,0.0,0.0,0.0,0.0,val,images\glove_single_nitrile\1671097381934.jpeg
images\1671099122661.jpg,,masks\1671099122661.png,glove_single_latex,1671099122661,1671099122661,0,ONE,,1742.875,89.25,50.5,1.7673,0.0,0.0,0.0,0.0,0.0,0.0,val,images\glove_single_latex\1671099122661.jpeg
images\1671103210851.jpg,,masks\1671103210851.png,test_tube,1671103210851,1671103210851,0,ONE,,3203.1875,100.0,83.5,1.1976,0.0,0.0,0.0,0.0,0.0,0.0,val,images\test_tube\1671103210851.jpeg
images\1671100347136.jpg,,masks\1671100347136.png,urine_bag,1671100347136,1671100347136,0,ONE,,1948.0,86.7331,56.1458,1.5448,0.0,0.0,0.0,0.0,0.0,0.0,val,images\urine_bag\1671100347136.jpeg
images\1671097952349.jpg,,masks\1671097952349.png,glove_pair_nitrile,1671097952349,1671097952349,0,ONE,,12230.6875,155.0026,122.8948,1.2613,0.0,0.0,0.0,0.0,0.0,0.0,val,images\glove_pair_nitrile\1671097952349.jpeg
images\1671036705997.jpg,,masks\1671036705997.png,glove_single_surgery,1671036705997,1671036705997,0,ONE,,8011.25,124.1711,88.6537,1.4006,0.0,0.0,0.0,0.0,0.0,0.0,val,images\glove_single_surgery\1671036705997.jpeg
images\1671103211385.jpg,,masks\1671103211385.png,test_tube,1671103211385,1671103211385,0,ONE,,3263.0,110.75,83.0,1.3343,0.0,0.0,0.0,0.0,0.0,0.0,val,images\test_tube\1671103211385.jpeg
images\1671097786924.jpg,,masks\1671097786924.png,glove_pair_nitrile,1671097786924,1671097786924,0,ONE,,10656.9375,137.7629,101.8712,1.3523,0.0,0.0,0.0,0.0,0.0,0.0,val,images\glove_pair_nitrile\1671097786924.jpeg
images\1671097650348.jpg,,masks\1671097650348.png,glove_pair_nitrile,1671097650348,1671097650348,0,ONE,,10501.125,134.9585,125.5565,1.0749,0.0,0.0,0.0,0.0,0.0,0.0,val,images\glove_pair_nitrile\1671097650348.jpeg
images\1671115236693.jpg,,masks\1671115236693.png,shoe_cover_pair,1671115236693,1671115236693,0,ONE,,13184.75,139.5,135.0,1.0333,0.0,0.0,0.0,0.0,0.0,0.0,val,images\shoe_cover_pair\1671115236693.jpeg
images\1671097601755.jpg,,masks\1671097601755.png,glove_pair_nitrile,1671097601755,1671097601755,0,ONE,,11721.5625,149.75,125.75,1.1909,0.0,0.0,0.0,0.0,0.0,0.0,val,images\glove_pair_nitrile\1671097601755.jpeg
images\1671115228922.jpg,,masks\1671115228922.png,shoe_cover_pair,1671115228922,1671115228922,0,ONE,,12462.4375,149.75,133.75,1.1196,0.0,0.0,0.0,0.0,0.0,0.0,val,images\shoe_cover_pair\1671115228922.jpeg
images\1671100900542.jpg,,masks\1671100900542.png,urine_bag,1671100900542,1671100900542,0,ONE,,4523.75,122.5431,90.9433,1.3475,0.0,0.0,0.0,0.0,0.0,0.0,val,images\urine_bag\1671100900542.jpeg
images\1671096993153.jpg,,masks\1671096993153.png,glove_single_nitrile,1671096993153,1671096993153,0,ONE,,18757.0625,149.75,131.25,1.141,0.0,0.0,0.0,0.0,0.0,0.0,val,images\glove_single_nitrile\1671096993153.jpeg
images\1671115262810.jpg,,masks\1671115262810.png,shoe_cover_pair,1671115262810,1671115262810,0,ONE,,12199.125,149.25,123.75,1.2061,0.0,0.0,0.0,0.0,0.0,0.0,val,images\shoe_cover_pair\1671115262810.jpeg
images\1671098540740.jpg,,masks\1671098540740.png,glove_single_latex,1671098540740,1671098540740,0,ONE,,917.6875,55.25,23.25,2.3763,0.0,0.0,0.0,0.0,0.0,0.0,val,images\glove_single_latex\1671098540740.jpeg
images\1671102337068.jpg,,masks\1671102337068.png,urine_bag,1671102337068,1671102337068,0,ONE,,4071.6875,107.581,89.4723,1.2024,0.0,0.0,0.0,0.0,0.0,0.0,val,images\urine_bag\1671102337068.jpeg
images\1671115085944.jpg,,masks\1671115085944.png,shoe_cover_pair,1671115085944,1671115085944,0,ONE,,12799.4375,139.25,133.25,1.045,0.0,0.0,0.0,0.0,0.0,0.0,val,images\shoe_cover_pair\1671115085944.jpeg
images\1671102892508.jpg,,masks\1671102892508.png,test_tube,1671102892508,1671102892508,0,ONE,,659.5625,53.0,16.0,3.3125,0.0,0.0,0.0,0.0,0.0,0.0,val,images\test_tube\1671102892508.jpeg
images\1671099799035.jpg,,masks\1671099799035.png,glove_pair_latex,1671099799035,1671099799035,0,ONE,,7327.875,124.75,100.5,1.2413,0.0,0.0,0.0,0.0,0.0,0.0,val,images\glove_pair_latex\1671099799035.jpeg
images\1671037057861.jpg,,masks\1671037057861.png,glove_single_surgery,1671037057861,1671037057861,0,ONE,,10700.9375,140.5612,131.0345,1.0727,0.0,0.0,0.0,0.0,0.0,0.0,val,images\glove_single_surgery\1671037057861.jpeg
images\1671097315432.jpg,,masks\1671097315432.png,glove_single_nitrile,1671097315432,1671097315432,0,ONE,,18774.125,149.75,135.25,1.1072,0.0,0.0,0.0,0.0,0.0,0.0,val,images\glove_single_nitrile\1671097315432.jpeg
images\1671104053117.jpg,,masks\1671104053117.png,medical_cap,1671104053117,1671104053117,0,ONE,,6860.1875,129.5,88.75,1.4592,0.0,0.0,0.0,0.0,0.0,0.0,val,images\medical_cap\1671104053117.jpeg
images\1671097496298.jpg,,masks\1671097496298.png,glove_single_nitrile,1671097496298,1671097496298,0,ONE,,7992.5625,141.5332,89.6955,1.5779,0.0,0.0,0.0,0.0,0.0,0.0,val,images\glove_single_nitrile\1671097496298.jpeg
images\1671114946467.jpg,,masks\1671114946467.png,shoe_cover_pair,1671114946467,1671114946467,0,ONE,,13029.3125,149.75,139.5,1.0735,0.0,0.0,0.0,0.0,0.0,0.0,val,images\shoe_cover_pair\1671114946467.jpeg
images\1671036995993.jpg,,masks\1671036995993.png,glove_single_surgery,1671036995993,1671036995993,0,ONE,,10782.9375,145.1295,116.7046,1.2436,0.0,0.0,0.0,0.0,0.0,0.0,val,images\glove_single_surgery\1671036995993.jpeg
images\1671097503069.jpg,,masks\1671097503069.png,glove_single_nitrile,1671097503069,1671097503069,0,ONE,,17050.0625,149.75,142.5,1.0509,0.0,0.0,0.0,0.0,0.0,0.0,val,images\glove_single_nitrile\1671097503069.jpeg
images\1671115764019.jpg,,masks\1671115764019.png,medical_glasses,1671115764019,1671115764019,0,ONE,,1147.8125,60.7189,29.363,2.0679,0.0,0.0,0.0,0.0,0.0,0.0,val,images\medical_glasses\1671115764019.jpeg
images\1671115836926.jpg,,masks\1671115836926.png,medical_glasses,1671115836926,1671115836926,0,ONE,,1333.25,77.7463,55.4509,1.4021,0.0,0.0,0.0,0.0,0.0,0.0,val,images\medical_glasses\1671115836926.jpeg
images\1671114989356.jpg,,masks\1671114989356.png,shoe_cover_pair,1671114989356,1671114989356,0,ONE,,10363.4375,148.8957,106.0294,1.4043,0.0,0.0,0.0,0.0,0.0,0.0,val,images\shoe_cover_pair\1671114989356.jpeg
images\1671104042611.jpg,,masks\1671104042611.png,medical_cap,1671104042611,1671104042611,0,ONE,,10791.5625,130.5,109.25,1.1945,0.0,0.0,0.0,0.0,0.0,0.0,val,images\medical_cap\1671104042611.jpeg
images\1671104116985.jpg,,masks\1671104116985.png,medical_cap,1671104116985,1671104116985,0,ONE,,10085.0,131.75,129.25,1.0193,0.0,0.0,0.0,0.0,0.0,0.0,val,images\medical_cap\1671104116985.jpeg
images\1671115821883.jpg,,masks\1671115821883.png,medical_glasses,1671115821883,1671115821883,0,ONE,,708.1875,71.0,16.75,4.2388,0.0,0.0,0.0,0.0,0.0,0.0,val,images\medical_glasses\1671115821883.jpeg
images\1671099332610.jpg,,masks\1671099332610.png,glove_pair_latex,1671099332610,1671099332610,0,ONE,,1086.4375,65.8698,37.9778,1.7344,0.0,0.0,0.0,0.0,0.0,0.0,val,images\glove_pair_latex\1671099332610.jpeg
images\1671097347414.jpg,,masks\1671097347414.png,glove_single_nitrile,1671097347414,1671097347414,0,ONE,,18078.75,149.75,126.0,1.1885,0.0,0.0,0.0,0.0,0.0,0.0,val,images\glove_single_nitrile\1671097347414.jpeg
images\1671100354773.jpg,,masks\1671100354773.png,urine_bag,1671100354773,1671100354773,0,ONE,,8352.25,157.1346,98.5154,1.595,0.0,0.0,0.0,0.0,0.0,0.0,val,images\urine_bag\1671100354773.jpeg
images\1671036387185.jpg,,masks\1671036387185.png,glove_single_surgery,1671036387185,1671036387185,0,ONE,,8374.0625,126.4608,98.2603,1.287,0.0,0.0,0.0,0.0,0.0,0.0,val,images\glove_single_surgery\1671036387185.jpeg
images\1671037081608.jpg,,masks\1671037081608.png,glove_single_surgery,1671037081608,1671037081608,0,ONE,,5855.75,128.1978,88.171,1.454,0.0,0.0,0.0,0.0,0.0,0.0,val,images\glove_single_surgery\1671037081608.jpeg
images\1671099519713.jpg,,masks\1671099519713.png,glove_pair_latex,1671099519713,1671099519713,0,ONE,,3368.25,76.0,73.5,1.034,0.0,0.0,0.0,0.0,0.0,0.0,val,images\glove_pair_latex\1671099519713.jpeg
images\1671115549032.jpg,,masks\1671115549032.png,medical_glasses,1671115549032,1671115549032,0,ONE,,2709.0625,85.5,84.0,1.0179,0.0,0.0,0.0,0.0,0.0,0.0,val,images\medical_glasses\1671115549032.jpeg
images\1671187829604.jpg,,masks\1671187829604.png,gauze,1671187829604,1671187829604,0,ONE,,2389.625,116.5,44.0,2.6477,0.0,0.0,0.0,0.0,0.0,0.0,val,images\gauze\1671187829604.jpeg
images\1671037319343.jpg,,masks\1671037319343.png,glove_pair_surgery,1671037319343,1671037319343,0,ONE,,10683.6875,149.75,100.5,1.49,0.0,0.0,0.0,0.0,0.0,0.0,val,images\glove_pair_surgery\1671037319343.jpeg
images\1671115917437.jpg,,masks\1671115917437.png,medical_glasses,1671115917437,1671115917437,0,ONE,,1153.6875,69.7227,27.5879,2.5273,0.0,0.0,0.0,0.0,0.0,0.0,val,images\medical_glasses\1671115917437.jpeg
images\1671115805773.jpg,,masks\1671115805773.png,medical_glasses,1671115805773,1671115805773,0,ONE,,1036.75,61.75,44.75,1.3799,0.0,0.0,0.0,0.0,0.0,0.0,val,images\medical_glasses\1671115805773.jpeg
images\1671114491150.jpg,,masks\1671114491150.png,shoe_cover_single,1671114491150,1671114491150,0,ONE,,9782.125,130.5,114.75,1.1373,0.0,0.0,0.0,0.0,0.0,0.0,val,images\shoe_cover_single\1671114491150.jpeg
images\1671099347052.jpg,,masks\1671099347052.png,glove_pair_latex,1671099347052,1671099347052,0,ONE,,1182.75,62.0,29.75,2.084,0.0,0.0,0.0,0.0,0.0,0.0,val,images\glove_pair_latex\1671099347052.jpeg
images\1671098266089.jpg,,masks\1671098266089.png,glove_pair_nitrile,1671098266089,1671098266089,0,ONE,,10214.875,131.0719,122.7612,1.0677,0.0,0.0,0.0,0.0,0.0,0.0,val,images\glove_pair_nitrile\1671098266089.jpeg
images\1671100492617.jpg,,masks\1671100492617.png,urine_bag,1671100492617,1671100492617,0,ONE,,4766.4375,149.75,135.5,1.1052,0.0,0.0,0.0,0.0,0.0,0.0,val,images\urine_bag\1671100492617.jpeg
images\1671098546312.jpg,,masks\1671098546312.png,glove_single_latex,1671098546312,1671098546312,0,ONE,,723.1875,57.25,23.0,2.4891,0.0,0.0,0.0,0.0,0.0,0.0,val,images\glove_single_latex\1671098546312.jpeg
images\1671099609296.jpg,,masks\1671099609296.png,glove_pair_latex,1671099609296,1671099609296,0,ONE,,2744.4375,76.782,66.2597,1.1588,0.0,0.0,0.0,0.0,0.0,0.0,val,images\glove_pair_latex\1671099609296.jpeg
images\1671099484894.jpg,,masks\1671099484894.png,glove_pair_latex,1671099484894,1671099484894,0,ONE,,3291.6875,86.0,70.5,1.2199,0.0,0.0,0.0,0.0,0.0,0.0,val,images\glove_pair_latex\1671099484894.jpeg
images\1671187839210.jpg,,masks\1671187839210.png,gauze,1671187839210,1671187839210,0,ONE,,3443.375,117.25,75.0,1.5633,0.0,0.0,0.0,0.0,0.0,0.0,val,images\gauze\1671187839210.jpeg
images\1671097021336.jpg,,masks\1671097021336.png,glove_single_nitrile,1671097021336,1671097021336,0,ONE,,12214.8125,149.75,130.0,1.1519,0.0,0.0,0.0,0.0,0.0,0.0,val,images\glove_single_nitrile\1671097021336.jpeg
images\1671097215076.jpg,,masks\1671097215076.png,glove_single_nitrile,1671097215076,1671097215076,0,ONE,,6604.9375,140.3836,67.6983,2.0737,0.0,0.0,0.0,0.0,0.0,0.0,val,images\glove_single_nitrile\1671097215076.jpeg
images\1671187814995.jpg,,masks\1671187814995.png,gauze,1671187814995,1671187814995,0,ONE,,3454.1875,113.0,67.0,1.6866,0.0,0.0,0.0,0.0,0.0,0.0,val,images\gauze\1671187814995.jpeg
images\1671097387970.jpg,,masks\1671097387970.png,glove_single_nitrile,1671097387970,1671097387970,0,ONE,,8062.5625,136.3527,83.5012,1.6329,0.0,0.0,0.0,0.0,0.0,0.0,val,images\glove_single_nitrile\1671097387970.jpeg
images\1671097000056.jpg,,masks\1671097000056.png,glove_single_nitrile,1671097000056,1671097000056,0,ONE,,9049.0625,149.75,93.75,1.5973,0.0,0.0,0.0,0.0,0.0,0.0,val,images\glove_single_nitrile\1671097000056.jpeg
images\1671099754842.jpg,,masks\1671099754842.png,glove_pair_latex,1671099754842,1671099754842,0,ONE,,2752.9375,76.0,66.0,1.1515,0.0,0.0,0.0,0.0,0.0,0.0,val,images\glove_pair_latex\1671099754842.jpeg
images\1671036447952.jpg,,masks\1671036447952.png,glove_single_surgery,1671036447952,1671036447952,0,ONE,,10253.3125,134.6418,126.2801,1.0662,0.0,0.0,0.0,0.0,0.0,0.0,val,images\glove_single_surgery\1671036447952.jpeg
images\1671099768084.jpg,,masks\1671099768084.png,glove_pair_latex,1671099768084,1671099768084,0,ONE,,2326.5625,95.2954,60.2116,1.5827,0.0,0.0,0.0,0.0,0.0,0.0,val,images\glove_pair_latex\1671099768084.jpeg
images\1671187579464.jpg,,masks\1671187579464.png,gauze,1671187579464,1671187579464,0,ONE,,3265.3125,116.75,48.0,2.4323,0.0,0.0,0.0,0.0,0.0,0.0,val,images\gauze\1671187579464.jpeg
images\1671115888620.jpg,,masks\1671115888620.png,medical_glasses,1671115888620,1671115888620,0,ONE,,923.125,52.75,40.25,1.3106,0.0,0.0,0.0,0.0,0.0,0.0,val,images\medical_glasses\1671115888620.jpeg
images\1671099648252.jpg,,masks\1671099648252.png,glove_pair_latex,1671099648252,1671099648252,0,ONE,,672.375,51.9913,35.1182,1.4805,0.0,0.0,0.0,0.0,0.0,0.0,val,images\glove_pair_latex\1671099648252.jpeg
images\1671102917957.jpg,,masks\1671102917957.png,test_tube,1671102917957,1671102917957,0,ONE,,598.375,58.1598,33.6727,1.7272,0.0,0.0,0.0,0.0,0.0,0.0,val,images\test_tube\1671102917957.jpeg
images\1671099081204.jpg,,masks\1671099081204.png,glove_single_latex,1671099081204,1671099081204,0,ONE,,1742.875,98.2596,42.933,2.2887,0.0,0.0,0.0,0.0,0.0,0.0,val,images\glove_single_latex\1671099081204.jpeg
images\1671115107122.jpg,,masks\1671115107122.png,shoe_cover_pair,1671115107122,1671115107122,0,ONE,,12695.25,139.25,132.25,1.0529,0.0,0.0,0.0,0.0,0.0,0.0,val,images\shoe_cover_pair\1671115107122.jpeg
images\1671100584201.jpg,,masks\1671100584201.png,urine_bag,1671100584201,1671100584201,0,ONE,,4894.875,119.5762,86.6725,1.3796,0.0,0.0,0.0,0.0,0.0,0.0,val,images\urine_bag\1671100584201.jpeg
images\1671097375664.jpg,,masks\1671097375664.png,glove_single_nitrile,1671097375664,1671097375664,0,ONE,,13772.125,149.75,124.25,1.2052,0.0,0.0,0.0,0.0,0.0,0.0,val,images\glove_single_nitrile\1671097375664.jpeg
images\1671187627924.jpg,,masks\1671187627924.png,gauze,1671187627924,1671187627924,0,ONE,,2823.1875,112.5,48.25,2.3316,0.0,0.0,0.0,0.0,0.0,0.0,val,images\gauze\1671187627924.jpeg
images\1671114496318.jpg,,masks\1671114496318.png,shoe_cover_single,1671114496318,1671114496318,0,ONE,,11348.25,139.5,117.5,1.1872,0.0,0.0,0.0,0.0,0.0,0.0,val,images\shoe_cover_single\1671114496318.jpeg
images\1671098574692.jpg,,masks\1671098574692.png,glove_single_latex,1671098574692,1671098574692,0,ONE,,710.75,41.5294,40.7299,1.0196,0.0,0.0,0.0,0.0,0.0,0.0,val,images\glove_single_latex\1671098574692.jpeg
images\1671037611506.jpg,,masks\1671037611506.png,glove_pair_surgery,1671037611506,1671037611506,0,ONE,,12380.625,139.75,135.75,1.0295,0.0,0.0,0.0,0.0,0.0,0.0,val,images\glove_pair_surgery\1671037611506.jpeg
images\1671096974008.jpg,,masks\1671096974008.png,glove_single_nitrile,1671096974008,1671096974008,0,ONE,,16183.125,149.75,120.0,1.2479,0.0,0.0,0.0,0.0,0.0,0.0,val,images\glove_single_nitrile\1671096974008.jpeg
images\1671104208836.jpg,,masks\1671104208836.png,medical_cap,1671104208836,1671104208836,0,ONE,,7488.875,130.717,85.7471,1.5244,0.0,0.0,0.0,0.0,0.0,0.0,val,images\medical_cap\1671104208836.jpeg
images\1671036476068.jpg,,masks\1671036476068.png,glove_single_surgery,1671036476068,1671036476068,0,ONE,,6298.8125,123.144,81.8413,1.5047,0.0,0.0,0.0,0.0,0.0,0.0,val,images\glove_single_surgery\1671036476068.jpeg
images\1671037600800.jpg,,masks\1671037600800.png,glove_pair_surgery,1671037600800,1671037600800,0,ONE,,9173.5625,139.5,107.25,1.3007,0.0,0.0,0.0,0.0,0.0,0.0,val,images\glove_pair_surgery\1671037600800.jpeg
images\1671115074704.jpg,,masks\1671115074704.png,shoe_cover_pair,1671115074704,1671115074704,0,ONE,,12675.375,142.4422,131.9343,1.0796,0.0,0.0,0.0,0.0,0.0,0.0,val,images\shoe_cover_pair\1671115074704.jpeg
images\1671104202499.jpg,,masks\1671104202499.png,medical_cap,1671104202499,1671104202499,0,ONE,,10061.4375,135.0844,107.4767,1.2569,0.0,0.0,0.0,0.0,0.0,0.0,val,images\medical_cap\1671104202499.jpeg
images\1671099755477.jpg,,masks\1671099755477.png,glove_pair_latex,1671099755477,1671099755477,0,ONE,,3567.4375,90.0,76.5,1.1765,0.0,0.0,0.0,0.0,0.0,0.0,val,images\glove_pair_latex\1671099755477.jpeg
images\1671097350918.jpg,,masks\1671097350918.png,glove_single_nitrile,1671097350918,1671097350918,0,ONE,,10490.75,145.5,126.5,1.1502,0.0,0.0,0.0,0.0,0.0,0.0,val,images\glove_single_nitrile\1671097350918.jpeg
images\1671187648202.jpg,,masks\1671187648202.png,gauze,1671187648202,1671187648202,0,ONE,,1386.3125,94.25,23.5,4.0106,0.0,0.0,0.0,0.0,0.0,0.0,val,images\gauze\1671187648202.jpeg
images\1671115196705.jpg,,masks\1671115196705.png,shoe_cover_pair,1671115196705,1671115196705,0,ONE,,8922.5625,127.6277,121.554,1.05,0.0,0.0,0.0,0.0,0.0,0.0,val,images\shoe_cover_pair\1671115196705.jpeg
images\1671099036680.jpg,,masks\1671099036680.png,glove_single_latex,1671099036680,1671099036680,0,ONE,,2388.8125,103.0559,66.3283,1.5537,0.0,0.0,0.0,0.0,0.0,0.0,val,images\glove_single_latex\1671099036680.jpeg
images\1671100140222.jpg,,masks\1671100140222.png,urine_bag,1671100140222,1671100140222,0,ONE,,3679.5625,86.3564,85.7738,1.0068,0.0,0.0,0.0,0.0,0.0,0.0,val,images\urine_bag\1671100140222.jpeg
images\1671098273659.jpg,,masks\1671098273659.png,glove_pair_nitrile,1671098273659,1671098273659,0,ONE,,14964.625,149.75,101.75,1.4717,0.0,0.0,0.0,0.0,0.0,0.0,val,images\glove_pair_nitrile\1671098273659.jpeg
images\1671099328741.jpg,,masks\1671099328741.png,glove_pair_latex,1671099328741,1671099328741,0,ONE,,1252.625,59.4307,52.8182,1.1252,0.0,0.0,0.0,0.0,0.0,0.0,val,images\glove_pair_latex\1671099328741.jpeg
images\1671100176576.jpg,,masks\1671100176576.png,urine_bag,1671100176576,1671100176576,0,ONE,,5823.875,137.0,105.5,1.2986,0.0,0.0,0.0,0.0,0.0,0.0,val,images\urine_bag\1671100176576.jpeg
images\1671114871858.jpg,,masks\1671114871858.png,shoe_cover_pair,1671114871858,1671114871858,0,ONE,,10775.375,157.7472,98.5262,1.6011,0.0,0.0,0.0,0.0,0.0,0.0,val,images\shoe_cover_pair\1671114871858.jpeg
images\1671104007791.jpg,,masks\1671104007791.png,medical_cap,1671104007791,1671104007791,0,ONE,,13819.3125,147.8257,126.2422,1.171,0.0,0.0,0.0,0.0,0.0,0.0,val,images\medical_cap\1671104007791.jpeg
images\1671037728173.jpg,,masks\1671037728173.png,glove_pair_surgery,1671037728173,1671037728173,0,ONE,,11966.0,139.5,121.75,1.1458,0.0,0.0,0.0,0.0,0.0,0.0,val,images\glove_pair_surgery\1671037728173.jpeg
images\1671037030879.jpg,,masks\1671037030879.png,glove_single_surgery,1671037030879,1671037030879,0,ONE,,4705.25,133.3284,53.5612,2.4893,0.0,0.0,0.0,0.0,0.0,0.0,val,images\glove_single_surgery\1671037030879.jpeg
images\1671099095980.jpg,,masks\1671099095980.png,glove_single_latex,1671099095980,1671099095980,0,ONE,,2386.125,74.25,61.25,1.2122,0.0,0.0,0.0,0.0,0.0,0.0,val,images\glove_single_latex\1671099095980.jpeg
images\1671097249796.jpg,,masks\1671097249796.png,glove_single_nitrile,1671097249796,1671097249796,0,ONE,,12942.3125,135.0078,133.8804,1.0084,0.0,0.0,0.0,0.0,0.0,0.0,val,images\glove_single_nitrile\1671097249796.jpeg
images\1671103132740.jpg,,masks\1671103132740.png,test_tube,1671103132740,1671103132740,0,ONE,,712.375,50.75,21.5,2.3605,0.0,0.0,0.0,0.0,0.0,0.0,val,images\test_tube\1671103132740.jpeg
images\1671099004795.jpg,,masks\1671099004795.png,glove_single_latex,1671099004795,1671099004795,0,ONE,,2379.4375,80.0,56.5,1.4159,0.0,0.0,0.0,0.0,0.0,0.0,val,images\glove_single_latex\1671099004795.jpeg
images\1671037526126.jpg,,masks\1671037526126.png,glove_pair_surgery,1671037526126,1671037526126,0,ONE,,12937.125,149.75,122.25,1.2249,0.0,0.0,0.0,0.0,0.0,0.0,val,images\glove_pair_surgery\1671037526126.jpeg
images\1671037528460.jpg,,masks\1671037528460.png,glove_pair_surgery,1671037528460,1671037528460,0,ONE,,11669.8125,149.75,110.75,1.3521,0.0,0.0,0.0,0.0,0.0,0.0,val,images\glove_pair_surgery\1671037528460.jpeg
images\1671098040630.jpg,,masks\1671098040630.png,glove_pair_nitrile,1671098040630,1671098040630,0,ONE,,8964.625,139.25,98.0,1.4209,0.0,0.0,0.0,0.0,0.0,0.0,val,images\glove_pair_nitrile\1671098040630.jpeg
images\1671037688283.jpg,,masks\1671037688283.png,glove_pair_surgery,1671037688283,1671037688283,0,ONE,,10283.75,149.75,103.25,1.4504,0.0,0.0,0.0,0.0,0.0,0.0,val,images\glove_pair_surgery\1671037688283.jpeg
images\1671114656207.jpg,,masks\1671114656207.png,shoe_cover_single,1671114656207,1671114656207,0,ONE,,11706.8125,130.2444,114.9865,1.1327,0.0,0.0,0.0,0.0,0.0,0.0,val,images\shoe_cover_single\1671114656207.jpeg
images\1671037415197.jpg,,masks\1671037415197.png,glove_pair_surgery,1671037415197,1671037415197,0,ONE,,9374.75,139.5,104.75,1.3317,0.0,0.0,0.0,0.0,0.0,0.0,val,images\glove_pair_surgery\1671037415197.jpeg
images\1671097620298.jpg,,masks\1671097620298.png,glove_pair_nitrile,1671097620298,1671097620298,0,ONE,,6493.375,130.5,97.5,1.3385,0.0,0.0,0.0,0.0,0.0,0.0,val,images\glove_pair_nitrile\1671097620298.jpeg
images\1671114952570.jpg,,masks\1671114952570.png,shoe_cover_pair,1671114952570,1671114952570,0,ONE,,9997.125,164.2428,82.7726,1.9843,0.0,0.0,0.0,0.0,0.0,0.0,val,images\shoe_cover_pair\1671114952570.jpeg
images\1671114450527.jpg,,masks\1671114450527.png,shoe_cover_single,1671114450527,1671114450527,0,ONE,,8898.5625,147.5637,91.1382,1.6191,0.0,0.0,0.0,0.0,0.0,0.0,val,images\shoe_cover_single\1671114450527.jpeg
images\1671113565539.jpg,,masks\1671113565539.png,shoe_cover_single,1671113565539,1671113565539,0,ONE,,9333.625,146.5885,102.1392,1.4352,0.0,0.0,0.0,0.0,0.0,0.0,val,images\shoe_cover_single\1671113565539.jpeg
images\1671037309670.jpg,,masks\1671037309670.png,glove_pair_surgery,1671037309670,1671037309670,0,ONE,,10589.875,132.7401,125.1326,1.0608,0.0,0.0,0.0,0.0,0.0,0.0,val,images\glove_pair_surgery\1671037309670.jpeg
images\1671037419998.jpg,,masks\1671037419998.png,glove_pair_surgery,1671037419998,1671037419998,0,ONE,,14302.5625,149.75,144.0,1.0399,0.0,0.0,0.0,0.0,0.0,0.0,val,images\glove_pair_surgery\1671037419998.jpeg
images\1671100136019.jpg,,masks\1671100136019.png,urine_bag,1671100136019,1671100136019,0,ONE,,3691.6875,90.2836,88.5538,1.0195,0.0,0.0,0.0,0.0,0.0,0.0,val,images\urine_bag\1671100136019.jpeg
images\1671115346956.jpg,,masks\1671115346956.png,shoe_cover_pair,1671115346956,1671115346956,0,ONE,,11497.5,149.75,95.0,1.5763,0.0,0.0,0.0,0.0,0.0,0.0,val,images\shoe_cover_pair\1671115346956.jpeg
images\1671115080840.jpg,,masks\1671115080840.png,shoe_cover_pair,1671115080840,1671115080840,0,ONE,,9780.8125,139.25,95.25,1.4619,0.0,0.0,0.0,0.0,0.0,0.0,val,images\shoe_cover_pair\1671115080840.jpeg
images\1671037430105.jpg,,masks\1671037430105.png,glove_pair_surgery,1671037430105,1671037430105,0,ONE,,14432.6875,149.75,141.5,1.0583,0.0,0.0,0.0,0.0,0.0,0.0,val,images\glove_pair_surgery\1671037430105.jpeg
images\1671098664641.jpg,,masks\1671098664641.png,glove_single_latex,1671098664641,1671098664641,0,ONE,,843.0,46.0046,35.1786,1.3077,0.0,0.0,0.0,0.0,0.0,0.0,val,images\glove_single_latex\1671098664641.jpeg
images\1671099718190.jpg,,masks\1671099718190.png,glove_pair_latex,1671099718190,1671099718190,0,ONE,,1064.125,51.1615,43.4605,1.1772,0.0,0.0,0.0,0.0,0.0,0.0,val,images\glove_pair_latex\1671099718190.jpeg
images\1671098102732.jpg,,masks\1671098102732.png,glove_pair_nitrile,1671098102732,1671098102732,0,ONE,,15634.5,149.75,135.25,1.1072,0.0,0.0,0.0,0.0,0.0,0.0,val,images\glove_pair_nitrile\1671098102732.jpeg
images\1671097605356.jpg,,masks\1671097605356.png,glove_pair_nitrile,1671097605356,1671097605356,0,ONE,,8074.0,144.1505,76.2665,1.8901,0.0,0.0,0.0,0.0,0.0,0.0,val,images\glove_pair_nitrile\1671097605356.jpeg
images\1671114144457.jpg,,masks\1671114144457.png,shoe_cover_single,1671114144457,1671114144457,0,ONE,,8155.3125,159.7198,82.975,1.9249,0.0,0.0,0.0,0.0,0.0,0.0,val,images\shoe_cover_single\1671114144457.jpeg
images\1671115691810.jpg,,masks\1671115691810.png,medical_glasses,1671115691810,1671115691810,0,ONE,,987.5625,56.5,23.0,2.4565,0.0,0.0,0.0,0.0,0.0,0.0,val,images\medical_glasses\1671115691810.jpeg
images\1671099648517.jpg,,masks\1671099648517.png,glove_pair_latex,1671099648517,1671099648517,0,ONE,,683.9375,53.034,35.9562,1.475,0.0,0.0,0.0,0.0,0.0,0.0,val,images\glove_pair_latex\1671099648517.jpeg
images\1671104191359.jpg,,masks\1671104191359.png,medical_cap,1671104191359,1671104191359,0,ONE,,9745.375,128.75,121.0,1.064,0.0,0.0,0.0,0.0,0.0,0.0,val,images\medical_cap\1671104191359.jpeg
images\1671099358957.jpg,,masks\1671099358957.png,glove_pair_latex,1671099358957,1671099358957,0,ONE,,2005.625,96.7886,45.9541,2.1062,0.0,0.0,0.0,0.0,0.0,0.0,val,images\glove_pair_latex\1671099358957.jpeg
images\1671102991864.jpg,,masks\1671102991864.png,test_tube,1671102991864,1671102991864,0,ONE,,791.9375,69.9421,24.7587,2.825,0.0,0.0,0.0,0.0,0.0,0.0,val,images\test_tube\1671102991864.jpeg
images\1671036375643.jpg,,masks\1671036375643.png,glove_single_surgery,1671036375643,1671036375643,0,ONE,,7445.8125,129.7879,102.4189,1.2672,0.0,0.0,0.0,0.0,0.0,0.0,val,images\glove_single_surgery\1671036375643.jpeg
images\1671102965482.jpg,,masks\1671102965482.png,test_tube,1671102965482,1671102965482,0,ONE,,773.4375,55.7371,21.3739,2.6077,0.0,0.0,0.0,0.0,0.0,0.0,val,images\test_tube\1671102965482.jpeg
images\1671097664524.jpg,,masks\1671097664524.png,glove_pair_nitrile,1671097664524,1671097664524,0,ONE,,13937.5,149.75,139.75,1.0716,0.0,0.0,0.0,0.0,0.0,0.0,val,images\glove_pair_nitrile\1671097664524.jpeg
images\1671187892771.jpg,,masks\1671187892771.png,gauze,1671187892771,1671187892771,0,ONE,,3255.5625,113.75,61.25,1.8571,0.0,0.0,0.0,0.0,0.0,0.0,val,images\gauze\1671187892771.jpeg
images\1671187670483.jpg,,masks\1671187670483.png,gauze,1671187670483,1671187670483,0,ONE,,4780.5,121.25,93.0,1.3038,0.0,0.0,0.0,0.0,0.0,0.0,val,images\gauze\1671187670483.jpeg
images\1671098578894.jpg,,masks\1671098578894.png,glove_single_latex,1671098578894,1671098578894,0,ONE,,751.9375,43.4832,40.1669,1.0826,0.0,0.0,0.0,0.0,0.0,0.0,val,images\glove_single_latex\1671098578894.jpeg
images\1671114003683.jpg,,masks\1671114003683.png,shoe_cover_single,1671114003683,1671114003683,0,ONE,,9987.0,142.25,105.5,1.3483,0.0,0.0,0.0,0.0,0.0,0.0,val,images\shoe_cover_single\1671114003683.jpeg
images\1671115583250.jpg,,masks\1671115583250.png,medical_glasses,1671115583250,1671115583250,0,ONE,,1974.25,86.5,70.25,1.2313,0.0,0.0,0.0,0.0,0.0,0.0,val,images\medical_glasses\1671115583250.jpeg
images\1671103147816.jpg,,masks\1671103147816.png,test_tube,1671103147816,1671103147816,0,ONE,,691.5625,48.5,22.5,2.1556,0.0,0.0,0.0,0.0,0.0,0.0,val,images\test_tube\1671103147816.jpeg
images\1671097676529.jpg,,masks\1671097676529.png,glove_pair_nitrile,1671097676529,1671097676529,0,ONE,,10681.5625,164.1951,96.5629,1.7004,0.0,0.0,0.0,0.0,0.0,0.0,val,images\glove_pair_nitrile\1671097676529.jpeg
images\1671099034179.jpg,,masks\1671099034179.png,glove_single_latex,1671099034179,1671099034179,0,ONE,,1971.5625,81.5,57.5,1.4174,0.0,0.0,0.0,0.0,0.0,0.0,val,images\glove_single_latex\1671099034179.jpeg
images\1671187885300.jpg,,masks\1671187885300.png,gauze,1671187885300,1671187885300,0,ONE,,3882.5625,115.5,67.0,1.7239,0.0,0.0,0.0,0.0,0.0,0.0,val,images\gauze\1671187885300.jpeg
images\1671036529230.jpg,,masks\1671036529230.png,glove_single_surgery,1671036529230,1671036529230,0,ONE,,9783.6875,139.0,130.25,1.0672,0.0,0.0,0.0,0.0,0.0,0.0,val,images\glove_single_surgery\1671036529230.jpeg
images\1671115073537.jpg,,masks\1671115073537.png,shoe_cover_pair,1671115073537,1671115073537,0,ONE,,13041.4375,143.0599,131.5379,1.0876,0.0,0.0,0.0,0.0,0.0,0.0,val,images\shoe_cover_pair\1671115073537.jpeg
images\1671037314106.jpg,,masks\1671037314106.png,glove_pair_surgery,1671037314106,1671037314106,0,ONE,,11607.625,139.25,134.25,1.0372,0.0,0.0,0.0,0.0,0.0,0.0,val,images\glove_pair_surgery\1671037314106.jpeg
images\1671038027006.jpg,,masks\1671038027006.png,glove_pair_surgery,1671038027006,1671038027006,0,ONE,,9161.1875,139.25,99.5,1.3995,0.0,0.0,0.0,0.0,0.0,0.0,val,images\glove_pair_surgery\1671038027006.jpeg
images\1671115137373.jpg,,masks\1671115137373.png,shoe_cover_pair,1671115137373,1671115137373,0,ONE,,11305.125,146.0,106.25,1.3741,0.0,0.0,0.0,0.0,0.0,0.0,val,images\shoe_cover_pair\1671115137373.jpeg
images\1671104125023.jpg,,masks\1671104125023.png,medical_cap,1671104125023,1671104125023,0,ONE,,10195.6875,123.3503,120.005,1.0279,0.0,0.0,0.0,0.0,0.0,0.0,val,images\medical_cap\1671104125023.jpeg
images\1671037640223.jpg,,masks\1671037640223.png,glove_pair_surgery,1671037640223,1671037640223,0,ONE,,11519.75,149.75,95.5,1.5681,0.0,0.0,0.0,0.0,0.0,0.0,val,images\glove_pair_surgery\1671037640223.jpeg
images\1671099131066.jpg,,masks\1671099131066.png,glove_single_latex,1671099131066,1671099131066,0,ONE,,1885.75,72.5,57.75,1.2554,0.0,0.0,0.0,0.0,0.0,0.0,val,images\glove_single_latex\1671099131066.jpeg
images\1671104237018.jpg,,masks\1671104237018.png,medical_cap,1671104237018,1671104237018,0,ONE,,9381.1875,130.0,92.5,1.4054,0.0,0.0,0.0,0.0,0.0,0.0,val,images\medical_cap\1671104237018.jpeg
images\1671187620655.jpg,,masks\1671187620655.png,gauze,1671187620655,1671187620655,0,ONE,,4090.4375,119.5,79.75,1.4984,0.0,0.0,0.0,0.0,0.0,0.0,val,images\gauze\1671187620655.jpeg
images\1671097995239.jpg,,masks\1671097995239.png,glove_pair_nitrile,1671097995239,1671097995239,0,ONE,,8784.8125,142.25,100.25,1.419,0.0,0.0,0.0,0.0,0.0,0.0,val,images\glove_pair_nitrile\1671097995239.jpeg
images\1671187783144.jpg,,masks\1671187783144.png,gauze,1671187783144,1671187783144,0,ONE,,2004.3125,116.7611,32.3821,3.6057,0.0,0.0,0.0,0.0,0.0,0.0,val,images\gauze\1671187783144.jpeg
images\1671097437831.jpg,,masks\1671097437831.png,glove_single_nitrile,1671097437831,1671097437831,0,ONE,,8080.3125,140.8546,83.9247,1.6783,0.0,0.0,0.0,0.0,0.0,0.0,val,images\glove_single_nitrile\1671097437831.jpeg
images\1671104153307.jpg,,masks\1671104153307.png,medical_cap,1671104153307,1671104153307,0,ONE,,7636.875,127.8401,87.8737,1.4548,0.0,0.0,0.0,0.0,0.0,0.0,val,images\medical_cap\1671104153307.jpeg
images\1671187805524.jpg,,masks\1671187805524.png,gauze,1671187805524,1671187805524,0,ONE,,2245.375,111.75,49.25,2.269,0.0,0.0,0.0,0.0,0.0,0.0,val,images\gauze\1671187805524.jpeg
images\1671115568376.jpg,,masks\1671115568376.png,medical_glasses,1671115568376,1671115568376,0,ONE,,1373.375,70.75,34.5,2.0507,0.0,0.0,0.0,0.0,0.0,0.0,val,images\medical_glasses\1671115568376.jpeg
images\1671098126811.jpg,,masks\1671098126811.png,glove_pair_nitrile,1671098126811,1671098126811,0,ONE,,11107.875,130.8645,126.5493,1.0341,0.0,0.0,0.0,0.0,0.0,0.0,val,images\glove_pair_nitrile\1671098126811.jpeg
images\1671099125295.jpg,,masks\1671099125295.png,glove_single_latex,1671099125295,1671099125295,0,ONE,,889.625,62.3,34.1358,1.8251,0.0,0.0,0.0,0.0,0.0,0.0,val,images\glove_single_latex\1671099125295.jpeg
images\1671097034642.jpg,,masks\1671097034642.png,glove_single_nitrile,1671097034642,1671097034642,0,ONE,,12446.5,149.75,120.5,1.2427,0.0,0.0,0.0,0.0,0.0,0.0,val,images\glove_single_nitrile\1671097034642.jpeg
images\1671100449526.jpg,,masks\1671100449526.png,urine_bag,1671100449526,1671100449526,0,ONE,,5166.375,118.25,91.5,1.2923,0.0,0.0,0.0,0.0,0.0,0.0,val,images\urine_bag\1671100449526.jpeg
images\1671103131140.jpg,,masks\1671103131140.png,test_tube,1671103131140,1671103131140,0,ONE,,709.8125,47.5,21.25,2.2353,0.0,0.0,0.0,0.0,0.0,0.0,val,images\test_tube\1671103131140.jpeg
images\1671037457519.jpg,,masks\1671037457519.png,glove_pair_surgery,1671037457519,1671037457519,0,ONE,,10612.0625,149.75,111.0,1.3491,0.0,0.0,0.0,0.0,0.0,0.0,val,images\glove_pair_surgery\1671037457519.jpeg
images\1671038030944.jpg,,masks\1671038030944.png,glove_pair_surgery,1671038030944,1671038030944,0,ONE,,8075.9375,139.25,94.75,1.4697,0.0,0.0,0.0,0.0,0.0,0.0,val,images\glove_pair_surgery\1671038030944.jpeg
images\1671037354329.jpg,,masks\1671037354329.png,glove_pair_surgery,1671037354329,1671037354329,0,ONE,,11385.75,149.75,112.0,1.3371,0.0,0.0,0.0,0.0,0.0,0.0,val,images\glove_pair_surgery\1671037354329.jpeg
images\1671104260932.jpg,,masks\1671104260932.png,medical_cap,1671104260932,1671104260932,0,ONE,,10791.625,128.75,111.5,1.1547,0.0,0.0,0.0,0.0,0.0,0.0,val,images\medical_cap\1671104260932.jpeg
images\1671103209818.jpg,,masks\1671103209818.png,test_tube,1671103209818,1671103209818,0,ONE,,2598.25,85.0,81.5,1.0429,0.0,0.0,0.0,0.0,0.0,0.0,val,images\test_tube\1671103209818.jpeg
images\1671104021632.jpg,,masks\1671104021632.png,medical_cap,1671104021632,1671104021632,0,ONE,,11758.9375,128.1126,120.536,1.0629,0.0,0.0,0.0,0.0,0.0,0.0,val,images\medical_cap\1671104021632.jpeg
images\1671100905312.jpg,,masks\1671100905312.png,urine_bag,1671100905312,1671100905312,0,ONE,,7086.375,136.5,118.5,1.1519,0.0,0.0,0.0,0.0,0.0,0.0,val,images\urine_bag\1671100905312.jpeg
images\1671104059287.jpg,,masks\1671104059287.png,medical_cap,1671104059287,1671104059287,0,ONE,,12654.6875,138.5,132.25,1.0473,0.0,0.0,0.0,0.0,0.0,0.0,val,images\medical_cap\1671104059287.jpeg
images\1671187824467.jpg,,masks\1671187824467.png,gauze,1671187824467,1671187824467,0,ONE,,3966.5,116.5,68.75,1.6945,0.0,0.0,0.0,0.0,0.0,0.0,val,images\gauze\1671187824467.jpeg
images\1671037940993.jpg,,masks\1671037940993.png,glove_pair_surgery,1671037940993,1671037940993,0,ONE,,11255.875,137.1672,133.2351,1.0295,0.0,0.0,0.0,0.0,0.0,0.0,val,images\glove_pair_surgery\1671037940993.jpeg
images\1671098109168.jpg,,masks\1671098109168.png,glove_pair_nitrile,1671098109168,1671098109168,0,ONE,,15031.5,148.5,134.5,1.1041,0.0,0.0,0.0,0.0,0.0,0.0,val,images\glove_pair_nitrile\1671098109168.jpeg
images\1671103148350.jpg,,masks\1671103148350.png,test_tube,1671103148350,1671103148350,0,ONE,,719.875,62.6486,25.5042,2.4564,0.0,0.0,0.0,0.0,0.0,0.0,val,images\test_tube\1671103148350.jpeg
images\1671115573946.jpg,,masks\1671115573946.png,medical_glasses,1671115573946,1671115573946,0,ONE,,989.25,57.5,23.75,2.4211,0.0,0.0,0.0,0.0,0.0,0.0,val,images\medical_glasses\1671115573946.jpeg
images\1671099066563.jpg,,masks\1671099066563.png,glove_single_latex,1671099066563,1671099066563,0,ONE,,778.875,50.0,21.5,2.3256,0.0,0.0,0.0,0.0,0.0,0.0,val,images\glove_single_latex\1671099066563.jpeg
images\1671113535422.jpg,,masks\1671113535422.png,shoe_cover_single,1671113535422,1671113535422,0,ONE,,7630.75,131.3331,82.9893,1.5825,0.0,0.0,0.0,0.0,0.0,0.0,val,images\shoe_cover_single\1671113535422.jpeg
images\1671115546397.jpg,,masks\1671115546397.png,medical_glasses,1671115546397,1671115546397,0,ONE,,2517.4375,91.75,71.5,1.2832,0.0,0.0,0.0,0.0,0.0,0.0,val,images\medical_glasses\1671115546397.jpeg
images\1671115313069.jpg,,masks\1671115313069.png,shoe_cover_pair,1671115313069,1671115313069,0,ONE,,7684.25,144.25,72.25,1.9965,0.0,0.0,0.0,0.0,0.0,0.0,val,images\shoe_cover_pair\1671115313069.jpeg
images\1671097373163.jpg,,masks\1671097373163.png,glove_single_nitrile,1671097373163,1671097373163,0,ONE,,10529.625,149.25,105.75,1.4113,0.0,0.0,0.0,0.0,0.0,0.0,val,images\glove_single_nitrile\1671097373163.jpeg
images\1671115811876.jpg,,masks\1671115811876.png,medical_glasses,1671115811876,1671115811876,0,ONE,,6979.75,140.4158,65.3974,2.1471,0.0,0.0,0.0,0.0,0.0,0.0,val,images\medical_glasses\1671115811876.jpeg
images\1671098587966.jpg,,masks\1671098587966.png,glove_single_latex,1671098587966,1671098587966,0,ONE,,875.875,58.0681,36.2585,1.6015,0.0,0.0,0.0,0.0,0.0,0.0,val,images\glove_single_latex\1671098587966.jpeg
images\1671114137220.jpg,,masks\1671114137220.png,shoe_cover_single,1671114137220,1671114137220,0,ONE,,8578.1875,142.009,99.793,1.423,0.0,0.0,0.0,0.0,0.0,0.0,val,images\shoe_cover_single\1671114137220.jpeg
images\1671099590386.jpg,,masks\1671099590386.png,glove_pair_latex,1671099590386,1671099590386,0,ONE,,1479.0625,68.5,50.25,1.3632,0.0,0.0,0.0,0.0,0.0,0.0,val,images\glove_pair_latex\1671099590386.jpeg
images\1671099036179.jpg,,masks\1671099036179.png,glove_single_latex,1671099036179,1671099036179,0,ONE,,2507.375,102.5241,65.9077,1.5556,0.0,0.0,0.0,0.0,0.0,0.0,val,images\glove_single_latex\1671099036179.jpeg
images\1671114717707.jpg,,masks\1671114717707.png,shoe_cover_single,1671114717707,1671114717707,0,ONE,,11744.6875,129.25,119.5,1.0816,0.0,0.0,0.0,0.0,0.0,0.0,val,images\shoe_cover_single\1671114717707.jpeg
images\1671187857418.jpg,,masks\1671187857418.png,gauze,1671187857418,1671187857418,0,ONE,,1715.3125,100.25,30.5,3.2869,0.0,0.0,0.0,0.0,0.0,0.0,val,images\gauze\1671187857418.jpeg
images\1671100339365.jpg,,masks\1671100339365.png,urine_bag,1671100339365,1671100339365,0,ONE,,2777.9375,96.25,68.0,1.4154,0.0,0.0,0.0,0.0,0.0,0.0,val,images\urine_bag\1671100339365.jpeg
images\1671036953870.jpg,,masks\1671036953870.png,glove_single_surgery,1671036953870,1671036953870,0,ONE,,3705.8125,128.9883,52.15,2.4734,0.0,0.0,0.0,0.0,0.0,0.0,test,images\glove_single_surgery\1671036953870.jpeg
images\1671037521891.jpg,,masks\1671037521891.png,glove_pair_surgery,1671037521891,1671037521891,0,ONE,,15000.6875,149.75,121.75,1.23,0.0,0.0,0.0,0.0,0.0,0.0,test,images\glove_pair_surgery\1671037521891.jpeg
images\1671098950666.jpg,,masks\1671098950666.png,glove_single_latex,1671098950666,1671098950666,0,ONE,,764.5625,48.25,21.75,2.2184,0.0,0.0,0.0,0.0,0.0,0.0,test,images\glove_single_latex\1671098950666.jpeg
images\1671037438009.jpg,,masks\1671037438009.png,glove_pair_surgery,1671037438009,1671037438009,0,ONE,,7350.4375,139.5,97.25,1.4344,0.0,0.0,0.0,0.0,0.0,0.0,test,images\glove_pair_surgery\1671037438009.jpeg
images\1671037586794.jpg,,masks\1671037586794.png,glove_pair_surgery,1671037586794,1671037586794,0,ONE,,12979.5625,137.5791,127.3308,1.0805,0.0,0.0,0.0,0.0,0.0,0.0,test,images\glove_pair_surgery\1671037586794.jpeg
images\1671036438346.jpg,,masks\1671036438346.png,glove_single_surgery,1671036438346,1671036438346,0,ONE,,9711.125,148.767,110.2689,1.3491,0.0,0.0,0.0,0.0,0.0,0.0,test,images\glove_single_surgery\1671036438346.jpeg
images\1671187861788.jpg,,masks\1671187861788.png,gauze,1671187861788,1671187861788,0,ONE,,4421.375,116.75,69.25,1.6859,0.0,0.0,0.0,0.0,0.0,0.0,test,images\gauze\1671187861788.jpeg
images\1671115596959.jpg,,masks\1671115596959.png,medical_glasses,1671115596959,1671115596959,0,ONE,,932.0625,69.25,33.75,2.0519,0.0,0.0,0.0,0.0,0.0,0.0,test,images\medical_glasses\1671115596959.jpeg
images\1671098964574.jpg,,masks\1671098964574.png,glove_single_latex,1671098964574,1671098964574,0,ONE,,490.4375,32.0,23.25,1.3763,0.0,0.0,0.0,0.0,0.0,0.0,test,images\glove_single_latex\1671098964574.jpeg
images\1671115159250.jpg,,masks\1671115159250.png,shoe_cover_pair,1671115159250,1671115159250,0,ONE,,9447.625,129.25,114.25,1.1313,0.0,0.0,0.0,0.0,0.0,0.0,test,images\shoe_cover_pair\1671115159250.jpeg
images\1671115596459.jpg,,masks\1671115596459.png,medical_glasses,1671115596459,1671115596459,0,ONE,,894.75,54.25,22.25,2.4382,0.0,0.0,0.0,0.0,0.0,0.0,test,images\medical_glasses\1671115596459.jpeg
images\1671036613477.jpg,,masks\1671036613477.png,glove_single_surgery,1671036613477,1671036613477,0,ONE,,6267.0,139.5,88.75,1.5718,0.0,0.0,0.0,0.0,0.0,0.0,test,images\glove_single_surgery\1671036613477.jpeg
images\1671100431483.jpg,,masks\1671100431483.png,urine_bag,1671100431483,1671100431483,0,ONE,,3224.9375,117.8227,81.0856,1.4531,0.0,0.0,0.0,0.0,0.0,0.0,test,images\urine_bag\1671100431483.jpeg
images\1671037492440.jpg,,masks\1671037492440.png,glove_pair_surgery,1671037492440,1671037492440,0,ONE,,6637.0,129.0,81.0,1.5926,0.0,0.0,0.0,0.0,0.0,0.0,test,images\glove_pair_surgery\1671037492440.jpeg
images\1671098912312.jpg,,masks\1671098912312.png,glove_single_latex,1671098912312,1671098912312,0,ONE,,774.9375,66.25,45.75,1.4481,0.0,0.0,0.0,0.0,0.0,0.0,test,images\glove_single_latex\1671098912312.jpeg
images\1671099120226.jpg,,masks\1671099120226.png,glove_single_latex,1671099120226,1671099120226,0,ONE,,706.375,77.1605,38.3148,2.0139,0.0,0.0,0.0,0.0,0.0,0.0,test,images\glove_single_latex\1671099120226.jpeg
images\1671097253363.jpg,,masks\1671097253363.png,glove_single_nitrile,1671097253363,1671097253363,0,ONE,,10659.0,139.25,117.25,1.1876,0.0,0.0,0.0,0.0,0.0,0.0,test,images\glove_single_nitrile\1671097253363.jpeg
images\1671104170015.jpg,,masks\1671104170015.png,medical_cap,1671104170015,1671104170015,0,ONE,,10188.0,128.75,116.75,1.1028,0.0,0.0,0.0,0.0,0.0,0.0,test,images\medical_cap\1671104170015.jpeg
images\1671114748291.jpg,,masks\1671114748291.png,shoe_cover_single,1671114748291,1671114748291,0,ONE,,11154.1875,137.1462,127.2286,1.078,0.0,0.0,0.0,0.0,0.0,0.0,test,images\shoe_cover_single\1671114748291.jpeg
images\1671104104512.jpg,,masks\1671104104512.png,medical_cap,1671104104512,1671104104512,0,ONE,,11189.3125,138.9798,128.2388,1.0838,0.0,0.0,0.0,0.0,0.0,0.0,test,images\medical_cap\1671104104512.jpeg
images\1671102939869.jpg,,masks\1671102939869.png,test_tube,1671102939869,1671102939869,0,ONE,,871.9375,54.0,21.5,2.5116,0.0,0.0,0.0,0.0,0.0,0.0,test,images\test_tube\1671102939869.jpeg
images\1671187613316.jpg,,masks\1671187613316.png,gauze,1671187613316,1671187613316,0,ONE,,1190.75,74.4024,47.9872,1.5505,0.0,0.0,0.0,0.0,0.0,0.0,test,images\gauze\1671187613316.jpeg
images\1671100095264.jpg,,masks\1671100095264.png,urine_bag,1671100095264,1671100095264,0,ONE,,4239.875,124.9173,86.0104,1.4524,0.0,0.0,0.0,0.0,0.0,0.0,test,images\urine_bag\1671100095264.jpeg
images\1671098244244.jpg,,masks\1671098244244.png,glove_pair_nitrile,1671098244244,1671098244244,0,ONE,,11984.3125,149.5,120.0,1.2458,0.0,0.0,0.0,0.0,0.0,0.0,test,images\glove_pair_nitrile\1671098244244.jpeg
images\1671115821081.jpg,,masks\1671115821081.png,medical_glasses,1671115821081,1671115821081,0,ONE,,1873.3125,81.9374,34.8056,2.3541,0.0,0.0,0.0,0.0,0.0,0.0,test,images\medical_glasses\1671115821081.jpeg
images\1671098563653.jpg,,masks\1671098563653.png,glove_single_latex,1671098563653,1671098563653,0,ONE,,1628.6875,79.051,46.4074,1.7034,0.0,0.0,0.0,0.0,0.0,0.0,test,images\glove_single_latex\1671098563653.jpeg
images\1671104020065.jpg,,masks\1671104020065.png,medical_cap,1671104020065,1671104020065,0,ONE,,11823.6875,146.5605,110.9901,1.3205,0.0,0.0,0.0,0.0,0.0,0.0,test,images\medical_cap\1671104020065.jpeg
images\1671114926256.jpg,,masks\1671114926256.png,shoe_cover_pair,1671114926256,1671114926256,0,ONE,,10294.3125,130.0,120.75,1.0766,0.0,0.0,0.0,0.0,0.0,0.0,test,images\shoe_cover_pair\1671114926256.jpeg
images\1671187640099.jpg,,masks\1671187640099.png,gauze,1671187640099,1671187640099,0,ONE,,2715.4375,78.75,49.25,1.599,0.0,0.0,0.0,0.0,0.0,0.0,test,images\gauze\1671187640099.jpeg
images\1671097668992.jpg,,masks\1671097668992.png,glove_pair_nitrile,1671097668992,1671097668992,0,ONE,,16955.1875,149.75,119.0,1.2584,0.0,0.0,0.0,0.0,0.0,0.0,test,images\glove_pair_nitrile\1671097668992.jpeg
images\1671115132102.jpg,,masks\1671115132102.png,shoe_cover_pair,1671115132102,1671115132102,0,ONE,,13495.3125,149.75,126.5,1.1838,0.0,0.0,0.0,0.0,0.0,0.0,test,images\shoe_cover_pair\1671115132102.jpeg
images\1671113556568.jpg,,masks\1671113556568.png,shoe_cover_single,1671113556568,1671113556568,0,ONE,,9932.625,148.9444,100.0692,1.4884,0.0,0.0,0.0,0.0,0.0,0.0,test,images\shoe_cover_single\1671113556568.jpeg
images\1671097322869.jpg,,masks\1671097322869.png,glove_single_nitrile,1671097322869,1671097322869,0,ONE,,17993.9375,149.75,122.75,1.22,0.0,0.0,0.0,0.0,0.0,0.0,test,images\glove_single_nitrile\1671097322869.jpeg
images\1671097290884.jpg,,masks\1671097290884.png,glove_single_nitrile,1671097290884,1671097290884,0,ONE,,16300.3125,149.75,110.75,1.3521,0.0,0.0,0.0,0.0,0.0,0.0,test,images\glove_single_nitrile\1671097290884.jpeg
images\1671114967211.jpg,,masks\1671114967211.png,shoe_cover_pair,1671114967211,1671114967211,0,ONE,,8524.1875,149.0,78.0,1.9103,0.0,0.0,0.0,0.0,0.0,0.0,test,images\shoe_cover_pair\1671114967211.jpeg
images\1671037532332.jpg,,masks\1671037532332.png,glove_pair_surgery,1671037532332,1671037532332,0,ONE,,8855.6875,137.7375,112.0626,1.2291,0.0,0.0,0.0,0.0,0.0,0.0,test,images\glove_pair_surgery\1671037532332.jpeg
images\1671114140789.jpg,,masks\1671114140789.png,shoe_cover_single,1671114140789,1671114140789,0,ONE,,7136.9375,143.2218,70.5929,2.0288,0.0,0.0,0.0,0.0,0.0,0.0,test,images\shoe_cover_single\1671114140789.jpeg
images\1671037798547.jpg,,masks\1671037798547.png,glove_pair_surgery,1671037798547,1671037798547,0,ONE,,13925.25,149.75,135.0,1.1093,0.0,0.0,0.0,0.0,0.0,0.0,test,images\glove_pair_surgery\1671037798547.jpeg
images\1671187791717.jpg,,masks\1671187791717.png,gauze,1671187791717,1671187791717,0,ONE,,1688.5,95.0,53.0,1.7925,0.0,0.0,0.0,0.0,0.0,0.0,test,images\gauze\1671187791717.jpeg
images\1671187658408.jpg,,masks\1671187658408.png,gauze,1671187658408,1671187658408,0,ONE,,4796.5625,119.5,68.5,1.7445,0.0,0.0,0.0,0.0,0.0,0.0,test,images\gauze\1671187658408.jpeg
images\1671099052255.jpg,,masks\1671099052255.png,glove_single_latex,1671099052255,1671099052255,0,ONE,,1583.625,61.25,56.0,1.0938,0.0,0.0,0.0,0.0,0.0,0.0,test,images\glove_single_latex\1671099052255.jpeg
images\1671037423734.jpg,,masks\1671037423734.png,glove_pair_surgery,1671037423734,1671037423734,0,ONE,,11384.375,145.0,135.5,1.0701,0.0,0.0,0.0,0.0,0.0,0.0,test,images\glove_pair_surgery\1671037423734.jpeg
images\1671099037981.jpg,,masks\1671099037981.png,glove_single_latex,1671099037981,1671099037981,0,ONE,,1757.8125,64.5144,58.8098,1.097,0.0,0.0,0.0,0.0,0.0,0.0,test,images\glove_single_latex\1671099037981.jpeg
images\1671099792731.jpg,,masks\1671099792731.png,glove_pair_latex,1671099792731,1671099792731,0,ONE,,3700.75,88.5,84.25,1.0504,0.0,0.0,0.0,0.0,0.0,0.0,test,images\glove_pair_latex\1671099792731.jpeg
images\1671102885571.jpg,,masks\1671102885571.png,test_tube,1671102885571,1671102885571,0,ONE,,710.375,50.25,19.5,2.5769,0.0,0.0,0.0,0.0,0.0,0.0,test,images\test_tube\1671102885571.jpeg
images\1671097056087.jpg,,masks\1671097056087.png,glove_single_nitrile,1671097056087,1671097056087,0,ONE,,6079.25,117.4384,89.9382,1.3058,0.0,0.0,0.0,0.0,0.0,0.0,test,images\glove_single_nitrile\1671097056087.jpeg
images\1671036598670.jpg,,masks\1671036598670.png,glove_single_surgery,1671036598670,1671036598670,0,ONE,,7333.375,126.9796,100.1919,1.2674,0.0,0.0,0.0,0.0,0.0,0.0,test,images\glove_single_surgery\1671036598670.jpeg
images\1671114175209.jpg,,masks\1671114175209.png,shoe_cover_single,1671114175209,1671114175209,0,ONE,,8543.25,144.7982,80.2642,1.804,0.0,0.0,0.0,0.0,0.0,0.0,test,images\shoe_cover_single\1671114175209.jpeg
images\1671100264324.jpg,,masks\1671100264324.png,urine_bag,1671100264324,1671100264324,0,ONE,,2463.125,85.0,77.5,1.0968,0.0,0.0,0.0,0.0,0.0,0.0,test,images\urine_bag\1671100264324.jpeg
images\1671115686075.jpg,,masks\1671115686075.png,medical_glasses,1671115686075,1671115686075,0,ONE,,2621.875,90.25,77.5,1.1645,0.0,0.0,0.0,0.0,0.0,0.0,test,images\medical_glasses\1671115686075.jpeg
images\1671036359802.jpg,,masks\1671036359802.png,glove_single_surgery,1671036359802,1671036359802,0,ONE,,8921.5625,139.25,102.25,1.3619,0.0,0.0,0.0,0.0,0.0,0.0,test,images\glove_single_surgery\1671036359802.jpeg
images\1671114949068.jpg,,masks\1671114949068.png,shoe_cover_pair,1671114949068,1671114949068,0,ONE,,9593.625,139.25,97.75,1.4246,0.0,0.0,0.0,0.0,0.0,0.0,test,images\shoe_cover_pair\1671114949068.jpeg
images\1671115060428.jpg,,masks\1671115060428.png,shoe_cover_pair,1671115060428,1671115060428,0,ONE,,13404.1875,139.25,129.5,1.0753,0.0,0.0,0.0,0.0,0.0,0.0,test,images\shoe_cover_pair\1671115060428.jpeg
images\1671097645014.jpg,,masks\1671097645014.png,glove_pair_nitrile,1671097645014,1671097645014,0,ONE,,12767.8125,149.75,117.25,1.2772,0.0,0.0,0.0,0.0,0.0,0.0,test,images\glove_pair_nitrile\1671097645014.jpeg
images\1671102947338.jpg,,masks\1671102947338.png,test_tube,1671102947338,1671102947338,0,ONE,,901.9375,52.25,22.0,2.375,0.0,0.0,0.0,0.0,0.0,0.0,test,images\test_tube\1671102947338.jpeg
images\1671187589603.jpg,,masks\1671187589603.png,gauze,1671187589603,1671187589603,0,ONE,,5731.1875,124.25,98.5,1.2614,0.0,0.0,0.0,0.0,0.0,0.0,test,images\gauze\1671187589603.jpeg
images\1671187870928.jpg,,masks\1671187870928.png,gauze,1671187870928,1671187870928,0,ONE,,3551.9375,111.25,60.5,1.8388,0.0,0.0,0.0,0.0,0.0,0.0,test,images\gauze\1671187870928.jpeg
images\1671187718508.jpg,,masks\1671187718508.png,gauze,1671187718508,1671187718508,0,ONE,,5338.0625,127.75,90.75,1.4077,0.0,0.0,0.0,0.0,0.0,0.0,test,images\gauze\1671187718508.jpeg
images\1671115850631.jpg,,masks\1671115850631.png,medical_glasses,1671115850631,1671115850631,0,ONE,,1625.5625,73.1291,42.1155,1.7364,0.0,0.0,0.0,0.0,0.0,0.0,test,images\medical_glasses\1671115850631.jpeg
images\1671099730529.jpg,,masks\1671099730529.png,glove_pair_latex,1671099730529,1671099730529,0,ONE,,2595.5625,97.0531,57.3793,1.6914,0.0,0.0,0.0,0.0,0.0,0.0,test,images\glove_pair_latex\1671099730529.jpeg
images\1671097015098.jpg,,masks\1671097015098.png,glove_single_nitrile,1671097015098,1671097015098,0,ONE,,7719.5625,139.5,84.0,1.6607,0.0,0.0,0.0,0.0,0.0,0.0,test,images\glove_single_nitrile\1671097015098.jpeg
images\1671114650337.jpg,,masks\1671114650337.png,shoe_cover_single,1671114650337,1671114650337,0,ONE,,12930.875,154.7766,113.7583,1.3606,0.0,0.0,0.0,0.0,0.0,0.0,test,images\shoe_cover_single\1671114650337.jpeg
images\1671097801431.jpg,,masks\1671097801431.png,glove_pair_nitrile,1671097801431,1671097801431,0,ONE,,13407.125,149.75,111.5,1.343,0.0,0.0,0.0,0.0,0.0,0.0,test,images\glove_pair_nitrile\1671097801431.jpeg
images\1671114416974.jpg,,masks\1671114416974.png,shoe_cover_single,1671114416974,1671114416974,0,ONE,,9733.9375,121.8348,111.0228,1.0974,0.0,0.0,0.0,0.0,0.0,0.0,test,images\shoe_cover_single\1671114416974.jpeg
images\1671099343749.jpg,,masks\1671099343749.png,glove_pair_latex,1671099343749,1671099343749,0,ONE,,1183.0,63.9072,42.6488,1.4985,0.0,0.0,0.0,0.0,0.0,0.0,test,images\glove_pair_latex\1671099343749.jpeg
images\1671036383615.jpg,,masks\1671036383615.png,glove_single_surgery,1671036383615,1671036383615,0,ONE,,9487.625,129.0,121.25,1.0639,0.0,0.0,0.0,0.0,0.0,0.0,test,images\glove_single_surgery\1671036383615.jpeg
images\1671104187558.jpg,,masks\1671104187558.png,medical_cap,1671104187558,1671104187558,0,ONE,,9607.25,130.5,101.0,1.2921,0.0,0.0,0.0,0.0,0.0,0.0,test,images\medical_cap\1671104187558.jpeg
images\1671097623702.jpg,,masks\1671097623702.png,glove_pair_nitrile,1671097623702,1671097623702,0,ONE,,11670.625,141.6789,124.1493,1.1412,0.0,0.0,0.0,0.0,0.0,0.0,test,images\glove_pair_nitrile\1671097623702.jpeg
images\1671104074061.jpg,,masks\1671104074061.png,medical_cap,1671104074061,1671104074061,0,ONE,,12672.8125,140.1553,128.5466,1.0903,0.0,0.0,0.0,0.0,0.0,0.0,test,images\medical_cap\1671104074061.jpeg
images\1671099695645.jpg,,masks\1671099695645.png,glove_pair_latex,1671099695645,1671099695645,0,ONE,,1724.875,79.5,63.0,1.2619,0.0,0.0,0.0,0.0,0.0,0.0,test,images\glove_pair_latex\1671099695645.jpeg
images\1671187913115.jpg,,masks\1671187913115.png,gauze,1671187913115,1671187913115,0,ONE,,1477.5625,110.25,46.0,2.3967,0.0,0.0,0.0,0.0,0.0,0.0,test,images\gauze\1671187913115.jpeg
images\1671187843045.jpg,,masks\1671187843045.png,gauze,1671187843045,1671187843045,0,ONE,,3719.9375,141.25,61.25,2.3061,0.0,0.0,0.0,0.0,0.0,0.0,test,images\gauze\1671187843045.jpeg
images\1671187726113.jpg,,masks\1671187726113.png,gauze,1671187726113,1671187726113,0,ONE,,3710.625,103.0,61.25,1.6816,0.0,0.0,0.0,0.0,0.0,0.0,test,images\gauze\1671187726113.jpeg
images\1671114999095.jpg,,masks\1671114999095.png,shoe_cover_pair,1671114999095,1671114999095,0,ONE,,7433.9375,120.7385,88.8304,1.3592,0.0,0.0,0.0,0.0,0.0,0.0,test,images\shoe_cover_pair\1671114999095.jpeg
images\1671097207971.jpg,,masks\1671097207971.png,glove_single_nitrile,1671097207971,1671097207971,0,ONE,,10965.375,143.734,126.5706,1.1356,0.0,0.0,0.0,0.0,0.0,0.0,test,images\glove_single_nitrile\1671097207971.jpeg
images\1671036496378.jpg,,masks\1671036496378.png,glove_single_surgery,1671036496378,1671036496378,0,ONE,,7060.4375,120.6568,97.1499,1.242,0.0,0.0,0.0,0.0,0.0,0.0,test,images\glove_single_surgery\1671036496378.jpeg
images\1671115156650.jpg,,masks\1671115156650.png,shoe_cover_pair,1671115156650,1671115156650,0,ONE,,13062.5,139.25,134.25,1.0372,0.0,0.0,0.0,0.0,0.0,0.0,test,images\shoe_cover_pair\1671115156650.jpeg
images\1671099139038.jpg,,masks\1671099139038.png,glove_single_latex,1671099139038,1671099139038,0,ONE,,786.25,55.25,27.0,2.0463,0.0,0.0,0.0,0.0,0.0,0.0,test,images\glove_single_latex\1671099139038.jpeg
images\1671114933927.jpg,,masks\1671114933927.png,shoe_cover_pair,1671114933927,1671114933927,0,ONE,,10259.0625,120.9296,110.7663,1.0918,0.0,0.0,0.0,0.0,0.0,0.0,test,images\shoe_cover_pair\1671114933927.jpeg
images\1671113499736.jpg,,masks\1671113499736.png,shoe_cover_single,1671113499736,1671113499736,0,ONE,,9094.75,116.794,107.1094,1.0904,0.0,0.0,0.0,0.0,0.0,0.0,test,images\shoe_cover_single\1671113499736.jpeg
images\1671115655857.jpg,,masks\1671115655857.png,medical_glasses,1671115655857,1671115655857,0,ONE,,823.5,42.1042,28.1716,1.4946,0.0,0.0,0.0,0.0,0.0,0.0,test,images\medical_glasses\1671115655857.jpeg
images\1671102970952.jpg,,masks\1671102970952.png,test_tube,1671102970952,1671102970952,0,ONE,,663.875,65.1619,48.2795,1.3497,0.0,0.0,0.0,0.0,0.0,0.0,test,images\test_tube\1671102970952.jpeg
images\1671102980257.jpg,,masks\1671102980257.png,test_tube,1671102980257,1671102980257,0,ONE,,643.5625,48.25,19.5,2.4744,0.0,0.0,0.0,0.0,0.0,0.0,test,images\test_tube\1671102980257.jpeg
images\1671037488171.jpg,,masks\1671037488171.png,glove_pair_surgery,1671037488171,1671037488171,0,ONE,,10712.9375,139.5,114.75,1.2157,0.0,0.0,0.0,0.0,0.0,0.0,test,images\glove_pair_surgery\1671037488171.jpeg
images\1671115659128.jpg,,masks\1671115659128.png,medical_glasses,1671115659128,1671115659128,0,ONE,,1360.1875,65.8027,31.7097,2.0752,0.0,0.0,0.0,0.0,0.0,0.0,test,images\medical_glasses\1671115659128.jpeg
images\1671187890871.jpg,,masks\1671187890871.png,gauze,1671187890871,1671187890871,0,ONE,,3751.5,114.0,55.5,2.0541,0.0,0.0,0.0,0.0,0.0,0.0,test,images\gauze\1671187890871.jpeg
images\1671097635873.jpg,,masks\1671097635873.png,glove_pair_nitrile,1671097635873,1671097635873,0,ONE,,16751.8125,149.75,128.75,1.1631,0.0,0.0,0.0,0.0,0.0,0.0,test,images\glove_pair_nitrile\1671097635873.jpeg
images\1671187573996.jpg,,masks\1671187573996.png,gauze,1671187573996,1671187573996,0,ONE,,610.4375,45.0,19.25,2.3377,0.0,0.0,0.0,0.0,0.0,0.0,test,images\gauze\1671187573996.jpeg
images\1671097589348.jpg,,masks\1671097589348.png,glove_pair_nitrile,1671097589348,1671097589348,0,ONE,,11086.5625,149.75,90.25,1.6593,0.0,0.0,0.0,0.0,0.0,0.0,test,images\glove_pair_nitrile\1671097589348.jpeg
images\1671097037278.jpg,,masks\1671097037278.png,glove_single_nitrile,1671097037278,1671097037278,0,ONE,,18663.5625,149.75,129.5,1.1564,0.0,0.0,0.0,0.0,0.0,0.0,test,images\glove_single_nitrile\1671097037278.jpeg
images\1671037108624.jpg,,masks\1671037108624.png,glove_single_surgery,1671037108624,1671037108624,0,ONE,,9251.75,139.25,123.75,1.1253,0.0,0.0,0.0,0.0,0.0,0.0,test,images\glove_single_surgery\1671037108624.jpeg
images\1671037892031.jpg,,masks\1671037892031.png,glove_pair_surgery,1671037892031,1671037892031,0,ONE,,7738.0,130.25,88.0,1.4801,0.0,0.0,0.0,0.0,0.0,0.0,test,images\glove_pair_surgery\1671037892031.jpeg
images\1671114239543.jpg,,masks\1671114239543.png,shoe_cover_single,1671114239543,1671114239543,0,ONE,,5638.5,128.8386,70.7058,1.8222,0.0,0.0,0.0,0.0,0.0,0.0,test,images\shoe_cover_single\1671114239543.jpeg
images\1671114666878.jpg,,masks\1671114666878.png,shoe_cover_single,1671114666878,1671114666878,0,ONE,,10661.1875,136.9054,108.482,1.262,0.0,0.0,0.0,0.0,0.0,0.0,test,images\shoe_cover_single\1671114666878.jpeg
images\1671097425825.jpg,,masks\1671097425825.png,glove_single_nitrile,1671097425825,1671097425825,0,ONE,,11047.8125,149.75,116.75,1.2827,0.0,0.0,0.0,0.0,0.0,0.0,test,images\glove_single_nitrile\1671097425825.jpeg
images\1671187687757.jpg,,masks\1671187687757.png,gauze,1671187687757,1671187687757,0,ONE,,698.25,48.25,23.0,2.0978,0.0,0.0,0.0,0.0,0.0,0.0,test,images\gauze\1671187687757.jpeg
images\1671102880436.jpg,,masks\1671102880436.png,test_tube,1671102880436,1671102880436,0,ONE,,716.0625,50.5,20.0,2.525,0.0,0.0,0.0,0.0,0.0,0.0,test,images\test_tube\1671102880436.jpeg
images\1671103117499.jpg,,masks\1671103117499.png,test_tube,1671103117499,1671103117499,0,ONE,,721.375,48.25,21.0,2.2976,0.0,0.0,0.0,0.0,0.0,0.0,test,images\test_tube\1671103117499.jpeg
images\1671115578082.jpg,,masks\1671115578082.png,medical_glasses,1671115578082,1671115578082,0,ONE,,760.75,47.75,19.75,2.4177,0.0,0.0,0.0,0.0,0.0,0.0,test,images\medical_glasses\1671115578082.jpeg
images\1671104046581.jpg,,masks\1671104046581.png,medical_cap,1671104046581,1671104046581,0,ONE,,9400.5625,135.9173,109.7273,1.2387,0.0,0.0,0.0,0.0,0.0,0.0,test,images\medical_cap\1671104046581.jpeg
images\1671115585253.jpg,,masks\1671115585253.png,medical_glasses,1671115585253,1671115585253,0,ONE,,1825.5,92.75,38.0,2.4408,0.0,0.0,0.0,0.0,0.0,0.0,test,images\medical_glasses\1671115585253.jpeg
images\1671099340916.jpg,,masks\1671099340916.png,glove_pair_latex,1671099340916,1671099340916,0,ONE,,1548.3125,61.25,49.25,1.2437,0.0,0.0,0.0,0.0,0.0,0.0,test,images\glove_pair_latex\1671099340916.jpeg
images\1671115058061.jpg,,masks\1671115058061.png,shoe_cover_pair,1671115058061,1671115058061,0,ONE,,13239.0,149.75,119.75,1.2505,0.0,0.0,0.0,0.0,0.0,0.0,test,images\shoe_cover_pair\1671115058061.jpeg
images\1671187872827.jpg,,masks\1671187872827.png,gauze,1671187872827,1671187872827,0,ONE,,3776.9375,107.75,79.75,1.3511,0.0,0.0,0.0,0.0,0.0,0.0,test,images\gauze\1671187872827.jpeg
images\1671099100615.jpg,,masks\1671099100615.png,glove_single_latex,1671099100615,1671099100615,0,ONE,,811.6875,65.2895,60.9137,1.0718,0.0,0.0,0.0,0.0,0.0,0.0,test,images\glove_single_latex\1671099100615.jpeg
images\1671187902078.jpg,,masks\1671187902078.png,gauze,1671187902078,1671187902078,0,ONE,,4249.875,121.75,69.25,1.7581,0.0,0.0,0.0,0.0,0.0,0.0,test,images\gauze\1671187902078.jpeg
images\1671099355089.jpg,,masks\1671099355089.png,glove_pair_latex,1671099355089,1671099355089,0,ONE,,2580.8125,71.25,60.5,1.1777,0.0,0.0,0.0,0.0,0.0,0.0,test,images\glove_pair_latex\1671099355089.jpeg
images\1671097459843.jpg,,masks\1671097459843.png,glove_single_nitrile,1671097459843,1671097459843,0,ONE,,8271.5,139.75,90.0,1.5528,0.0,0.0,0.0,0.0,0.0,0.0,test,images\glove_single_nitrile\1671097459843.jpeg
images\1671104214039.jpg,,masks\1671104214039.png,medical_cap,1671104214039,1671104214039,0,ONE,,8941.3125,126.984,89.522,1.4185,0.0,0.0,0.0,0.0,0.0,0.0,test,images\medical_cap\1671104214039.jpeg
images\1671103108027.jpg,,masks\1671103108027.png,test_tube,1671103108027,1671103108027,0,ONE,,683.8125,53.0611,23.4728,2.2605,0.0,0.0,0.0,0.0,0.0,0.0,test,images\test_tube\1671103108027.jpeg
images\1671114402834.jpg,,masks\1671114402834.png,shoe_cover_single,1671114402834,1671114402834,0,ONE,,9011.125,142.7034,84.784,1.6831,0.0,0.0,0.0,0.0,0.0,0.0,test,images\shoe_cover_single\1671114402834.jpeg
images\1671098570458.jpg,,masks\1671098570458.png,glove_single_latex,1671098570458,1671098570458,0,ONE,,719.9375,48.7644,19.9355,2.4461,0.0,0.0,0.0,0.0,0.0,0.0,test,images\glove_single_latex\1671098570458.jpeg
images\1671100155065.jpg,,masks\1671100155065.png,urine_bag,1671100155065,1671100155065,0,ONE,,8269.9375,140.0,114.25,1.2254,0.0,0.0,0.0,0.0,0.0,0.0,test,images\urine_bag\1671100155065.jpeg
images\1671115262441.jpg,,masks\1671115262441.png,shoe_cover_pair,1671115262441,1671115262441,0,ONE,,12511.25,149.75,123.5,1.2126,0.0,0.0,0.0,0.0,0.0,0.0,test,images\shoe_cover_pair\1671115262441.jpeg
images\1671098560917.jpg,,masks\1671098560917.png,glove_single_latex,1671098560917,1671098560917,0,ONE,,1968.0,82.5,51.5,1.6019,0.0,0.0,0.0,0.0,0.0,0.0,test,images\glove_single_latex\1671098560917.jpeg
images\1671037510249.jpg,,masks\1671037510249.png,glove_pair_surgery,1671037510249,1671037510249,0,ONE,,15012.875,149.75,130.25,1.1497,0.0,0.0,0.0,0.0,0.0,0.0,test,images\glove_pair_surgery\1671037510249.jpeg
images\1671099373768.jpg,,masks\1671099373768.png,glove_pair_latex,1671099373768,1671099373768,0,ONE,,1956.6875,97.8147,64.8233,1.5089,0.0,0.0,0.0,0.0,0.0,0.0,test,images\glove_pair_latex\1671099373768.jpeg
images\1671103120768.jpg,,masks\1671103120768.png,test_tube,1671103120768,1671103120768,0,ONE,,956.9375,65.25,27.75,2.3514,0.0,0.0,0.0,0.0,0.0,0.0,test,images\test_tube\1671103120768.jpeg
images\1671100172773.jpg,,masks\1671100172773.png,urine_bag,1671100172773,1671100172773,0,ONE,,6057.6875,129.3433,108.7062,1.1898,0.0,0.0,0.0,0.0,0.0,0.0,test,images\urine_bag\1671100172773.jpeg
images\1671187888935.jpg,,masks\1671187888935.png,gauze,1671187888935,1671187888935,0,ONE,,3522.5625,117.5,76.25,1.541,0.0,0.0,0.0,0.0,0.0,0.0,test,images\gauze\1671187888935.jpeg
images\1671098954302.jpg,,masks\1671098954302.png,glove_single_latex,1671098954302,1671098954302,0,ONE,,747.5,50.0,21.75,2.2989,0.0,0.0,0.0,0.0,0.0,0.0,test,images\glove_single_latex\1671098954302.jpeg
images\1671037403457.jpg,,masks\1671037403457.png,glove_pair_surgery,1671037403457,1671037403457,0,ONE,,9393.4375,149.75,94.0,1.5931,0.0,0.0,0.0,0.0,0.0,0.0,test,images\glove_pair_surgery\1671037403457.jpeg
images\1671100276597.jpg,,masks\1671100276597.png,urine_bag,1671100276597,1671100276597,0,ONE,,9809.25,149.75,106.25,1.4094,0.0,0.0,0.0,0.0,0.0,0.0,test,images\urine_bag\1671100276597.jpeg
images\1671098850311.jpg,,masks\1671098850311.png,glove_single_latex,1671098850311,1671098850311,0,ONE,,714.1875,54.5094,32.1055,1.6978,0.0,0.0,0.0,0.0,0.0,0.0,test,images\glove_single_latex\1671098850311.jpeg
images\1671115192702.jpg,,masks\1671115192702.png,shoe_cover_pair,1671115192702,1671115192702,0,ONE,,9070.5,142.0,113.0,1.2566,0.0,0.0,0.0,0.0,0.0,0.0,test,images\shoe_cover_pair\1671115192702.jpeg
images\1671187644534.jpg,,masks\1671187644534.png,gauze,1671187644534,1671187644534,0,ONE,,4930.875,126.75,78.25,1.6198,0.0,0.0,0.0,0.0,0.0,0.0,test,images\gauze\1671187644534.jpeg
images\1671099387773.jpg,,masks\1671099387773.png,glove_pair_latex,1671099387773,1671099387773,0,ONE,,1179.4375,50.0,45.5,1.0989,0.0,0.0,0.0,0.0,0.0,0.0,test,images\glove_pair_latex\1671099387773.jpeg
images\1671102965950.jpg,,masks\1671102965950.png,test_tube,1671102965950,1671102965950,0,ONE,,586.4375,44.0422,19.1893,2.2951,0.0,0.0,0.0,0.0,0.0,0.0,test,images\test_tube\1671102965950.jpeg
images\1671104234483.jpg,,masks\1671104234483.png,medical_cap,1671104234483,1671104234483,0,ONE,,12029.625,159.5405,106.8019,1.4938,0.0,0.0,0.0,0.0,0.0,0.0,test,images\medical_cap\1671104234483.jpeg
images\1671097656085.jpg,,masks\1671097656085.png,glove_pair_nitrile,1671097656085,1671097656085,0,ONE,,8007.1875,140.8915,83.3307,1.6908,0.0,0.0,0.0,0.0,0.0,0.0,test,images\glove_pair_nitrile\1671097656085.jpeg
images\1671187905812.jpg,,masks\1671187905812.png,gauze,1671187905812,1671187905812,0,ONE,,3834.9375,120.0,69.75,1.7204,0.0,0.0,0.0,0.0,0.0,0.0,test,images\gauze\1671187905812.jpeg
images\1671114978684.jpg,,masks\1671114978684.png,shoe_cover_pair,1671114978684,1671114978684,0,ONE,,10285.875,139.5,112.5,1.24,0.0,0.0,0.0,0.0,0.0,0.0,test,images\shoe_cover_pair\1671114978684.jpeg
images\1671097723089.jpg,,masks\1671097723089.png,glove_pair_nitrile,1671097723089,1671097723089,0,ONE,,15498.5625,149.75,121.5,1.2325,0.0,0.0,0.0,0.0,0.0,0.0,test,images\glove_pair_nitrile\1671097723089.jpeg
images\1671187616084.jpg,,masks\1671187616084.png,gauze,1671187616084,1671187616084,0,ONE,,8444.125,135.25,93.0,1.4543,0.0,0.0,0.0,0.0,0.0,0.0,test,images\gauze\1671187616084.jpeg
images\1671115796802.jpg,,masks\1671115796802.png,medical_glasses,1671115796802,1671115796802,0,ONE,,1524.75,81.6511,37.614,2.1708,0.0,0.0,0.0,0.0,0.0,0.0,test,images\medical_glasses\1671115796802.jpeg
images\1671037590962.jpg,,masks\1671037590962.png,glove_pair_surgery,1671037590962,1671037590962,0,ONE,,10489.5,139.25,115.0,1.2109,0.0,0.0,0.0,0.0,0.0,0.0,test,images\glove_pair_surgery\1671037590962.jpeg
images\1671187692160.jpg,,masks\1671187692160.png,gauze,1671187692160,1671187692160,0,ONE,,4231.5625,116.75,72.75,1.6048,0.0,0.0,0.0,0.0,0.0,0.0,test,images\gauze\1671187692160.jpeg
images\1671099367963.jpg,,masks\1671099367963.png,glove_pair_latex,1671099367963,1671099367963,0,ONE,,1686.8125,69.0855,45.851,1.5067,0.0,0.0,0.0,0.0,0.0,0.0,test,images\glove_pair_latex\1671099367963.jpeg
images\1671098534271.jpg,,masks\1671098534271.png,glove_single_latex,1671098534271,1671098534271,0,ONE,,2313.875,84.75,62.75,1.3506,0.0,0.0,0.0,0.0,0.0,0.0,test,images\glove_single_latex\1671098534271.jpeg
images\1671100914682.jpg,,masks\1671100914682.png,urine_bag,1671100914682,1671100914682,0,ONE,,3919.5625,102.6551,90.5206,1.1341,0.0,0.0,0.0,0.0,0.0,0.0,test,images\urine_bag\1671100914682.jpeg
images\1671102924026.jpg,,masks\1671102924026.png,test_tube,1671102924026,1671102924026,0,ONE,,732.9375,51.75,20.25,2.5556,0.0,0.0,0.0,0.0,0.0,0.0,test,images\test_tube\1671102924026.jpeg
images\1671097653483.jpg,,masks\1671097653483.png,glove_pair_nitrile,1671097653483,1671097653483,0,ONE,,11680.25,139.2154,115.6116,1.2042,0.0,0.0,0.0,0.0,0.0,0.0,test,images\glove_pair_nitrile\1671097653483.jpeg
images\1671102895276.jpg,,masks\1671102895276.png,test_tube,1671102895276,1671102895276,0,ONE,,698.875,48.75,19.25,2.5325,0.0,0.0,0.0,0.0,0.0,0.0,test,images\test_tube\1671102895276.jpeg
images\1671187618153.jpg,,masks\1671187618153.png,gauze,1671187618153,1671187618153,0,ONE,,5276.125,125.75,102.0,1.2328,0.0,0.0,0.0,0.0,0.0,0.0,test,images\gauze\1671187618153.jpeg
images\1671104186056.jpg,,masks\1671104186056.png,medical_cap,1671104186056,1671104186056,0,ONE,,12729.9375,139.25,139.25,1.0,0.0,0.0,0.0,0.0,0.0,0.0,test,images\medical_cap\1671104186056.jpeg
images\1671187841042.jpg,,masks\1671187841042.png,gauze,1671187841042,1671187841042,0,ONE,,3932.625,115.25,93.0,1.2392,0.0,0.0,0.0,0.0,0.0,0.0,test,images\gauze\1671187841042.jpeg
images\1671187827568.jpg,,masks\1671187827568.png,gauze,1671187827568,1671187827568,0,ONE,,2915.8125,110.75,45.75,2.4208,0.0,0.0,0.0,0.0,0.0,0.0,test,images\gauze\1671187827568.jpeg
images\1671096980813.jpg,,masks\1671096980813.png,glove_single_nitrile,1671096980813,1671096980813,0,ONE,,12590.3125,149.75,126.0,1.1885,0.0,0.0,0.0,0.0,0.0,0.0,test,images\glove_single_nitrile\1671096980813.jpeg
images\1671187881598.jpg,,masks\1671187881598.png,gauze,1671187881598,1671187881598,0,ONE,,4031.5625,122.0,82.75,1.4743,0.0,0.0,0.0,0.0,0.0,0.0,test,images\gauze\1671187881598.jpeg
images\1671037683314.jpg,,masks\1671037683314.png,glove_pair_surgery,1671037683314,1671037683314,0,ONE,,9389.125,128.75,112.0,1.1496,0.0,0.0,0.0,0.0,0.0,0.0,test,images\glove_pair_surgery\1671037683314.jpeg
images\1671099668162.jpg,,masks\1671099668162.png,glove_pair_latex,1671099668162,1671099668162,0,ONE,,3207.875,91.25,89.5,1.0196,0.0,0.0,0.0,0.0,0.0,0.0,test,images\glove_pair_latex\1671099668162.jpeg
images\1671098938026.jpg,,masks\1671098938026.png,glove_single_latex,1671098938026,1671098938026,0,ONE,,2524.0,87.75,58.25,1.5064,0.0,0.0,0.0,0.0,0.0,0.0,test,images\glove_single_latex\1671098938026.jpeg
images\1671037094815.jpg,,masks\1671037094815.png,glove_single_surgery,1671037094815,1671037094815,0,ONE,,6226.75,138.1525,62.1116,2.2243,0.0,0.0,0.0,0.0,0.0,0.0,test,images\glove_single_surgery\1671037094815.jpeg
images\1671037535864.jpg,,masks\1671037535864.png,glove_pair_surgery,1671037535864,1671037535864,0,ONE,,9094.75,139.25,99.25,1.403,0.0,0.0,0.0,0.0,0.0,0.0,test,images\glove_pair_surgery\1671037535864.jpeg
images\1671098131283.jpg,,masks\1671098131283.png,glove_pair_nitrile,1671098131283,1671098131283,0,ONE,,10931.1875,139.3761,118.5016,1.1762,0.0,0.0,0.0,0.0,0.0,0.0,test,images\glove_pair_nitrile\1671098131283.jpeg
images\1671115552468.jpg,,masks\1671115552468.png,medical_glasses,1671115552468,1671115552468,0,ONE,,1595.875,81.5349,68.8158,1.1848,0.0,0.0,0.0,0.0,0.0,0.0,test,images\medical_glasses\1671115552468.jpeg
images\1671102877834.jpg,,masks\1671102877834.png,test_tube,1671102877834,1671102877834,0,ONE,,704.1875,49.5,21.0,2.3571,0.0,0.0,0.0,0.0,0.0,0.0,test,images\test_tube\1671102877834.jpeg
images\1671115881550.jpg,,masks\1671115881550.png,medical_glasses,1671115881550,1671115881550,0,ONE,,1938.8125,82.4421,72.494,1.1372,0.0,0.0,0.0,0.0,0.0,0.0,test,images\medical_glasses\1671115881550.jpeg
images\1671187581432.jpg,,masks\1671187581432.png,gauze,1671187581432,1671187581432,0,ONE,,3735.9375,120.25,52.5,2.2905,0.0,0.0,0.0,0.0,0.0,0.0,test,images\gauze\1671187581432.jpeg
images\1671099692174.jpg,,masks\1671099692174.png,glove_pair_latex,1671099692174,1671099692174,0,ONE,,1518.8125,77.4745,55.9389,1.385,0.0,0.0,0.0,0.0,0.0,0.0,test,images\glove_pair_latex\1671099692174.jpeg
images\1671115148311.jpg,,masks\1671115148311.png,shoe_cover_pair,1671115148311,1671115148311,0,ONE,,10990.875,129.0,124.5,1.0361,0.0,0.0,0.0,0.0,0.0,0.0,test,images\shoe_cover_pair\1671115148311.jpeg
images\1671037676343.jpg,,masks\1671037676343.png,glove_pair_surgery,1671037676343,1671037676343,0,ONE,,9892.4375,129.5,115.75,1.1188,0.0,0.0,0.0,0.0,0.0,0.0,test,images\glove_pair_surgery\1671037676343.jpeg
images\1671102965116.jpg,,masks\1671102965116.png,test_tube,1671102965116,1671102965116,0,ONE,,860.0,59.3606,26.9215,2.205,0.0,0.0,0.0,0.0,0.0,0.0,test,images\test_tube\1671102965116.jpeg
images\1671097276909.jpg,,masks\1671097276909.png,glove_single_nitrile,1671097276909,1671097276909,0,ONE,,9395.5625,139.5,102.5,1.361,0.0,0.0,0.0,0.0,0.0,0.0,test,images\glove_single_nitrile\1671097276909.jpeg
images\1671114995361.jpg,,masks\1671114995361.png,shoe_cover_pair,1671114995361,1671114995361,0,ONE,,12709.9375,160.741,117.2067,1.3714,0.0,0.0,0.0,0.0,0.0,0.0,test,images\shoe_cover_pair\1671114995361.jpeg
images\1671104216875.jpg,,masks\1671104216875.png,medical_cap,1671104216875,1671104216875,0,ONE,,8309.75,129.9208,87.1347,1.491,0.0,0.0,0.0,0.0,0.0,0.0,test,images\medical_cap\1671104216875.jpeg
images\1671037069600.jpg,,masks\1671037069600.png,glove_single_surgery,1671037069600,1671037069600,0,ONE,,4607.0625,126.908,72.3754,1.7535,0.0,0.0,0.0,0.0,0.0,0.0,test,images\glove_single_surgery\1671037069600.jpeg
images\1671099352187.jpg,,masks\1671099352187.png,glove_pair_latex,1671099352187,1671099352187,0,ONE,,3139.125,81.781,67.8476,1.2054,0.0,0.0,0.0,0.0,0.0,0.0,test,images\glove_pair_latex\1671099352187.jpeg
images\1671115754211.jpg,,masks\1671115754211.png,medical_glasses,1671115754211,1671115754211,0,ONE,,1134.6875,55.5,53.0,1.0472,0.0,0.0,0.0,0.0,0.0,0.0,test,images\medical_glasses\1671115754211.jpeg
images\1671100521533.jpg,,masks\1671100521533.png,urine_bag,1671100521533,1671100521533,0,ONE,,8521.1875,138.5,98.25,1.4097,0.0,0.0,0.0,0.0,0.0,0.0,test,images\urine_bag\1671100521533.jpeg
images\1671102862392.jpg,,masks\1671102862392.png,test_tube,1671102862392,1671102862392,0,ONE,,690.1875,48.0,19.75,2.4304,0.0,0.0,0.0,0.0,0.0,0.0,test,images\test_tube\1671102862392.jpeg
images\1671038003127.jpg,,masks\1671038003127.png,glove_pair_surgery,1671038003127,1671038003127,0,ONE,,7298.5625,144.3566,79.4569,1.8168,0.0,0.0,0.0,0.0,0.0,0.0,test,images\glove_pair_surgery\1671038003127.jpeg
images\1671102966416.jpg,,masks\1671102966416.png,test_tube,1671102966416,1671102966416,0,ONE,,584.8125,46.7559,19.0847,2.4499,0.0,0.0,0.0,0.0,0.0,0.0,test,images\test_tube\1671102966416.jpeg
images\1671037912143.jpg,,masks\1671037912143.png,glove_pair_surgery,1671037912143,1671037912143,0,ONE,,7846.1875,128.75,90.5,1.4227,0.0,0.0,0.0,0.0,0.0,0.0,test,images\glove_pair_surgery\1671037912143.jpeg
images\1671187900177.jpg,,masks\1671187900177.png,gauze,1671187900177,1671187900177,0,ONE,,3233.1875,113.5,45.75,2.4809,0.0,0.0,0.0,0.0,0.0,0.0,test,images\gauze\1671187900177.jpeg
images\1671100407269.jpg,,masks\1671100407269.png,urine_bag,1671100407269,1671100407269,0,ONE,,3396.5625,100.9207,92.8322,1.0871,0.0,0.0,0.0,0.0,0.0,0.0,test,images\urine_bag\1671100407269.jpeg
images\1671098605142.jpg,,masks\1671098605142.png,glove_single_latex,1671098605142,1671098605142,0,ONE,,875.125,58.0,30.0,1.9333,0.0,0.0,0.0,0.0,0.0,0.0,test,images\glove_single_latex\1671098605142.jpeg
images\1671097608327.jpg,,masks\1671097608327.png,glove_pair_nitrile,1671097608327,1671097608327,0,ONE,,8942.3125,140.1123,95.3672,1.4692,0.0,0.0,0.0,0.0,0.0,0.0,test,images\glove_pair_nitrile\1671097608327.jpeg
images\1671187898407.jpg,,masks\1671187898407.png,gauze,1671187898407,1671187898407,0,ONE,,3564.375,122.5,55.0,2.2273,0.0,0.0,0.0,0.0,0.0,0.0,test,images\gauze\1671187898407.jpeg
images\1671100472506.jpg,,masks\1671100472506.png,urine_bag,1671100472506,1671100472506,0,ONE,,3282.125,106.6293,84.0891,1.2681,0.0,0.0,0.0,0.0,0.0,0.0,test,images\urine_bag\1671100472506.jpeg
images\1671104018564.jpg,,masks\1671104018564.png,medical_cap,1671104018564,1671104018564,0,ONE,,11310.4375,148.0,110.25,1.3424,0.0,0.0,0.0,0.0,0.0,0.0,test,images\medical_cap\1671104018564.jpeg
images\1671097632840.jpg,,masks\1671097632840.png,glove_pair_nitrile,1671097632840,1671097632840,0,ONE,,14421.8125,149.75,127.5,1.1745,0.0,0.0,0.0,0.0,0.0,0.0,test,images\glove_pair_nitrile\1671097632840.jpeg
images\1671036433477.jpg,,masks\1671036433477.png,glove_single_surgery,1671036433477,1671036433477,0,ONE,,6327.125,124.8717,84.5352,1.4772,0.0,0.0,0.0,0.0,0.0,0.0,test,images\glove_single_surgery\1671036433477.jpeg
images\1671099585917.jpg,,masks\1671099585917.png,glove_pair_latex,1671099585917,1671099585917,0,ONE,,1659.75,61.5876,60.53,1.0175,0.0,0.0,0.0,0.0,0.0,0.0,test,images\glove_pair_latex\1671099585917.jpeg
images\1671115597460.jpg,,masks\1671115597460.png,medical_glasses,1671115597460,1671115597460,0,ONE,,981.4375,59.25,25.0,2.37,0.0,0.0,0.0,0.0,0.0,0.0,test,images\medical_glasses\1671115597460.jpeg
images\1671104159042.jpg,,masks\1671104159042.png,medical_cap,1671104159042,1671104159042,0,ONE,,12353.0625,137.3259,132.6194,1.0355,0.0,0.0,0.0,0.0,0.0,0.0,test,images\medical_cap\1671104159042.jpeg
images\1671098857348.jpg,,masks\1671098857348.png,glove_single_latex,1671098857348,1671098857348,0,ONE,,2785.6875,80.0,63.5,1.2598,0.0,0.0,0.0,0.0,0.0,0.0,test,images\glove_single_latex\1671098857348.jpeg
images\1671104009561.jpg,,masks\1671104009561.png,medical_cap,1671104009561,1671104009561,0,ONE,,10821.125,129.7032,120.4456,1.0769,0.0,0.0,0.0,0.0,0.0,0.0,test,images\medical_cap\1671104009561.jpeg
images\1671187896541.jpg,,masks\1671187896541.png,gauze,1671187896541,1671187896541,0,ONE,,2842.125,116.25,41.75,2.7844,0.0,0.0,0.0,0.0,0.0,0.0,test,images\gauze\1671187896541.jpeg
images\1671187698933.jpg,,masks\1671187698933.png,gauze,1671187698933,1671187698933,0,ONE,,2743.9375,115.75,64.5,1.7946,0.0,0.0,0.0,0.0,0.0,0.0,test,images\gauze\1671187698933.jpeg
images\1671098230568.jpg,,masks\1671098230568.png,glove_pair_nitrile,1671098230568,1671098230568,0,ONE,,14787.8125,149.75,130.75,1.1453,0.0,0.0,0.0,0.0,0.0,0.0,test,images\glove_pair_nitrile\1671098230568.jpeg
images\1671115225487.jpg,,masks\1671115225487.png,shoe_cover_pair,1671115225487,1671115225487,0,ONE,,12133.125,149.75,124.0,1.2077,0.0,0.0,0.0,0.0,0.0,0.0,test,images\shoe_cover_pair\1671115225487.jpeg
images\1671036731345.jpg,,masks\1671036731345.png,glove_single_surgery,1671036731345,1671036731345,0,ONE,,4534.8125,131.3897,50.0849,2.6233,0.0,0.0,0.0,0.0,0.0,0.0,test,images\glove_single_surgery\1671036731345.jpeg
images\1671115707787.jpg,,masks\1671115707787.png,medical_glasses,1671115707787,1671115707787,0,ONE,,1220.25,62.25,25.5,2.4412,0.0,0.0,0.0,0.0,0.0,0.0,test,images\medical_glasses\1671115707787.jpeg
images\1671114490482.jpg,,masks\1671114490482.png,shoe_cover_single,1671114490482,1671114490482,0,ONE,,9898.25,140.546,107.1752,1.3114,0.0,0.0,0.0,0.0,0.0,0.0,test,images\shoe_cover_single\1671114490482.jpeg
images\1671098986653.jpg,,masks\1671098986653.png,glove_single_latex,1671098986653,1671098986653,0,ONE,,1110.4375,62.6408,47.0962,1.3301,0.0,0.0,0.0,0.0,0.0,0.0,test,images\glove_single_latex\1671098986653.jpeg
images\1671098671213.jpg,,masks\1671098671213.png,glove_single_latex,1671098671213,1671098671213,0,ONE,,1940.0625,84.5683,60.0025,1.4094,0.0,0.0,0.0,0.0,0.0,0.0,test,images\glove_single_latex\1671098671213.jpeg
images\1671037931687.jpg,,masks\1671037931687.png,glove_pair_surgery,1671037931687,1671037931687,0,ONE,,5172.875,131.9856,65.0131,2.0301,0.0,0.0,0.0,0.0,0.0,0.0,test,images\glove_pair_surgery\1671037931687.jpeg
images\1671036942997.jpg,,masks\1671036942997.png,glove_single_surgery,1671036942997,1671036942997,0,ONE,,9756.125,145.25,107.25,1.3543,0.0,0.0,0.0,0.0,0.0,0.0,test,images\glove_single_surgery\1671036942997.jpeg
images\1671036956005.jpg,,masks\1671036956005.png,glove_single_surgery,1671036956005,1671036956005,0,ONE,,4847.0,146.6243,62.2795,2.3543,0.0,0.0,0.0,0.0,0.0,0.0,test,images\glove_single_surgery\1671036956005.jpeg
images\1671104017029.jpg,,masks\1671104017029.png,medical_cap,1671104017029,1671104017029,0,ONE,,11601.5,138.75,126.0,1.1012,0.0,0.0,0.0,0.0,0.0,0.0,test,images\medical_cap\1671104017029.jpeg
images\1671115606563.jpg,,masks\1671115606563.png,medical_glasses,1671115606563,1671115606563,0,ONE,,6674.3125,149.75,122.25,1.2249,0.0,0.0,0.0,0.0,0.0,0.0,test,images\medical_glasses\1671115606563.jpeg
images\1671037832432.jpg,,masks\1671037832432.png,glove_pair_surgery,1671037832432,1671037832432,0,ONE,,10497.8125,129.25,113.75,1.1363,0.0,0.0,0.0,0.0,0.0,0.0,test,images\glove_pair_surgery\1671037832432.jpeg
images\1671115100018.jpg,,masks\1671115100018.png,shoe_cover_pair,1671115100018,1671115100018,0,ONE,,10476.0,149.75,134.75,1.1113,0.0,0.0,0.0,0.0,0.0,0.0,test,images\shoe_cover_pair\1671115100018.jpeg
images\1671187855417.jpg,,masks\1671187855417.png,gauze,1671187855417,1671187855417,0,ONE,,2727.625,81.75,64.25,1.2724,0.0,0.0,0.0,0.0,0.0,0.0,test,images\gauze\1671187855417.jpeg
images\1671096990550.jpg,,masks\1671096990550.png,glove_single_nitrile,1671096990550,1671096990550,0,ONE,,11745.75,149.75,122.5,1.2224,0.0,0.0,0.0,0.0,0.0,0.0,test,images\glove_single_nitrile\1671096990550.jpeg
images\1671097431962.jpg,,masks\1671097431962.png,glove_single_nitrile,1671097431962,1671097431962,0,ONE,,12014.5625,137.5328,133.3538,1.0313,0.0,0.0,0.0,0.0,0.0,0.0,test,images\glove_single_nitrile\1671097431962.jpeg
images\1671098893168.jpg,,masks\1671098893168.png,glove_single_latex,1671098893168,1671098893168,0,ONE,,869.1875,36.75,35.0,1.05,0.0,0.0,0.0,0.0,0.0,0.0,test,images\glove_single_latex\1671098893168.jpeg
images\1671099083141.jpg,,masks\1671099083141.png,glove_single_latex,1671099083141,1671099083141,0,ONE,,990.375,63.2151,40.9887,1.5423,0.0,0.0,0.0,0.0,0.0,0.0,test,images\glove_single_latex\1671099083141.jpeg
images\1671099508473.jpg,,masks\1671099508473.png,glove_pair_latex,1671099508473,1671099508473,0,ONE,,3125.875,107.0,67.5,1.5852,0.0,0.0,0.0,0.0,0.0,0.0,test,images\glove_pair_latex\1671099508473.jpeg
images\1671036713400.jpg,,masks\1671036713400.png,glove_single_surgery,1671036713400,1671036713400,0,ONE,,5330.0625,129.8224,72.7549,1.7844,0.0,0.0,0.0,0.0,0.0,0.0,test,images\glove_single_surgery\1671036713400.jpeg
images\1671097053053.jpg,,masks\1671097053053.png,glove_single_nitrile,1671097053053,1671097053053,0,ONE,,10380.4375,149.75,98.25,1.5242,0.0,0.0,0.0,0.0,0.0,0.0,test,images\glove_single_nitrile\1671097053053.jpeg
images\1671187642500.jpg,,masks\1671187642500.png,gauze,1671187642500,1671187642500,0,ONE,,3810.3125,121.5,55.5,2.1892,0.0,0.0,0.0,0.0,0.0,0.0,test,images\gauze\1671187642500.jpeg
